darshan_date,pilgrims,post_id,post_datetime,date_source,darshan_wait_hours,waiting_compartments,title,link
2013-10-04,23546,541,2013-10-04 20:01:03,month_day_year_inferred@body,,and waiting hours details- Sarva Darshan (Free darshan)-18 compartments/10 hours; Divya Da,Sarva Darshan (Free darshan)-18 compartments/10 hours; Divya Darshan (Footpath darshan)-6 compartments/3 hours,https://news.tirumala.org/sarva-darshan-free-darshan-18-compartments10-hours-divya-darshan-footpath-darshan-6-compartments3-hours/
2013-10-05,25146,589,2013-10-05 20:06:58,month_day_year_inferred@body,,and waiting hours details-Sarva Darshan (Free darshan)-22 compartments/10 hours; Divya Dar,Sarva Darshan (Free darshan)-22 compartments/10 hours; Divya Darshan (Footpath darshan)-10 compartments/5 hours,https://news.tirumala.org/arva-darshan-free-darshan-22-compartments10-hours-divya-darshan-footpath-darshan-10-compartments5-hours/
2013-10-06,34204,673,2013-10-06 18:05:30,month_day_year_inferred@body,,and waiting hours details-Sarva Darshan (Free darshan)-12 compartments/6 hours; Divya Dars,Sarva Darshan (Free darshan)-12 compartments/6 hours; Divya Darshan (Footpath darshan)-6 compartments/3 hours;,https://news.tirumala.org/sarva-darshan-free-darshan-12-compartments6-hours-divya-darshan-footpath-darshan-6-compartments3-hours/
2013-10-16,36234,1132,2013-10-16 18:25:48,month_day_year_inferred@body,,and waiting hours details-Sarva Darshan (Free darshan)-31 compartments/16 hours; Divya Dar,"Sarva Darshan (Free darshan)-31 compartments/16 hours; Divya Darshan (Footpath darshan)-13 compartments/5 hours, Rs. 300 Closed.",https://news.tirumala.org/sarva-darshan-free-darshan-31-compartments16-hours-divya-darshan-footpath-darshan-13-compartments5-hours-rs-300-closed-2/
2013-10-17,36756,1134,2013-10-17 22:59:43,month_day_year_inferred@body,,and waiting hours details-Sarva Darshan (Free darshan)-31 compartments/17 hours; Divya Dar,"Sarva Darshan (Free darshan)-31compartments/17 hours; Divya Darshan (Footpath darshan)-13 compartments/6 hours, Rs. 300 closed.",https://news.tirumala.org/sarva-darshan-free-darshan-31compartments17-hours-divya-darshan-footpath-darshan-13-compartments6-hours-rs-300-closed/
2013-10-18,36654,1144,2013-10-18 22:14:35,month_day_year_inferred@title,25,and waiting hours details-Sarva Darshan (Free darshan)-line out /25 hours; Divya Darshan (,"About 36,654 pilgrims had Srivari Darshan from 3am to 6pm on October 18th",https://news.tirumala.org/sarva-darshan-free-darshan-line-out25-hours-divya-darshan-footpath-darshan-line-out-8-hours-rs-300-closed/
2013-10-19,46542,1167,2013-10-19 18:20:28,month_day_year_inferred@title,22,and waiting hours details-Sarva Darshan (Free darshan)-line out/22 hours; Divya Darshan (F,"About 46,542 pilgrims had Srivari Darshan from 3am to 6pm on October 19th",https://news.tirumala.org/sarva-darshan-free-darshan-line-out22-hours-divya-darshan-footpath-darshan-line-out-8-hours-rs-300-closed/
2013-10-20,42234,1179,2013-10-20 19:04:38,month_day_year_inferred@title,16,and waiting hours details-Sarva Darshan (Free darshan)-line out/16 hours; Divya Darshan (F,"About 42,234 pilgrims had Srivari Darshan on October 20th from 3am to 6pm",https://news.tirumala.org/sarva-darshan-free-darshan-line-out16-hours-divya-darshan-footpath-darshan-8-compartments5-hours/
2013-10-21,39314,1204,2013-10-21 18:34:54,month_day_year_inferred@title,,and waiting hours details-Sarva Darshan (Free darshan)-12 compartments/6 hours; Divya Dars,"About 39,314 pilgrims had Srivari Darshan from 3am to 6pm on October 21.",https://news.tirumala.org/sarva-darshan-free-darshan-12-compartments6-hours-divya-darshan-footpath-darshan-3-compartments2-hours-special-entry-darshan-rs-300-darshan-direct-line/
2013-10-22,27894,1268,2013-10-22 18:28:34,month_day_year_inferred@title,,and waiting hours details-Sarva Darshan (Free darshan)- 12 compartments/6 hours; Divya Dar,"About 27,894 pilgrims had Srivari Darshan from 3am to 6pm on October 22.",https://news.tirumala.org/sarva-darshan-free-darshan-12-compartments6-hours-divya-darshan-footpath-darshan-3-compartments-2-hours-rs-300-direct/
2013-10-23,21234,1292,2013-10-23 22:57:23,month_day_year_inferred@title,,and waiting hours details-Sarva Darshan (Free darshan)- 10 compartments/6 hours; Divya Dar,"About 21,234 pilgrims had Srivari Darshan from 3am to 6pm on October 23.",https://news.tirumala.org/sarva-darshan-free-darshan-10-compartments6-hours-divya-darshan-footpath-darshan-4-compartments2-hours-special-entry-darshan-rs-300-darshan-direct/
2013-10-24,32124,1316,2013-10-24 18:17:57,month_day_year_inferred@title,,and waiting hours details-Sarva Darshan (Free darshan)- 9 compartments/6 hours; Divya Dars,"About 32,124 pilgrims had Srivari Darshan from 3am to 6pm on October 24",https://news.tirumala.org/about-32124-pilgrims-had-srivari-darshan-from-3am-to-6pm-on-october-24/
2013-10-25,2272,1329,2013-10-25 18:20:48,month_day_year_inferred@title,,and waiting hours details-Sarva Darshan (Free darshan)- 10 compartments/6 hours; Divya Dar,"About 22,72 pilgrims had Srivari Darshan from 3am to 6pm on October 25",https://news.tirumala.org/sarva-darshan-free-darshan-10-compartments6-hours-divya-darshan-footpath-darshan-3-compartments2-hours-special-entry-darshan-rs-300-darshan-direct/
2013-10-26,36752,1349,2013-10-26 19:16:09,month_day_year_inferred@title,,and waiting hours details-Sarva Darshan (Free darshan)- 18 compartments/10 hours; Divya Da,"About 36,752 pilgrims had Srivari Darshan from 3am to 6pm on October 26",https://news.tirumala.org/sarva-darshan-free-darshan-18-compartments10-hours-divya-darshan-footpath-darshan-6-compartments3-hours-special-entry-darshan-rs-300-darshan-direct/
2013-10-27,37915,1371,2013-10-27 19:23:21,month_day_year_inferred@title,,and waiting hours details-Sarva Darshan (Free darshan)- 9 compartments/5 hours; Divyar Dar,"About 37,915 pilgrims had Srivari Darshan from 3am to 6pm on Oct 27",https://news.tirumala.org/sarva-darshan-free-darshan-12-compartments6-hours-divya-darshan-footpath-darshan-4-compartments2-hours-special-entry-darshan-rs-300-darshan-direct/
2013-10-28,22233,1379,2013-10-28 18:17:21,month_day_year_inferred@title,,and waiting hours details-Sarva Darshan (Free darshan)- 8 compartments/4 hours; Divya Dars,"About 22,233 pilgrims had Srivari Darshan from 3am to 6pm on October 28",https://news.tirumala.org/sarva-darshan-free-darshan-8-compartments4-hours-divya-darshan-footpath-darshan-4-compartments2-hours-special-entry-darshan-rs-300-darshan-direct-line/
2013-10-29,21830,1400,2013-10-29 19:05:19,month_day_year_inferred@title,,and waiting hours details-Sarva Darshan (Free darshan)- 10 compartments/4 hours; Divya Dar,"About 21,830 pilgrims had Srivari Darshan from 3am to 6pm on October 29",https://news.tirumala.org/sarva-darshan-free-darshan-10-compartments-4-hours-divya-darshan-footpath-darshan-8-compartments-4-hours-rs-300-direct-line/
2013-10-30,20913,1410,2013-10-30 18:19:26,month_day_year_inferred@title,,and waiting hours details-Sarva Darshan (Free darshan)- 10 compartments/4 hours; Divya Dar,"About 20,913 pilgrims had Srivari Darshan from 3am to 6pm on October 30",https://news.tirumala.org/sarva-darshan-free-darshan-10-compartments4-hours-divya-darshan-footpath-darshan-3-compartments2-hours-special-entry-darshan-rs-300-darshan-direct-line/
2013-10-31,23423,1441,2013-10-31 21:35:56,month_day_year_inferred@title,,and waiting hours details-Sarva Darshan (Free darshan)- 6 compartments/4 hours; Divya Dars,"About 23,423 pilgrims had Srivari Darshan from 3am to 6pm on October 31",https://news.tirumala.org/sarva-darshan-free-darshan-6-compartments4-hours-divya-darshan-footpath-darshan-3-compartments2-hours-special-entry-darshan-rs-300-darshan-closed/
2013-11-01,25345,1462,2013-11-01 18:36:37,month_day_year_inferred@title,,and waiting hours details-Sarva Darshan (Free darshan)- 16 compartments/8 hours; Divya Dar,"About 25,345 pilgrims had Srivari Darshan from 3am to 6pm on November 1",https://news.tirumala.org/sarva-darshan-free-darshan-16-compartments8-hours-divya-darshan-footpath-darshan-10-compartments4-hours-special-entry-darshan-rs-300-darshan-2-compartments-2-hours/
2013-11-02,45337,1482,2013-11-02 18:53:46,month_day_year_inferred@title,,and waiting hours details-Sarva Darshan (Free darshan)- 30 compartments/16 hours; Divya Da,"About 45,337 pilgrims had Srivari Darshan from 3am to 6pm on November 2",https://news.tirumala.org/about-45337-pilgrims-had-srivari-darshan-from-3am-to-6pm-on-november-2/
2013-11-03,38879,1494,2013-11-03 22:03:32,month_day_year_inferred@title,,and waiting hours details-Sarva Darshan (Free darshan)- 31 compartments/16 hours; Divya Da,"About 38,879 pilgrims had Srivari Darshan from 3am to 6pm on November 3",https://news.tirumala.org/sarva-darshan-free-darshan-31-compartments16-hours-divya-darshan-footpath-darshan-13-compartments7-hours-special-entry-darshan-rs-300-darshan-closed/
2013-11-04,43219,1512,2013-11-04 20:05:54,month_day_year_inferred@title,,and waiting hours details-Sarva Darshan (Free darshan)- 15 compartments/7 hours; Divya Dar,"About 43,219 pilgrims had Srivari Darshan from 3am to 6pm on November 4",https://news.tirumala.org/sarva-darshan-free-darshan-15-compartments7-hours-divya-darshan-footpath-darshan-4-compartments2-hours-special-entry-darshan-rs-300-darshan-direct/
2013-11-05,33179,1526,2013-11-05 18:05:15,month_day_year_inferred@title,,and waiting hours details-Sarva Darshan (Free darshan)- 17 compartments/7 hours; Divya Dar,"About 33,179 pilgrims had Srivari Darshan from 3am to 6pm on November 5",https://news.tirumala.org/sarva-darshan-free-darshan-17-compartments7-hours-divya-darshan-footpath-darshan-4-compartments2-hours-special-entry-darshan-rs-300-darshan-direct/
2013-11-06,27890,1563,2013-11-06 18:20:54,month_day_year_inferred@title,,and waiting hours details-Sarva Darshan (Free darshan)- 13 compartments/7 hours; Divya Dar,"About 27,890 pilgrims had Srivari Darshan from 3am to 6pm on November 6",https://news.tirumala.org/sarva-darshan-free-darshan-13-compartments7-hours-divya-darshan-footpath-darshan-3-compartments2-hours-special-entry-darshan-rs-300-darshan-direct/
2013-11-07,30219,1570,2013-11-07 18:24:25,month_day_year_inferred@title,,and waiting hours details-Sarva Darshan (Free darshan)- 27 compartments/17 hours; Divya Da,"About 30,219 pilgrims had Srivari Darshan from 3am to 6pm on November 7",https://news.tirumala.org/sarva-darshan-free-darshan-27-compartments17-hours-divya-darshan-footpath-darshan-10-compartments5-hours-special-entry-darshan-rs-300-darshan-closed/
2013-11-08,33397,1599,2013-11-08 19:42:31,month_day_year_inferred@title,22,and waiting hours details-Sarva Darshan (Free darshan)- line outside/22 hours; Divya Darsh,"About 33,397 pilgrims had Srivari Darshan from 3am to 6pm on November 8",https://news.tirumala.org/sarva-darshan-free-darshan-line-outside22-hours-divya-darshan-footpath-darshan-10-compartments5-hours-special-entry-darshan-rs-300-darshan-2compartments-2-hours/
2013-11-09,42121,1607,2013-11-09 18:24:18,month_day_year_inferred@title,24,and waiting hours details-Sarva Darshan (Free darshan)- line out/24 hours; Divya Darshan (,"About 42,121 pilgrims had Srivari Darshan from 3am to 6pm on November 9",https://news.tirumala.org/sarva-darshan-free-darshan-line-out24-hours-divya-darshan-footpath-darshan-line-out15-hours-special-entry-darshan-rs-300-darshan-6-compartments4-hours/
2013-11-10,32146,1636,2013-11-10 19:24:47,month_day_year_inferred@title,27,and waiting hours details-Sarva Darshan (Free darshan)- line outside/27 hours; Divya Darsh,"About 32,146 pilgrims had Srivari Darshan from 3am to 6pm on November 10",https://news.tirumala.org/sarva-darshan-free-darshan-line-outside27-hours-divya-darshan-footpath-darshan-line-out12-hours-special-entry-darshan-rs-300-darshan-closed/
2013-11-11,43700,1673,2013-11-11 19:05:21,month_day_year_inferred@title,22,and waiting hours details-Sarva Darshan (Free darshan)- line out/22 hours; Divya Darshan (,"About 43,700 pilgrims had Srivari Darshan from 3am to 6pm on November 11",https://news.tirumala.org/sarva-darshan-free-darshan-line-out22-hours-divya-darshan-footpath-darshan-7-compartments4-hours-special-entry-darshan-rs-300-darshan-closed/
2013-11-12,23347,1697,2013-11-12 18:16:27,month_day_year_inferred@title,,and waiting hours details-Sarva Darshan (Free darshan)- 13 compartments/7 hours; Divya Dar,"About 23,347 pilgrims had Srivari Darshan from 3am to 6pm on November 12",https://news.tirumala.org/sarva-darshan-free-darshan-13-compartments7-hours-divya-darshan-footpath-darshan-4-compartments2-hours-special-entry-darshan-rs-300-darshan-direct/
2013-11-13,26540,1705,2013-11-13 20:01:22,month_day_year_inferred@title,,and waiting hours details-Sarva Darshan (Free darshan)- 10 compartments/5 hours; Divya Dar,"About 26,540 pilgrims had Srivari Darshan from 3am to 6pm on November 13",https://news.tirumala.org/sarva-darshan-free-darshan-10-compartments5-hours-divya-darshan-footpath-darshan-3-compartments2-hours-special-entry-darshan-rs-300-darshan-direct/
2013-11-14,34160,1723,2013-11-14 18:18:34,month_day_year_inferred@title,,and waiting hours details-Sarva Darshan (Free darshan)- 17 compartments/8 hours; Divya Dar,"About 34,160 pilgrims had Srivari Darshan from 3am to 6pm on November 14",https://news.tirumala.org/sarva-darshan-free-darshan-17-compartments8-hours-divya-darshan-footpath-darshan-9-compartments4-hours-special-entry-darshan-rs-300-darshan-closed/
2013-11-15,27459,1762,2013-11-15 23:24:29,month_day_year_inferred@title,,and waiting hours details-Sarva Darshan (Free darshan)- 27 compartments/13 hours; Divya Da,"About 27,459 pilgrims had Srivari Darshan from 3am to 6pm on November 15",https://news.tirumala.org/sarva-darshan-free-darshan-27-compartments13-hours-divya-darshan-footpath-darshan-5-compartments3-hours-special-entry-darshan-rs-300-darshan-4-compartments2-hours/
2013-11-16,40009,1775,2013-11-16 20:08:51,month_day_year_inferred@title,23,and waiting hours details-Sarva Darshan (Free darshan)- line out/23 hours; Divya Darshan (,"About 40,009 pilgrims had Srivari Darshan from 3am to 6pm on November 16",https://news.tirumala.org/sarva-darshan-free-darshan-line-out23-hours-divya-darshan-footpath-darshan-10-compartments5-hours-special-entry-darshan-rs-300-darshan-closed/
2013-11-17,33332,1801,2013-11-17 20:42:10,month_day_year_inferred@title,20,and waiting hours details-Sarva Darshan (Free darshan)- line out /20 hours; Divya Darshan,"About 33,332 pilgrims had Srivari Darshan from 3am to 6pm on November 17",https://news.tirumala.org/sarva-darshan-free-darshan-line-out-20-hours-divya-darshan-footpath-darshan-12-compartments5-hours-special-entry-darshan-rs-300-darshan-closed/
2013-11-18,27654,1819,2013-11-18 21:30:18,month_day_year_inferred@title,,and waiting hours details-Sarva Darshan (Free darshan)- 10 compartments /6 hours; Divya Da,About 27654 pilgrims had Srivari Darshan from 3am to 6pm on November 18,https://news.tirumala.org/sarva-darshan-free-darshan-10-compartments-6-hours-divya-darshan-footpath-darshan-3-compartments2-hours-special-entry-darshan-rs-300-darshan-2-compartments-1-hour/
2013-11-20,26819,1832,2013-11-20 18:31:11,month_day_year_inferred@title,,and waiting hours details-Sarva Darshan (Free darshan)- 16 compartments /8 hours; Divya Da,"About 26,819 pilgrims had Srivari Darshan from 3am to 6pm on November 20",https://news.tirumala.org/about-26819-pilgrims-had-srivari-darshan-from-3am-to-6pm-on-november-20/
2013-11-21,25435,1872,2013-11-21 18:32:23,month_day_year_inferred@title,,and waiting hours details-Sarva Darshan (Free darshan)- 16 compartments/8 hours; Divya Dar,"About 25,435 pilgrims had Srivari Darshan from 3am to 6pm on November 21",https://news.tirumala.org/sarva-darshan-free-darshan-16-compartments8-hours-divya-darshan-footpath-darshan-6-compartments3-hours-special-entry-darshan-rs-300-darshan-closed/
2013-11-22,24315,1889,2013-11-22 18:15:02,month_day_year_inferred@title,,and waiting hours details-Sarva Darshan (Free darshan)- 16 compartments/8 hours; Divya Dar,"About 24,315 pilgrims had Srivari Darshan from 3am to 6pm on November 22",https://news.tirumala.org/sarva-darshan-free-darshan-16-compartments8-hours-divya-darshan-footpath-darshan-6-compartments3-hours-special-entry-darshan-rs-300-darshan-closed-2/
2013-11-23,43750,1898,2013-11-23 18:17:34,month_day_year_inferred@title,,and waiting hours details-Sarva Darshan (Free darshan)- 22 compartments/14 hours; Divya Da,"About 43,750 pilgrims had Srivari Darshan from 3am to 6pm on November 23",https://news.tirumala.org/sarva-darshan-free-darshan-22-compartments14-hours-divya-darshan-footpath-darshan-12-compartments5-hours-special-entry-darshan-rs-300-darshan-direct/
2013-11-24,37503,1933,2013-11-24 18:25:11,month_day_year_inferred@title,,and waiting hours details-Sarva Darshan (Free darshan)- 24 compartments/14 hours; Divya Da,"About 37,503 pilgrims had Srivari Darshan from 3am to 6pm on November 24",https://news.tirumala.org/sarva-darshan-free-darshan-24-compartments14-hours-divya-darshan-footpath-darshan-6-compartments3-hours-special-entry-darshan-rs-300-darshan-direct/
2013-11-25,28590,1955,2013-11-25 18:54:54,month_day_year_inferred@title,,and waiting hours details- Sarva Darshan (Free darshan)- 10 compartments/4 hours; Divya Da,"About 28,590 pilgrims had Srivari Darshan from 3am to 6pm on November 25",https://news.tirumala.org/sarva-darshan-free-darshan-10-compartments4-hours-divya-darshan-footpath-darshan-6-compartments3-hours-special-entry-darshan-rs-300-darshan-direct/
2013-11-26,27041,1977,2013-11-26 21:33:59,month_day_year_inferred@body,,and waiting hours details- Sarva Darshan (Free darshan)- 14 compartments/7 hours; Divya Da,Sarva Darshan (Free darshan)- 14 compartments/7 hours; Divya Darshan (Footpath darshan)- 5 compartments/3 hours; Special Entry Darshan (Rs.300 Darshan) direct,https://news.tirumala.org/sarva-darshan-free-darshan-14-compartments7-hours-divya-darshan-footpath-darshan-5-compartments3-hours-special-entry-darshan-rs-300-darshan-direct/
2013-11-27,25541,2008,2013-11-27 18:38:28,month_day_year_inferred@title,,and waiting hours details- Sarva Darshan (Free darshan)- 12 compartments/6 hours; Divya Da,"About 25,541 pilgrims had Srivari Darshan from 3am to 6pm on November 27",https://news.tirumala.org/sarva-darshan-free-darshan-12-compartments6-hours-divya-darshan-footpath-darshan-4-compartments3-hours-special-entry-darshan-rs-300-darshan-direct/
2013-11-28,24321,2075,2013-11-28 22:05:57,month_day_year_inferred@title,,and waiting hours details- Sarva Darshan (Free darshan)- 18 compartments/9 hours; Divya Da,"About 24,321 pilgrims had Srivari Darshan from 3am to 6pm on November 28",https://news.tirumala.org/sarva-darshan-free-darshan-18-compartments9-hours-divya-darshan-footpath-darshan-7-compartments3-hours-special-entry-darshan-rs-300-darshan-direct/
2013-11-29,32121,2139,2013-11-29 22:02:42,month_day_year_inferred@title,,and waiting hours details- Sarva Darshan (Free darshan)- 30 compartments/15 hours; Divya D,"About 32,121 pilgrims had Srivari Darshan from 3am to 6pm on November 29",https://news.tirumala.org/sarva-darshan-free-darshan-30-compartments15-hours-divya-darshan-footpath-darshan-9-compartments5-hours-special-entry-darshan-rs-300-darshan-3-compartments3-hours/
2013-11-30,40234,2171,2013-11-30 18:18:55,month_day_year_inferred@title,,and waiting hours details- Sarva Darshan (Free darshan)- 23 compartments/15 hours; Divya D,"About 40,234 pilgrims had Srivari Darshan from 3am to 6pm on November 30",https://news.tirumala.org/sarva-darshan-free-darshan-23-compartments15-hours-divya-darshan-footpath-darshan-10-compartments5-hours-special-entry-darshan-rs-300-darshan-closed/
2013-12-01,42314,2202,2013-12-01 19:41:03,month_day_year_inferred@title,,and waiting hours details- Sarva Darshan (Free darshan)- 22 compartments/15 hours; Divya D,"About 42,314 pilgrims had Srivari Darshan from 3am to 6pm on December 1",https://news.tirumala.org/sarva-darshan-free-darshan-22-compartments15-hours-divya-darshan-footpath-darshan-8-compartments5-hours-special-entry-darshan-rs-300-darshan-closed/
2013-12-02,36402,2304,2013-12-02 18:37:24,month_day_year_inferred@title,,and waiting hours details- Sarva Darshan (Free darshan)- 12 compartments/6 hours; Divya Da,"About 36,402 pilgrims had Srivari Darshan from 3am to 6pm on December 2",https://news.tirumala.org/sarva-darshan-free-darshan-12-compartments6-hours-divya-darshan-footpath-darshan-4-compartments2-hours-special-entry-darshan-rs-300-darshan-direct-2/
2013-12-03,25344,2366,2013-12-03 18:42:37,month_day_year_inferred@title,,and waiting hours details- Sarva Darshan (Free darshan)- 10 compartments/5 hours; Divya Da,"About 25,344 pilgrims had Srivari Darshan from 3am to 6pm on December 3",https://news.tirumala.org/sarva-darshan-free-darshan-10-compartments5-hours-divya-darshan-footpath-darshan-2-compartments2-hours-special-entry-darshan-rs-300-darshan-direct/
2013-12-04,25678,2427,2013-12-04 22:54:18,month_day_year_inferred@title,,and waiting hours details- Sarva Darshan (Free darshan)- 10 compartments/5 hours; Divya Da,"About 25,678 pilgrims had Srivari Darshan from 3am to 6pm on December 4",https://news.tirumala.org/sarva-darshan-free-darshan-10-compartments5-hours-divya-darshan-footpath-darshan-5-compartments3-hours-special-entry-darshan-rs-300-darshan-direct/
2013-12-05,31026,2467,2013-12-05 22:25:17,month_day_year_inferred@title,,and waiting hours details- Sarva Darshan (Free darshan)- 20 compartments/12 hours; Divya D,"About 31,026 pilgrims had Srivari Darshan from 3am to 6pm on December 5",https://news.tirumala.org/sarva-darshan-free-darshan-20-compartments12-hours-divya-darshan-footpath-darshan-7-compartments4-hours-special-entry-darshan-rs-300-darshan-closed/
2013-12-06,36326,2490,2013-12-06 20:34:45,month_day_year_inferred@title,20,and waiting hours details- Sarva Darshan (Free darshan)- line out /20 hours; Divya Darshan,"About 36,326 pilgrims had Srivari Darshan from 3am to 6pm on December 6",https://news.tirumala.org/sarva-darshan-free-darshan-line-out-20-hours-divya-darshan-footpath-darshan-line-out-7-hours-special-entry-darshan-rs-300-darshan-closed/
2013-12-07,39696,2545,2013-12-07 20:46:07,month_day_year_inferred@title,,and waiting hours details- Sarva Darshan (Free darshan)- 30 compartments /20 hours; Divya,"About 39,696 pilgrims had Srivari Darshan from 3am to 6pm December 7",https://news.tirumala.org/sarva-darshan-free-darshan-30-compartments-20-hours-divya-darshan-footpath-darshan-10-compartments-7-hours-special-entry-darshan-rs-300-darshan-closed/
2013-12-08,45038,2562,2013-12-08 20:27:56,month_day_year_inferred@title,20,and waiting hours details- Sarva Darshan (Free darshan)- line out /20 hours; Divya Darshan,"About 45,038 pilgrims had Srivari Darshan from 3am to 6pm on December 8",https://news.tirumala.org/sarva-darshan-free-darshan-line-out-20-hours-divya-darshan-footpath-darshan-line-out-7-hours-special-entry-darshan-rs-300-darshan-closed-2/
2013-12-09,26538,2595,2013-12-09 18:35:00,month_day_year_inferred@title,,and waiting hours details- Sarva Darshan (Free darshan)- 22 compartments /10 hours; Divya,"About 26,538 pilgrims had Srivari Darshan from 3am to 6pm on December 9",https://news.tirumala.org/sarva-darshan-free-darshan-22-compartments-10-hours-divya-darshan-footpath-darshan-6-compartments-3-hours-special-entry-darshan-rs-300-darshan-direct/
2013-12-10,27834,2602,2013-12-10 06:17:24,month_day_year_inferred@title,,and waiting hours details- Sarva Darshan (Free darshan)- 8 compartments /4 hours; Divya Da,"About 27,834 pilgrims had Srivari Darshan from 3am to 6pm on December 10",https://news.tirumala.org/about-27834-pilgrims-had-srivari-darshan-from-3am-to-6pm-on-december-10/
2013-12-11,25664,2607,2013-12-11 18:20:05,month_day_year_inferred@title,,and waiting hours details- Sarva Darshan (Free darshan)- 10 compartments /4 hours; Divya D,"About 25,664 pilgrims had Srivari Darshan from 3am to 6pm on December 11",https://news.tirumala.org/sarva-darshan-free-darshan-10-compartments-4-hours-divya-darshan-footpath-darshan-5-compartments-2-hours-special-entry-darshan-rs-300-darshan-direct/
2013-12-12,30254,2612,2013-12-12 18:43:18,month_day_year_inferred@title,,and waiting hours details- Sarva Darshan (Free darshan)- 20 compartments /14 hours; Divya,"About 30,254 pilgrims had Srivari Darshan from 3am to 6pm on December 12.",https://news.tirumala.org/about-30254-pilgrims-had-srivari-darshan-from-3am-to-6pm-on-december-12/
2013-12-13,30211,2639,2013-12-13 19:48:36,month_day_year_inferred@title,,and waiting hours details- Sarva Darshan (Free darshan)- 26 compartments /17 hours; Divya,"About 30,211 pilgrims had Srivari Darshan from 3am to 6pm on December 13",https://news.tirumala.org/sarva-darshan-free-darshan-26-compartments-17-hours-divya-darshan-footpath-darshan-7-compartments-7-hours-special-entry-darshan-rs-300-darshan-closed/
2013-12-14,44917,2668,2013-12-14 18:17:53,month_day_year_inferred@title,18,and waiting hours details- Sarva Darshan (Free darshan)- line out compartments /18 hours;,"About 44,917 pilgrims had Srivari Darshan from 3am to 6pm on December 14",https://news.tirumala.org/sarva-darshan-free-darshan-line-out-compartments-18-hours-divya-darshan-footpath-darshan-line-out-8-hours-special-entry-darshan-rs-300-darshan-6-compartments-4-hours/
2013-12-15,40057,2675,2013-12-15 18:20:41,month_day_year_inferred@title,,and waiting hours details- Sarva Darshan (Free darshan)-27 compartments /18 hours; Divya D,"About 40,057 pilgrims had Srivari Darshan from 3am to 6pm on December 15",https://news.tirumala.org/about-40057-pilgrims-had-srivari-darshan-from-3am-to-6pm-on-december-15/
2013-12-16,35057,2710,2013-12-16 18:28:08,month_day_year_inferred@title,,and waiting hours details- Sarva Darshan (Free darshan)- 14 compartments /8 hours; Divya D,"About 35,057 pilgrims had Srivari Darshan from 3am to 6pm on December 16",https://news.tirumala.org/sarva-darshan-free-darshan-14-compartments-8-hours-divya-darshan-footpath-darshan-7-compartments-4-hours-special-entry-darshan-rs-300-darshan-6-compartments-4-hours/
2013-12-17,36080,2717,2013-12-17 18:13:31,month_day_year_inferred@title,,and waiting hours details- Sarva Darshan (Free darshan)- 14 compartments /8 hours; Divya D,"About 36,080 pilgrims had Srivari Darshan from 3am to 6pm on December 17",https://news.tirumala.org/sarva-darshan-free-darshan-14-compartments-8-hours-divya-darshan-footpath-darshan-7-compartments-4-hours-special-entry-darshan-rs-300-darshan-direct/
2013-12-18,20808,2744,2013-12-18 21:59:54,month_day_year_inferred@title,,and waiting hours details-Sarva Darshan (Free darshan)- 12 compartments/7 hours; Divya Dar,"About 20,808 pilgrims had Srivari Darshan from 3am to 6pm on December 18",https://news.tirumala.org/sarva-darshan-free-darshan-12-compartments7-hours-divya-darshan-footpath-darshan-6-compartments3-hours-special-entry-darshan-rs-300-darshan-direct/
2013-12-19,21287,2756,2013-12-19 18:21:17,month_day_year_inferred@title,,and waiting hours details-Sarva Darshan (Free darshan)- 18 compartments/7 hours; Divya Dar,"About 21,287 pilgrims had Srivari Darshan from 3am to 6pm on December 19",https://news.tirumala.org/sarva-darshan-free-darshan-18-compartments7-hours-divya-darshan-footpath-darshan-9-compartments5-hours-special-entry-darshan-rs-300-darshan-closed/
2013-12-20,36899,2786,2013-12-20 19:23:16,month_day_year_inferred@title,,and waiting hours details-Sarva Darshan (Free darshan)- 25 compartments/14 hours; Divya Da,"About 36,899 pilgrims had Srivari Darshan from 3am to 6pm on December 20",https://news.tirumala.org/sarva-darshan-free-darshan-25-compartments14-hours-divya-darshan-footpath-darshan-6-compartments3-hours-special-entry-darshan-rs-300-darshan-6-compartments-3-hours/
2013-12-21,40894,2798,2013-12-21 18:01:17,month_day_year_inferred@title,,and waiting hours details-Sarva Darshan (Free darshan)- 25 compartments/14 hours; Divya Da,"About 40,894 pilgrims had Srivari Darshan from 3am to 6pm on December 21",https://news.tirumala.org/about-40894-pilgrims-had-srivari-darshan-from-3am-to-6pm-on-december-21/
2013-12-22,44344,2803,2013-12-22 18:08:04,month_day_year_inferred@title,,and waiting hours details-Sarva Darshan (Free darshan)- 22 compartments/12 hours; Divya Da,"About 44,344 pilgrims had Srivari Darshan from 3am to 6pm on December 22",https://news.tirumala.org/about-4344-pilgrims-had-srivari-darshan-from-3am-to-6pm-on-december-22/
2013-12-23,47372,2808,2013-12-23 18:14:59,month_day_year_inferred@title,,and waiting hours details-Sarva Darshan (Free darshan)- 22 compartments/12 hours; Divya Da,"About 47,372 pilgrims had Srivari Darshan from 3am to 6pm on December 23",https://news.tirumala.org/sarva-darshan-free-darshan-22-compartments12-hours-divya-darshan-footpath-darshan-9-compartments6-hours-special-entry-darshan-rs-300-darshan-closed/
2013-12-24,40423,2833,2013-12-24 18:14:08,month_day_year_inferred@title,,and waiting hours details-Sarva Darshan (Free darshan)- 28 compartments/18 hours; Divya Da,"About 40,423 pilgrims had Srivari Darshan from 3am to 6pm on December 24",https://news.tirumala.org/sarva-darshan-free-darshan-28-compartments18-hours-divya-darshan-footpath-darshan-12-compartments8-hours-special-entry-darshan-rs-300-darshan-closed/
2013-12-25,36456,2866,2013-12-25 18:55:16,month_day_year_inferred@title,21,and waiting hours details-Sarva Darshan (Free darshan)- line out /21 hours; Divya Darshan,"About 36,456 pilgrims had Srivari Darshan from 3am to 6pm on December 25",https://news.tirumala.org/sarva-darshan-free-darshan-line-out-21-hours-divya-darshan-footpath-darshan-12-compartments10-hours-special-entry-darshan-rs-300-darshan-6-compartments-7-hours/
2013-12-26,43823,2873,2013-12-26 19:14:57,month_day_year_inferred@body,20,and waiting hours details-Sarva Darshan (Free darshan)- line out /20 hours; Divya Darshan,Sarva Darshan (Free darshan)- line out /20 hours; Divya Darshan (Footpath darshan)- line out /10 hours; Special Entry Darshan (Rs.300 Darshan) closed,https://news.tirumala.org/sarva-darshan-free-darshan-line-out-20-hours-divya-darshan-footpath-darshan-line-out-10-hours-special-entry-darshan-rs-300-darshan-closed/
2013-12-27,34456,2887,2013-12-27 18:21:12,month_day_year_inferred@title,36,and waiting hours details-Sarva Darshan (Free darshan)- line out /36 hours; Divya Darshan,"About 34,456 pilgrims had Srivari Darshan from 3am to 6pm on December 27",https://news.tirumala.org/about-34456-pilgrims-had-srivari-darshan-from-3am-to-6pm-on-december-27/
2013-12-28,45329,2896,2013-12-28 22:12:42,month_day_year_inferred@title,,and waiting hours details- Sarva Darshan (Free darshan)- 29 compartments /14 hours; Divya,"About 45,329 pilgrims had Srivari Darshan from 3am to 6pm on December 28",https://news.tirumala.org/sarva-darshan-free-darshan-29-compartments-14-hours-divya-darshan-footpath-darshan-13-compartments-8-hours-special-entry-darshan-rs-300-darshan-closed/
2013-12-29,50233,2916,2013-12-29 18:43:02,month_day_year_inferred@title,,and waiting hours details- Sarva Darshan (Free darshan)- 29 compartments /20 hours; Divya,"About 50,233 pilgrims had Srivari Darshan from 3am to 6pm on December 29",https://news.tirumala.org/sarva-darshan-free-darshan-29-compartments-20-hours-divya-darshan-footpath-darshan-10-compartments-5-hours-special-entry-darshan-rs-300-darshan-closed/
2013-12-30,36567,2931,2013-12-30 18:38:29,month_day_year_inferred@title,,and waiting hours details- Sarva Darshan (Free darshan)- 14 compartments /8 hours; Divya D,"About 36,567 pilgrims had Srivari Darshan from 3am to 6pm on December 30",https://news.tirumala.org/about-36567-pilgrims-had-srivari-darshan-from-3am-to-6pm-on-december-30/
2013-12-31,32533,2945,2013-12-31 19:15:04,month_day_year_inferred@title,,and waiting hours details- Sarva Darshan (Free darshan)- 6 compartments /5 hours; Divya Da,"About 32,533 pilgrims had Srivari Darshan from 3am to 6pm on December 31",https://news.tirumala.org/about-32533-pilgrims-had-srivari-darshan-from-3am-to-6pm-on-december-31/
2014-01-01,56371,2949,2014-01-01 19:21:57,month_day_year_inferred@title,,and waiting hours details- Sarva Darshan (Free darshan)- 22 compartments /14 hours; Divya,"About 56,371 pilgrims had Srivari Darshan from 2am to 6pm on January 1",https://news.tirumala.org/sarva-darshan-free-darshan-22-compartments-14-hours-divya-darshan-footpath-darshan-6-compartments-5-hours-special-entry-darshan-rs-300-darshan-direct/
2014-01-02,30012,2971,2014-01-02 18:18:50,month_day_year_inferred@title,,and waiting hours details- Sarva Darshan (Free darshan)- 6 compartments /3 hours; Divya Da,"About 30,012 pilgrims had Srivari Darshan from 3am to 6pm on January 2",https://news.tirumala.org/sarva-darshan-free-darshan-6-compartments-3-hours-divya-darshan-footpath-darshan-3-compartments-2-hours-special-entry-darshan-rs-300-darshan-closed/
2014-01-03,27678,3012,2014-01-03 18:51:27,month_day_year_inferred@title,,and waiting hours details- Sarva Darshan (Free darshan)-10 compartments /5 hours; Divya Da,"About 27,678 pilgrims had Srivari Darshan from 3am to 6pm on January 3",https://news.tirumala.org/sarva-darshan-free-darshan-10-compartments-5-hours-divya-darshan-footpath-darshan-6-compartments-3-hours-special-entry-darshan-rs-300-darshan-direct/
2014-01-04,40274,3030,2014-01-04 18:41:34,month_day_year_inferred@title,,and waiting hours details- Sarva Darshan (Free darshan)-10 compartments /5 hours; Divya Da,"About 40,274 pilgrims had Srivari Darshan from 3am to 6pm on January 4",https://news.tirumala.org/sarva-darshan-free-darshan-10-compartments-5-hours-divya-darshan-footpath-darshan-13-compartments-6-hours-special-entry-darshan-rs-300-darshan-direct/
2014-01-05,35123,3036,2014-01-05 18:44:34,month_day_year_inferred@title,,and waiting hours details- Sarva Darshan (Free darshan)-9 compartments /5 hours; Divya Dar,"About 35,123 pilgrims had Srivari Darshan from 3am to 6pm on January 5",https://news.tirumala.org/sarva-darshan-free-darshan-9-compartments-5-hours-divya-darshan-footpath-darshan-6-compartments-4-hours-special-entry-darshan-rs-300-darshan-direct/
2014-01-06,31203,3083,2014-01-06 19:14:42,month_day_year_inferred@title,,and waiting hours details- Sarva Darshan (Free darshan)-8 compartments /5 hours; Divya Dar,"About 31,203 pilgrims had Srivari Darshan from 3am to 6pm on January 6",https://news.tirumala.org/sarva-darshan-free-darshan-8-compartments-5-hours-divya-darshan-footpath-darshan-5-compartments-4-hours-special-entry-darshan-rs-300-darshan-direct/
2014-01-07,32304,3124,2014-01-07 18:42:42,month_day_year_inferred@title,,and waiting hours details- Sarva Darshan (Free darshan)-10 compartments/ 8 hours; Divya Da,"About 32,304 pilgrims had Srivari Darshan from 3am to 6pm on January 7",https://news.tirumala.org/sarva-darshan-free-darshan-10-compartments-8-hours-divya-darshan-footpath-darshan-4-compartments-3-hours-special-entry-darshan-rs-300-darshan-direct/
2014-01-08,26748,3132,2014-01-08 18:08:28,month_day_year_inferred@title,,and waiting hours details- Sarva Darshan (Free darshan)-10 compartments/ 5 hours; Divya Da,"About 26,748 pilgrims had Srivari Darshan from 3am to 6pm on January 8",https://news.tirumala.org/about-26748-pilgrims-had-srivari-darshan-from-3am-to-6pm-on-january-8/
2014-01-09,28233,3143,2014-01-09 18:27:07,month_day_year_inferred@title,,and waiting hours details- Sarva Darshan (Free darshan)-6 compartments/5 hours; Divya Dars,"About 28,233 pilgrims had Srivari Darshan from 3am to 6pm on January 9",https://news.tirumala.org/sarva-darshan-free-darshan-6-compartments5-hours-divya-darshan-footpath-darshan-5-compartments-3-hours-special-entry-darshan-rs-300-darshan-closed/
2014-01-10,29018,3158,2014-01-10 19:22:48,month_day_year_inferred@title,,,"About 29,018 pilgrims had Srivari Darshan from 3am to 6pm on January 10",https://news.tirumala.org/current-situation-pilgrim-of-sarva-darshan-divya-darshan-foot-path-will-be-allowed-for-darshan-of-lord-only-after-7am-on-jan-11/
2014-01-11,46213,3206,2014-01-11 19:23:21,month_day_year_inferred@title,15,and waiting hours details- Sarva Darshan (Free darshan)-line out /15 hours; Divya Darshan,"About 46,213 pilgrims had Srivari Darshan from 3am to 6pm on January 11",https://news.tirumala.org/sarva-darshan-free-darshan-line-out-15-hours-divya-darshan-footpath-darshan-line-out-10-hours-special-entry-darshan-rs-300-darshan-closed/
2014-01-12,45535,3229,2014-01-12 18:32:37,month_day_year_inferred@title,,and waiting hours details- Sarva Darshan (Free darshan)-31 compartments /10 hours; Divya D,"About 45,535 pilgrims had Srivari Darshan from 2am to 6pm on January 12",https://news.tirumala.org/sarva-darshan-free-darshan-31-compartments-10-hours-divya-darshan-footpath-darshan-closed-special-entry-darshan-rs-300-darshan-closed/
2014-01-13,46600,3236,2014-01-13 19:48:02,month_day_year_inferred@title,,and waiting hours details- Sarva Darshan (Free darshan)-20 compartments /14 hours; Divya D,"About 46,600 pilgrims had Srivari Darshan from 3am to 6pm on January 13",https://news.tirumala.org/sarva-darshan-free-darshan-20-compartments-14-hours-divya-darshan-footpath-darshan-8-compartments-5-hours-special-entry-darshan-rs-300-darshan-line-out-5-hours/
2014-01-14,41200,3244,2014-01-14 21:38:59,month_day_year_inferred@title,,and waiting hours details- Sarva Darshan (Free darshan)-28 compartments /12 hours; Divya D,"About 41,200 pilgrims had Srivari Darshan from 3am to 6pm on January 14",https://news.tirumala.org/sarva-darshan-free-darshan-28-compartments-12-hours-divya-darshan-footpath-darshan-6-compartments-4-hours-special-entry-darshan-rs-300-darshan-closed/
2014-01-15,40345,3276,2014-01-15 20:03:32,month_day_year_inferred@title,,and waiting hours details- Sarva Darshan (Free darshan)-30 compartments /15 hours; Divya D,"About 40,345 pilgrims had Srivari Darshan from 3am to 6pm on January 15",https://news.tirumala.org/sarva-darshan-free-darshan-30-compartments-15-hours-divya-darshan-footpath-darshan-8-compartments-6-hours-special-entry-darshan-rs-300-darshan-closed/
2014-01-16,35025,3319,2014-01-16 18:15:36,month_day_year_inferred@title,25,and waiting hours details- Sarva Darshan (Free darshan)- line out /25 hours; Divya Darshan,"About 35,025 pilgrims had Srivari Darshan from 3am to 6pm on January 16",https://news.tirumala.org/about-35025-pilgrims-had-srivari-darshan-from-3am-to-6pm-on-january-16/
2014-01-17,34435,3325,2014-01-17 19:08:39,month_day_year_inferred@title,16,and waiting hours details- Sarva Darshan (Free darshan)- line out/16 hours; Divya Darshan,"About 34,435 pilgrims had Srivari Darshan from 3am to 6pm on January 17",https://news.tirumala.org/3325/
2014-01-18,46555,3331,2014-01-18 18:35:25,month_day_year_inferred@title,20,and waiting hours details- Sarva Darshan (Free darshan)- line out /20 hours; Divya Darshan,"About 46,555 pilgrims had Srivari Darshan from 3am to 6pm on January 18",https://news.tirumala.org/sarva-darshan-free-darshan-line-out-20-hours-divya-darshan-footpath-darshan-line-out-10-hours-special-entry-darshan-rs-300-darshan-closed-2/
2014-01-19,48884,3348,2014-01-19 18:40:02,month_day_year_inferred@title,22,and waiting hours details- Sarva Darshan (Free darshan)- line out /22 hours; Divya Darshan,"About 48,884 pilgrims had Srivari Darshan from 3am to 6pm on January 19",https://news.tirumala.org/sarva-darshan-free-darshan-line-out-22-hours-divya-darshan-footpath-darshan-line-out-12-hours-special-entry-darshan-rs-300-darshan-closed/
2014-01-20,38456,3366,2014-01-20 19:20:36,month_day_year_inferred@title,,and waiting hours details- Sarva Darshan (Free darshan)- 17 compartments /10 hours; Divya,"About 38,456 pilgrims had Srivari Darshan from 3am to 6pm on January 20",https://news.tirumala.org/sarva-darshan-free-darshan-17-compartments-10-hours-divya-darshan-footpath-darshan-5-compartments-3-hours-special-entry-darshan-rs-300-darshan-direct/
2014-01-21,29123,3373,2014-01-21 18:03:38,month_day_year_inferred@title,,and waiting hours details- Sarva Darshan (Free darshan)- 13 compartments /7 hours; Divya D,"About 29,123 pilgrims had Srivari Darshan from 3am to 6pm on January 21",https://news.tirumala.org/about-29123-pilgrims-had-srivari-darshan-from-3am-to-6pm-on-january-21/
2014-01-21,30315,3383,2014-01-22 18:32:16,month_day_year_inferred@title,,and waiting hours details- Sarva Darshan (Free darshan)- 12 compartments /7 hours; Divya D,"About 30,315 pilgrims had Srivari Darshan from 3 am to 6 pm on January 21",https://news.tirumala.org/sarva-darshan-free-darshan-12-compartments-7-hours-divya-darshan-footpath-darshan-4-compartments-3-hours-special-entry-darshan-rs-300-darshan-direct/
2014-01-23,30023,3393,2014-01-23 18:37:11,month_day_year_inferred@title,,and waiting hours details- Sarva Darshan (Free darshan)- 14 compartments /6 hours; Divya D,"About 30,023 pilgrims had Srivari Darshan from 3am to 6pm on January 23",https://news.tirumala.org/sarva-darshan-free-darshan-14-compartments-6-hours-divya-darshan-footpath-darshan-7-compartments-3-hours-special-entry-darshan-rs-300-darshan-closed/
2014-01-24,26545,3405,2014-01-24 18:11:34,month_day_year_inferred@title,,and waiting hours details- Sarva Darshan (Free darshan)- 20 compartments /12 hours; Divya,"About 26,545 pilgrims had Srivari Darshan from 3am to 6pm on January 24",https://news.tirumala.org/sarva-darshan-free-darshan-20-compartments-12-hours-divya-darshan-footpath-darshan-4-compartments-5-hours-special-entry-darshan-rs-300-darshan-direct/
2014-01-25,44097,3420,2014-01-25 19:07:12,month_day_year_inferred@title,,and waiting hours details- Sarva Darshan (Free darshan)- 18 compartments /12 hours; Divya,"About 44,097 pilgrims had Srivari Darshan from 3am to 6pm on January 25",https://news.tirumala.org/sarva-darshan-free-darshan-18-compartments-12-hours-divya-darshan-footpath-darshan-10-compartments-7-hours-special-entry-darshan-rs-300-darshan-direct/
2014-01-26,43123,3462,2014-01-26 18:03:33,month_day_year_inferred@title,,and waiting hours details- Sarva Darshan (Free darshan)- 24 compartments /12 hours; Divya,"About 43,123 pilgrims had Srivari Darshan from 3am to 6pm on January 26",https://news.tirumala.org/about-43123-pilgrims-had-srivari-darshan-from-3am-to-6pm-on-january-26/
2014-01-27,26456,3467,2014-01-27 18:13:38,month_day_year_inferred@title,,and waiting hours details- Sarva Darshan (Free darshan)- 12 compartments /7 hours; Divya D,"About 26,456 pilgrims had Srivari Darshan from 3am to 6pm on January 27",https://news.tirumala.org/about-26456-pilgrims-had-srivari-darshan-from-3am-to-6pm-on-january-27/
2014-01-28,35499,3472,2014-01-28 18:50:11,month_day_year_inferred@title,,and waiting hours details- Sarva Darshan (Free darshan)- 14 compartments /7 hours; Divya D,"About 35,499 pilgrims had Srivari Darshan from 3am to 6pm on January 28",https://news.tirumala.org/sarva-darshan-free-darshan-14-compartments-7-hours-divya-darshan-footpath-darshan-4-compartments-3-hours-special-entry-darshan-rs-300-darshan-direct/
2014-01-29,22987,3483,2014-01-29 18:38:37,month_day_year_inferred@title,,and waiting hours details- Sarva Darshan (Free darshan)- 8 compartments /4 hours; Divya Da,"About 22,987 pilgrims had Srivari Darshan from 3am to 6pm on January 29",https://news.tirumala.org/sarva-darshan-free-darshan-8-compartments-4-hours-divya-darshan-footpath-darshan-3-compartments-3-hours-special-entry-darshan-rs-300-darshan-direct/
2014-01-30,25345,3489,2014-01-30 19:36:05,month_day_year_inferred@title,,and waiting hours details- Sarva Darshan (Free darshan)- 15 compartments /12 hours; Divya,"About 25,345 pilgrims had Srivari Darshan from 3am to 6pm on January 30",https://news.tirumala.org/sarva-darshan-free-darshan-15-compartments-12-hours-divya-darshan-footpath-darshan-5-compartments-5-hours-special-entry-darshan-rs-300-darshan-closed/
2014-01-31,25445,3523,2014-01-31 18:23:45,month_day_year_inferred@title,,and waiting hours details- Sarva Darshan (Free darshan)- 16 compartments /9 hours; Divya D,"About 25,445 pilgrims had Srivari Darshan from 3am to 6pm on January 31",https://news.tirumala.org/3523/
2014-02-01,35456,3528,2014-02-01 19:08:33,month_day_year_inferred@title,,and waiting hours details- Sarva Darshan (Free darshan)- 6 compartments /4 hours; Divya Da,"About 35,456 pilgrims had Srivari Darshan from 3am to 6pm on February 1",https://news.tirumala.org/3528/
2014-02-02,38346,3568,2014-02-02 18:29:56,month_day_year_inferred@title,,and waiting hours details- Sarva Darshan (Free darshan)- 21 compartments /10 hours; Divya,"About 38,346 pilgrims had Srivari Darshan from 3am to 6pm on February 2",https://news.tirumala.org/sarva-darshan-free-darshan-21-compartments-10-hours-divya-darshan-footpath-darshan-7-compartments-5-hours-special-entry-darshan-rs-300-darshan-4-compartments-3-hours/
2014-02-03,38505,3587,2014-02-03 18:49:56,month_day_year_inferred@title,,and waiting hours details- Sarva Darshan (Free darshan)- 17 compartments /10 hours; Divya,"About 38,505 pilgrims had Srivari Darshan from 3am to 6pm on February 3",https://news.tirumala.org/sarva-darshan-free-darshan-17-compartments-10-hours-divya-darshan-footpath-darshan-7-compartments-5-hours-special-entry-darshan-rs-300-darshan-direct/
2014-02-04,28225,3597,2014-02-04 18:51:25,month_day_year_inferred@title,,and waiting hours details- Sarva Darshan (Free darshan)- 15 compartments /10 hours; Divya,"About 28,225 pilgrims had Srivari Darshan from 3am to 6pm on February 4",https://news.tirumala.org/about-28225-pilgrims-had-srivari-darshan-from-3am-to-6pm-on-february-4/
2014-02-06,42997,3617,2014-02-06 19:37:46,month_day_year_inferred@title,,and waiting hours details- Sarva Darshan (Free darshan)- 12 compartments /7 hours; Divya D,"About 42,997 pilgrims had Srivari Darshan from 3am to 6pm on February 6",https://news.tirumala.org/sarva-darshan-free-darshan-12-compartments-7-hours-divya-darshan-footpath-darshan-10-compartments-6-hours-special-entry-darshan-rs-300-darshan-closed/
2014-02-07,35437,3671,2014-02-07 18:24:17,month_day_year_inferred@title,,and waiting hours details- Sarva Darshan (Free darshan)- 28 compartments /14 hours; Divya,"About 35,437 pilgrims had Srivari Darshan from 3am to 6pm on February 7",https://news.tirumala.org/sarva-darshan-free-darshan-28-compartments-14-hours-divya-darshan-footpath-darshan-7-compartments-6-hours-special-entry-darshan-rs-300-darshan-4-compartments-3-hours/
2014-02-08,39123,3676,2014-02-08 19:18:57,month_day_year_inferred@title,,and waiting hours details- Sarva Darshan (Free darshan)- 22 compartments /11 hours; Divya,"About 39,123 pilgrims had Srivari Darshan from 3am to 6pm on February 8",https://news.tirumala.org/sarva-darshan-free-darshan-22-compartments-11-hours-divya-darshan-footpath-darshan-12-compartments-5-hours-special-entry-darshan-rs-300-darshan-6-compartments-3-hours/
2014-02-09,44180,3700,2014-02-09 18:33:17,month_day_year_inferred@title,20,and waiting hours details- Sarva Darshan (Free darshan)- line out/20 hours; Divya Darshan,"About 44,180 pilgrims had Srivari Darshan from 3am to 6pm on February 9",https://news.tirumala.org/sarva-darshan-free-darshan-line-out20-hours-divya-darshan-footpath-darshan-line-out-8-hours-special-entry-darshan-rs-300-darshan-closed/
2014-02-10,39003,3710,2014-02-10 18:22:21,month_day_year_inferred@title,,and waiting hours details- Sarva Darshan (Free darshan)- 18 compartments/12 hours; Divya D,"About 39,003 pilgrims had Srivari Darshan from 3am to 6pm on February 10",https://news.tirumala.org/sarva-darshan-free-darshan-18-compartments12-hours-divya-darshan-footpath-darshan-8-compartments-5-hours-special-entry-darshan-rs-300-darshan-4-compartments3-hours/
2014-02-11,27453,3733,2014-02-11 18:34:31,month_day_year_inferred@title,,and waiting hours details- Sarva Darshan (Free darshan)- 12 compartments/6 hours; Divya Da,"About 27,453 pilgrims had Srivari Darshan from 3am to 6pm on February 11",https://news.tirumala.org/about-27453-pilgrims-had-srivari-darshan-from-3am-to-6pm-on-february-11/
2014-02-12,28586,3747,2014-02-12 19:25:38,month_day_year_inferred@title,,and waiting hours details- Sarva Darshan (Free darshan)- 12 compartments/7 hours; Divya Da,"About 28,586 pilgrims had Srivari Darshan from 3am to 6pm on February 12",https://news.tirumala.org/sarva-darshan-free-darshan-12-compartments7-hours-divya-darshan-footpath-darshan-4-compartments-3-hours-special-entry-darshan-rs-300-darshan-direct/
2014-02-13,27567,3753,2014-02-13 18:47:16,month_day_year_inferred@title,,and waiting hours details- Sarva Darshan (Free darshan)- 20 compartments/10 hours; Divya D,"About 27,567 pilgrims had Srivari Darshan from 3am to 6pm on February 13",https://news.tirumala.org/sarva-darshan-free-darshan-20-compartments10-hours-divya-darshan-footpath-darshan-7-compartments-4-hours-special-entry-darshan-rs-300-darshan-closed/
2014-02-14,26444,3760,2014-02-14 18:24:03,month_day_year_inferred@title,,and waiting hours details- Sarva Darshan (Free darshan)- 24 compartments/12 hours; Divya D,"About 26,444 pilgrims had Srivari Darshan from 3am to 6pm on February 14",https://news.tirumala.org/sarva-darshan-free-darshan-24-compartments12-hours-divya-darshan-footpath-darshan-10-compartments-7-hours-special-entry-darshan-rs-300-darshan-6-compartments-4-hours/
2014-02-15,42017,3789,2014-02-15 19:12:19,month_day_year_inferred@title,,and waiting hours details- Sarva Darshan (Free darshan)- 26 compartments/17 hours; Divya D,"About 42,017 pilgrims had Srivari Darshan from 3am to 6pm on February 15",https://news.tirumala.org/sarva-darshan-free-darshan-26-compartments17-hours-divya-darshan-footpath-darshan-12-compartments-9-hours-special-entry-darshan-rs-300-darshan-closed/
2014-02-16,39879,3796,2014-02-16 22:01:28,month_day_year_inferred@title,,and waiting hours details- Sarva Darshan (Free darshan)- 31 compartments/20 hours; Divya D,"About 39,879 pilgrims had Srivari Darshan from 3am to 6pm on February 16",https://news.tirumala.org/sarva-darshan-free-darshan-31-compartments20-hours-divya-darshan-footpath-darshan-10-compartments-6-hours-special-entry-darshan-rs-300-darshan-closed/
2014-02-17,36009,3801,2014-02-17 18:38:59,month_day_year_inferred@title,,and waiting hours details- Sarva Darshan (Free darshan)- 15 compartments/10 hours; Divya D,"About 36,009 pilgrims had Srivari Darshan from 3am to 6pm on February 17",https://news.tirumala.org/sarva-darshan-free-darshan-15-compartments10-hours-divya-darshan-footpath-darshan-10-compartments-6-hours-special-entry-darshan-rs-300-darshan-3-compartments-2-hours/
2014-02-18,33231,3828,2014-02-18 20:37:57,month_day_year_inferred@title,,and waiting hours details- Sarva Darshan (Free darshan)- 14 compartments/7 hours; Divya Da,"About 33,231 pilgrims had Srivari Darshan from 3am to 6pm on February 18",https://news.tirumala.org/sarva-darshan-free-darshan-14-compartments7-hours-divya-darshan-footpath-darshan-4-compartments-3-hours-special-entry-darshan-rs-300-darshan-direct/
2014-02-19,20345,3851,2014-02-19 18:45:31,month_day_year_inferred@title,,and waiting hours details- Sarva Darshan (Free darshan)- 14 compartments/ 7 hours; Divya D,"About 20,345 pilgrims had Srivari Darshan from 3am to 6pm on February 19",https://news.tirumala.org/sarva-darshan-free-darshan-14-compartments-7-hours-divya-darshan-footpath-darshan-7-compartments-4-hours-special-entry-darshan-rs-300-darshan-direct/
2014-02-20,24343,3884,2014-02-20 19:11:32,month_day_year_inferred@title,,and waiting hours details- Sarva Darshan (Free darshan)- 16 compartments/ 12 hours; Divya,"About 24,343 pilgrims had Srivari Darshan from 3am to 6pm on February 20",https://news.tirumala.org/sarva-darshan-free-darshan-16-compartments-12-hours-divya-darshan-footpath-darshan-9-compartments-7-hours-special-entry-darshan-rs-300-darshan-closed/
2014-02-21,30375,3911,2014-02-21 19:26:00,month_day_year_inferred@title,,and waiting hours details- Sarva Darshan (Free darshan)- 25 compartments/ 14 hours; Divya,"About 30,375 pilgrims had Srivari Darshan from 3am to 6pm on February 21",https://news.tirumala.org/sarva-darshan-free-darshan-25-compartments-14-hours-divya-darshan-footpath-darshan-8-compartments-6-hours-special-entry-darshan-rs-300-darshan-direct/
2014-02-23,38974,4014,2014-02-23 18:35:55,month_day_year_inferred@title,,and waiting hours details- Sarva Darshan (Free darshan)- 31 compartments/ 18 hours; Divya,"About 38,974 pilgrims had Srivari Darshan from 3am to 6pm on February 23",https://news.tirumala.org/about-38974-pilgrims-had-srivari-darshan-from-3am-to-6pm-on-february-23/
2014-02-24,41467,4048,2014-02-24 18:26:45,month_day_year_inferred@title,,and waiting hours details- Sarva Darshan (Free darshan)- 20 compartments/ 12 hours; Divya,"About 41,467 pilgrims had Srivari Darshan from 3am to 6pm on February 24",https://news.tirumala.org/sarva-darshan-free-darshan-20-compartments-12-hours-divya-darshan-footpath-darshan-10-compartments-5-hours-special-entry-darshan-rs-300-darshan-4-compartments-3-hours/
2014-02-25,31231,4075,2014-02-25 18:21:04,month_day_year_inferred@title,,and waiting hours details- Sarva Darshan (Free darshan)- 15 compartments/ 10 hours; Divya,"About 31,231 pilgrims had Srivari Darshan from 3am to 6pm on February 25",https://news.tirumala.org/sarva-darshan-free-darshan-15-compartments-10-hours-divya-darshan-footpath-darshan-9-compartments-5-hours-special-entry-darshan-rs-300-darshan-direct/
2014-02-26,21245,4124,2014-02-26 18:33:52,month_day_year_inferred@title,,and waiting hours details- Sarva Darshan (Free darshan)- 10 compartments/ 5 hours; Divya D,"About 21,245 pilgrims had Srivari Darshan from 3am to 6pm on February 26",https://news.tirumala.org/sarva-darshan-free-darshan-10-compartments-5-hours-divya-darshan-footpath-darshan-6-compartments-3-hours-special-entry-darshan-rs-300-darshan-direct-2/
2014-02-27,30445,4151,2014-02-27 18:44:10,month_day_year_inferred@title,,and waiting hours details- Sarva Darshan (Free darshan)- 20 compartments/ 12 hours; Divya,"About 30,445 pilgrims had Srivari Darshan from 3am to 6pm on February 27",https://news.tirumala.org/sarva-darshan-free-darshan-20-compartments-12-hours-divya-darshan-footpath-darshan-10-compartments-8-hours-special-entry-darshan-rs-300-darshan-closed/
2014-02-28,27089,4177,2014-02-28 19:13:58,month_day_year_inferred@title,,and waiting hours details- Sarva Darshan (Free darshan)- 24 compartments/ 12 hours; Divya,"About 27,089 pilgrims had Srivari Darshan from 3am to 6pm on February 28",https://news.tirumala.org/arva-darshan-free-darshan-24-compartments-12-hours-divya-darshan-footpath-darshan-6-compartments-5-hours-special-entry-darshan-rs-300-darshan-direct/
2014-03-01,38139,4190,2014-03-01 18:51:22,month_day_year_inferred@title,,and waiting hours details- Sarva Darshan (Free darshan)- 14 compartments/ 10 hours; Divya,"About 38,139 pilgrims had Srivari Darshan from 3am to 6pm on March 1",https://news.tirumala.org/about-38139-pilgrims-had-srivari-darshan-from-3am-to-6pm-on-march-1/
2014-03-02,41933,4195,2014-03-02 18:39:42,month_day_year_inferred@title,,and waiting hours details- Sarva Darshan (Free darshan)- 22 compartments/ 12 hours; Divya,"About 41,933 pilgrims had Srivari Darshan from 3am to 6pm on March 2",https://news.tirumala.org/sarva-darshan-free-darshan-22-compartments-12-hours-divya-darshan-footpath-darshan-10-compartments-6-hours-special-entry-darshan-rs-300-darshan-direct/
2014-03-03,30343,4201,2014-03-03 18:16:21,month_day_year_inferred@title,,and waiting hours details- Sarva Darshan (Free darshan)- 14 compartments/ 7 hours; Divya D,"About 30,343 pilgrims had Srivari Darshan from 3am to 6pm on March 3",https://news.tirumala.org/about-30343-pilgrims-had-srivari-darshan-from-3am-to-6pm-on-march-3/
2014-03-05,31530,4213,2014-03-05 18:22:57,month_day_year_inferred@title,,and waiting hours details- Sarva Darshan (Free darshan)- 11 compartments/ 6 hours; Divya D,"About 31,530 pilgrims had Srivari Darshan from 3am to 6pm on March 5",https://news.tirumala.org/about-31530-pilgrims-had-srivari-darshan-from-3am-to-6pm-on-march-5/
2014-03-06,27582,4223,2014-03-06 18:33:59,month_day_year_inferred@title,,and waiting hours details- Sarva Darshan (Free darshan)- 20 compartments/ 10 hours; Divya,"About 27,582 pilgrims had Srivari Darshan from 3am to 6pm on March 6",https://news.tirumala.org/sarva-darshan-free-darshan-20-compartments-10-hours-divya-darshan-footpath-darshan-6-compartments-5-hours-special-entry-darshan-rs-300-darshan-closed/
2014-03-08,46116,4254,2014-03-08 18:20:08,month_day_year_inferred@title,,and waiting hours details- Sarva Darshan (Free darshan)- 30 compartments/ 17 hours; Divya,"About 46,116 pilgrims had Srivari Darshan from 3am to 6pm on March 8",https://news.tirumala.org/about-46116-pilgrims-had-srivari-darshan-from-3am-to-6pm-on-march-8/
2014-03-09,48324,4261,2014-03-09 07:10:50,month_day_year_inferred@title,22,and waiting hours details- Sarva Darshan (Free darshan)- line out / 22 hours; Divya Darsha,"About 48,324 pilgrims had Srivari Darshan from 3am to 6pm on March 9",https://news.tirumala.org/sarva-darshan-free-darshan-line-out-22-hours-divya-darshan-footpath-darshan-line-out-12-hours-special-entry-darshan-rs-300-darshan-line-out-7-hours/
2014-03-10,40123,4270,2014-03-10 18:31:40,month_day_year_inferred@title,,and waiting hours details- Sarva Darshan (Free darshan)- 20 compartments/ 15 hours; Divya,"About 40,123 pilgrims had Srivari Darshan from 3am to 6pm on March 10",https://news.tirumala.org/sarva-darshan-free-darshan-20-compartments-15-hours-divya-darshan-footpath-darshan-8-compartments-6-hours-special-entry-darshan-rs-300-darshan-4-compartments-2-hours/
2014-03-11,30778,4283,2014-03-11 18:35:48,month_day_year_inferred@title,,and waiting hours details- Sarva Darshan (Free darshan)- 16 compartments/ 8 hours; Divya D,"About 30,778 pilgrims had Srivari Darshan from 3am to 6pm on March 11",https://news.tirumala.org/sarva-darshan-free-darshan-16-compartments-8-hours-divya-darshan-footpath-darshan-6-compartments-4-hours-special-entry-darshan-rs-300-darshan-direct/
2014-03-12,27716,4307,2014-03-12 18:24:40,month_day_year_inferred@title,,and waiting hours details- Sarva Darshan (Free darshan)- 14 compartments/ 7 hours; Divya D,"About 27,716 pilgrims had Srivari Darshan from 3am to 6pm on March 12",https://news.tirumala.org/sarva-darshan-free-darshan-14-compartments-7-hours-divya-darshan-footpath-darshan-5-compartments-3-hours-special-entry-darshan-rs-300-darshan-direct/
2014-03-13,30703,4315,2014-03-13 18:50:06,month_day_year_inferred@title,,and waiting hours details- Sarva Darshan (Free darshan)- 16 compartments/ 10 hours; Divya,"About 30,703 pilgrims had Srivari Darshan from 3am to 6pm on March 13",https://news.tirumala.org/sarva-darshan-free-darshan-16-compartments-10-hours-divya-darshan-footpath-darshan-5-compartments-4-hours-special-entry-darshan-rs-300-darshan-closed/
2014-03-16,45237,4357,2014-03-16 19:24:15,month_day_year_inferred@title,30,and waiting hours details- Sarva Darshan (Free darshan)- line out/ 30 hours; Divya Darshan,"About 45,237 pilgrims had Srivari Darshan from 3am to 6pm on March 16",https://news.tirumala.org/sarva-darshan-free-darshan-line-out-30-hours-divya-darshan-footpath-darshan-line-out-12-hours-special-entry-darshan-rs-300-darshan-2-compartments-4-hours/
2014-03-18,30100,4386,2014-03-18 18:35:05,month_day_year_inferred@title,,and waiting hours details- Sarva Darshan (Free darshan)- 18 compartments/ 8 hours; Divya D,"About 30,100 pilgrims had Srivari Darshan from 3am to 6pm on March 18",https://news.tirumala.org/about-30100-pilgrims-had-srivari-darshan-from-3am-to-6pm-on-march-18/
2014-03-19,27727,4424,2014-03-19 18:34:16,month_day_year_inferred@title,,and waiting hours details- Sarva Darshan (Free darshan)- 15 compartments/ 8 hours; Divya D,"About 27,727 pilgrims had Srivari Darshan from 3am to 6pm on March 19",https://news.tirumala.org/sarva-darshan-free-darshan-15-compartments-8-hours-divya-darshan-footpath-darshan-4-compartments-3-hours-special-entry-darshan-rs-300-darshan-direct/
2014-03-20,32481,4443,2014-03-20 18:25:03,month_day_year_inferred@title,,and waiting hours details- Sarva Darshan (Free darshan)- 24 compartments/ 15 hours; Divya,"About 32,481 pilgrims had Srivari Darshan from 3am to 6pm on March 20",https://news.tirumala.org/about-32481-pilgrims-had-srivari-darshan-from-3am-to-6pm-on-march-20/
2014-03-21,32322,4475,2014-03-21 19:22:34,month_day_year_inferred@title,,and waiting hours details- Sarva Darshan (Free darshan)- 24 compartments/ 13; Divya Darsha,"About 32,322 pilgrims had Srivari Darshan from 3am to 6pm on March 21",https://news.tirumala.org/sarva-darshan-free-darshan-24-compartments-13-divya-darshan-footpath-darshan-6-compartments-4-hours-special-entry-darshan-rs-300-darshan-3-compartments-3-hours/
2014-03-22,39090,4498,2014-03-22 18:23:54,month_day_year_inferred@title,,and waiting hours details- Sarva Darshan (Free darshan)- 31 compartments/ 20; Divya Darsha,"About 39,090 pilgrims had Srivari Darshan from 3am to 6pm on March 22",https://news.tirumala.org/sarva-darshan-free-darshan-31-compartments-20-divya-darshan-footpath-darshan-13-compartments-8-hours-special-entry-darshan-rs-300-darshan-closed/
2014-03-23,49567,4512,2014-03-23 18:34:32,month_day_year_inferred@title,,and waiting hours details- Sarva Darshan (Free darshan)- lineout/ 23; Divya Darshan (Footp,"About 49,567 pilgrims had Srivari Darshan from 3am to 6pm on March 23",https://news.tirumala.org/about-49567-pilgrims-had-srivari-darshan-from-3am-to-6pm-on-march-23/
2014-03-24,35389,4526,2014-03-24 18:19:56,month_day_year_inferred@title,,and waiting hours details- Sarva Darshan (Free darshan)- 13 compartments/ 6 hours; Divya D,"About 35,389 pilgrims had Srivari Darshan from 3am to 6pm on March 24",https://news.tirumala.org/sarva-darshan-free-darshan-13-compartments-6-hours-divya-darshan-footpath-darshan-4-compartments-4-hours-special-entry-darshan-rs-300-darshan-4-compartments3-hours/
2014-03-25,21585,4552,2014-03-25 18:49:44,month_day_year_inferred@title,,and waiting hours details- Sarva Darshan (Free darshan)- 20 compartments/ 10 hours; Divya,"About 21,585 pilgrims had Srivari Darshan from 3am to 6pm on March 25",https://news.tirumala.org/sarva-darshan-free-darshan-20-compartments-10-hours-divya-darshan-footpath-darshan-7-compartments-6-hours-special-entry-darshan-rs-300-darshan-5-compartments-3-hours/
2014-03-26,29776,4588,2014-03-26 20:01:43,month_day_year_inferred@title,,and waiting hours details- Sarva Darshan (Free darshan)- 23 compartments/ 10 hours; Divya,"About 29,776 pilgrims had Srivari Darshan from 3am to 6pm on March 26",https://news.tirumala.org/arva-darshan-free-darshan-23-compartments-10-hours-divya-darshan-footpath-darshan-7-compartments-5-hours-special-entry-darshan-rs-300-darshan-2-compartments-2-hours/
2014-03-27,31239,4617,2014-03-27 18:30:53,month_day_year_inferred@title,,and waiting hours details- Sarva Darshan (Free darshan)- 30 compartments/ 20 hours; Divya,"About 31,239 pilgrims had Srivari Darshan from 3pm to 6pm on March 27",https://news.tirumala.org/sarva-darshan-free-darshan-30-compartments-20-hours-divya-darshan-footpath-darshan-10-compartments-8-hours-special-entry-darshan-rs-300-darshan-closed/
2014-03-28,32573,4652,2014-03-28 18:19:17,month_day_year_inferred@title,24,and waiting hours details- Sarva Darshan (Free darshan)- Line Outside/ 24 hours; Divya Dar,"About 32,573 pilgrims had Srivari Darshan from 3am to 6pm on March 28",https://news.tirumala.org/about-32573-pilgrims-had-srivari-darshan-from-3am-to-6pm-on-march-28/
2014-03-29,47472,4657,2014-03-29 18:24:57,month_day_year_inferred@title,,and waiting hours details- Sarva Darshan (Free darshan)- 31 compartments/ 24 hours; Divya,"About 47,472 pilgrims had Srivari Darshan from 3am to 6pm on March 29",https://news.tirumala.org/sarva-darshan-free-darshan-31-compartments-24-hours-divya-darshan-footpath-darshan-11-compartments-9-hours-special-entry-darshan-rs-300-darshan-closed/
2014-03-30,45025,4695,2014-03-30 18:40:47,month_day_year_inferred@title,,and waiting hours details- Sarva Darshan (Free darshan)- 31 compartments/ 25 hours; Divya,"About 45,025 pilgrims had Srivari Darshan from 3pm to 6pm on March 30",https://news.tirumala.org/sarva-darshan-free-darshan-31-compartments-25-hours-divya-darshan-footpath-darshan-11-compartments-9-hours-special-entry-darshan-rs-300-darshan-closed/
2014-03-31,39252,4700,2014-03-31 18:21:05,month_day_year_inferred@title,,and waiting hours details- Sarva Darshan (Free darshan)- 22 compartments/ 16 hours; Divya,"About 39,252 pilgrims had Srivari Darshan from 3am to 6pm on March 31",https://news.tirumala.org/sarva-darshan-free-darshan-22-compartments-16-hours-divya-darshan-footpath-darshan-12-compartments-10-hours-special-entry-darshan-rs-300-darshan-closed/
2014-04-01,32170,4751,2014-04-01 18:09:21,month_day_year_inferred@title,,and waiting hours details- Sarva Darshan (Free darshan)- 15 compartments/ 8 hours; Divya D,"About 32,170 pilgrims had Srivari Darshan from 3am to 6pm on April 1",https://news.tirumala.org/sarva-darshan-free-darshan-15-compartments-8-hours-divya-darshan-footpath-darshan-5-compartments-3-hours-special-entry-darshan-rs-300-darshan-direct/
2014-04-02,29850,4796,2014-04-02 19:34:08,month_day_year_inferred@title,,and waiting hours details- Sarva Darshan (Free darshan)- 15 compartments/ 6 hours; Divya D,"About 29,850 pilgrims had Srivari Darshan from 3am to 6pm on April 2",https://news.tirumala.org/sarva-darshan-free-darshan-15-compartments-6-hours-divya-darshan-footpath-darshan-5-compartments-3-hours-special-entry-darshan-rs-300-darshan-direct/
2014-04-03,30718,4814,2014-04-03 18:33:48,month_day_year_inferred@title,,and waiting hours details- Sarva Darshan (Free darshan)- 19 compartments/20 hours; Divya D,"About 30,718 pilgrims had Srivari Darshan from 3am to 6pm on April 3",https://news.tirumala.org/sarva-darshan-free-darshan-19-compartments20-hours-divya-darshan-footpath-darshan-4-compartments-6-hours-special-entry-darshan-rs-300-darshan-closed/
2014-04-04,32831,4831,2014-04-04 18:25:53,month_day_year_inferred@title,,and waiting hours details- Sarva Darshan (Free darshan)- 22 compartments/20 hours; Divya D,"About 32,831 pilgrims had Srivari Darshan from 3am to 6pm on April 4",https://news.tirumala.org/sarva-darshan-free-darshan-22-compartments20-hours-divya-darshan-footpath-darshan-9-compartments-7-hours-special-entry-darshan-rs-300-darshan-4-compartments-2-hours/
2014-04-05,41910,4850,2014-04-05 18:46:05,month_day_year_inferred@title,,and waiting hours details- Sarva Darshan (Free darshan)- 25 compartments/18 hours; Divya D,"About 41,910 pilgrims had Srivari Darshan from 3am to 6pm on April 5",https://news.tirumala.org/sarva-darshan-free-darshan-25-compartments18-hours-divya-darshan-footpath-darshan-10-compartments-5-hours-special-entry-darshan-rs-300-darshan-closed/
2014-04-06,44458,4867,2014-04-06 19:59:37,month_day_year_inferred@title,,and waiting hours details- Sarva Darshan (Free darshan)- 26 compartments/18 hours; Divya D,"About 44,458 pilgrims had Srivari Darshan from 3am to 6pm on April 6",https://news.tirumala.org/sarva-darshan-free-darshan-26-compartments18-hours-divya-darshan-footpath-darshan-7-compartments-5-hours-special-entry-darshan-rs-300-darshan-closed/
2014-04-07,37173,4878,2014-04-07 18:50:59,month_day_year_inferred@title,,and waiting hours details- Sarva Darshan (Free darshan)- 12 compartments/ 8 hours; Divya D,"About 37,173 pilgrims had Srivari Darshan from 3am to 6pm on April 7",https://news.tirumala.org/sarva-darshan-free-darshan-12-compartments-8-hours-divya-darshan-footpath-darshan-6-compartments-3-hours-special-entry-darshan-rs-300-darshan-direct/
2014-04-08,25876,4916,2014-04-08 18:30:48,month_day_year_inferred@title,,and waiting hours details- Sarva Darshan (Free darshan)- 10 compartments/ 6 hours; Divya D,"About 25,876 pilgrims had Srivari Darshan from 3am to 6pm on April 8",https://news.tirumala.org/sarva-darshan-free-darshan-10-compartments-6-hours-divya-darshan-footpath-darshan-5-compartments-4-hours-special-entry-darshan-rs-300-darshan-direct/
2014-04-09,24529,4942,2014-04-09 19:37:42,month_day_year_inferred@title,,and waiting hours details- Sarva Darshan (Free darshan)- 5 compartments/ 4 hours; Divya Da,"About 24,529 pilgrims had Srivari Darshan from 3am to 6pm on April 9",https://news.tirumala.org/sarva-darshan-free-darshan-5-compartments-4-hours-divya-darshan-footpath-darshan-3-compartments-2-hours-special-entry-darshan-rs-300-darshan-direct/
2014-04-10,33175,4956,2014-04-10 18:53:47,month_day_year_inferred@title,,and waiting hours details- Sarva Darshan (Free darshan)- 12 compartments/ 7 hours; Divya D,"About 33,175 pilgrims had Srivari Darshan from 3am to 6pm on April 10.",https://news.tirumala.org/about-33175-pilgrims-had-srivari-darshan-from-3am-to-6pm-on-april-10/
2014-04-11,20446,4962,2014-04-11 18:59:37,month_day_year_inferred@title,,and waiting hours details- Sarva Darshan (Free darshan)- 18 compartments/ 20 hours; Divya,"About 20,446 pilgrims had Srivari Darshan from 3am to 6pm on April 11",https://news.tirumala.org/sarva-darshan-free-darshan-18-compartments-20-hours-divya-darshan-footpath-darshan-5-compartments-3-hours-special-entry-darshan-rs-300-darshan-direct/
2014-04-12,43323,4985,2014-04-12 18:02:12,month_day_year_inferred@title,,and waiting hours details- Sarva Darshan (Free darshan)- 20 compartments/ 12 hours; Divya,"About 43,323 pilgrims had Srivari Darshan from 3am to 6pm on April 12",https://news.tirumala.org/sarva-darshan-free-darshan-20-compartments-12-hours-divya-darshan-footpath-darshan-8-compartments-5-hours-special-entry-darshan-rs-300-darshan-5-compartments-3-hours/
2014-04-13,52023,5015,2014-04-13 18:50:17,month_day_year_inferred@title,20,and waiting hours details- Sarva Darshan (Free darshan)- outside line / 20 hours; Divya Da,"About 52,023 pilgrims had Srivari Darshan from 3am to 6pm on April 13",https://news.tirumala.org/about-52023-pilgrims-had-srivari-darshan-from-3am-to-6pm-on-april-13/
2014-04-14,44378,5048,2014-04-14 18:30:43,month_day_year_inferred@title,,and waiting hours details- Sarva Darshan (Free darshan)- 31 compartments / 15 hours; Divya,"About 44,378 pilgrims had Srivari Darshan from 3am to 6pm on April 14",https://news.tirumala.org/about-44378-pilgrims-had-srivari-darshan-from-3am-to-6pm-on-april-14/
2014-04-15,35908,5075,2014-04-15 21:58:32,month_day_year_inferred@title,,and waiting hours details- Sarva Darshan (Free darshan)- 16 compartments / 8 hours; Divya,"About 35,908 pilgrims had Srivari Darshan from 3am to 6pm on April 15",https://news.tirumala.org/sarva-darshan-free-darshan-16-compartments-8-hours-divya-darshan-footpath-darshan-5-compartments-3-hours-special-entry-darshan-rs-300-darshan-direct/
2014-04-16,30004,5086,2014-04-16 19:09:37,month_day_year_inferred@title,,and waiting hours details- Sarva Darshan (Free darshan)- 12 compartments / 8 hours; Divya,"About 30,004 pilgrims had Srivari Darshan from 3am to 6pm on April 16",https://news.tirumala.org/sarva-darshan-free-darshan-12-compartments-8-hours-divya-darshan-footpath-darshan-2-compartments-2-hours-special-entry-darshan-rs-300-darshan-direct/
2014-04-17,35200,5097,2014-04-17 18:28:31,month_day_year_inferred@title,,and waiting hours details- Sarva Darshan (Free darshan)- 20 compartments / 18 hours; Divya,"About 35,200 pilgrims had Srivari Darshan from 3am to 6pm on April 17",https://news.tirumala.org/about-35200-pilgrims-had-srivari-darshan-from-3am-to-6pm-on-april-17/
2014-04-20,49374,5124,2014-04-20 18:25:09,month_day_year_inferred@title,25,and waiting hours details- Sarva Darshan (Free darshan)- lineout / 25 hours; Divya Darshan,"About 49,374 pilgrims had Srivari Darshan from 3am to 6pm on April 20",https://news.tirumala.org/about-49374-pilgrims-had-srivari-darshan-from-3am-to-6pm-on-april-20/
2014-04-23,25014,5144,2014-04-23 18:39:14,month_day_year_inferred@title,,and waiting hours details- Sarva Darshan (Free darshan)- 10 compartments / 8 hours; Divya,"About 25,014 pilgrims had Srivari Darshan from 3am to 6pm on April 23",https://news.tirumala.org/sarva-darshan-free-darshan-10-compartments-8-hours-divya-darshan-footpath-darshan-2-compartments-2-hours-special-entry-darshan-rs-300-darshan-direct-line/
2014-04-24,29006,5180,2014-04-24 19:00:07,month_day_year_inferred@title,,and waiting hours details- Sarva Darshan (Free darshan)- 16 compartments / 12 hours; Divya,"About 29,006 pilgrims had Srivari Darshan from 3am to 6pm on April 24",https://news.tirumala.org/sarva-darshan-free-darshan-16-compartments-12-hours-divya-darshan-footpath-darshan-6-compartments-6-hours-special-entry-darshan-rs-300-darshan-closed/
2014-04-25,37516,5198,2014-04-25 18:27:48,month_day_year_inferred@title,20,and waiting hours details- Sarva Darshan (Free darshan)- line outside / 20 hours; Divya Da,"About 37,516 pilgrims had Srivari Darshan from 3am to 6pm on April 25",https://news.tirumala.org/sarva-darshan-free-darshan-line-outside-20-hours-divya-darshan-footpath-darshan-line-outside-14-hours-special-entry-darshan-rs-300-darshan-closed/
2014-04-26,39415,5235,2014-04-26 20:30:07,month_day_year_inferred@title,24,and waiting hours details- Sarva Darshan (Free darshan)- line outside / 24 hours; Divya Da,"About 39,415 pilgrims had Srivari Darshan from 3am to 6pm on April 26",https://news.tirumala.org/sarva-darshan-free-darshan-line-outside-24-hours-divya-darshan-footpath-darshan-line-outside-12-hours-special-entry-darshan-rs-300-darshan-closed/
2014-04-27,42753,5252,2014-04-27 18:12:07,month_day_year_inferred@title,24,and waiting hours details- Sarva Darshan (Free darshan)- line outside / 24 hours; Divya Da,"About 42,753 pilgrims had Srivari Darshan from 3am to 6pm on April 27",https://news.tirumala.org/about-42753-pilgrims-had-srivari-darshan-from-3am-to-6pm-on-april-27/
2014-04-28,45149,5290,2014-04-28 18:30:10,month_day_year_inferred@title,,and waiting hours details- Sarva Darshan (Free darshan)- 17 compartments / 12 hours; Divya,"About 45,149 pilgrims had Srivari Darshan from 3am to 6pm on April 28",https://news.tirumala.org/sarva-darshan-free-darshan-17-compartments-12-hours-divya-darshan-footpath-darshan-7-compartments-5-hours-special-entry-darshan-rs-300-darshan-3-compartments-2-hours/
2014-04-29,32339,5304,2014-04-29 18:29:09,month_day_year_inferred@body,,and waiting hours details- Sarva Darshan (Free darshan)- 10 compartments /7 hours; Divya D,Sarva Darshan (Free darshan)- 10 compartments /7 hours; Divya Darshan (Footpath darshan)- 4 compartments /3 hours; Special Entry Darshan (Rs.300 Darshan) direct,https://news.tirumala.org/sarva-darshan-free-darshan-10-compartments-7-hours-divya-darshan-footpath-darshan-4-compartments-3-hours-special-entry-darshan-rs-300-darshan-direct/
2014-04-30,24231,5333,2014-04-30 18:38:51,month_day_year_inferred@title,,and waiting hours details- Sarva Darshan (Free darshan)- 10 compartments /6 hours; Divya D,"About 24,231 pilgrims had Srivari Darshan from 3am to 6pm on April 30.",https://news.tirumala.org/sarva-darshan-free-darshan-10-compartments-6-hours-divya-darshan-footpath-darshan-3-compartments-2-hours-special-entry-darshan-rs-300-darshan-direct/
2014-05-01,34740,5338,2014-05-01 18:54:35,month_day_year_inferred@title,,and waiting hours details- Sarva Darshan (Free darshan)- 31 compartments /20 hours; Divya,"About 34,740 pilgrims had Srivari Darshan from 3am to 6pm on May 1",https://news.tirumala.org/sarva-darshan-free-darshan-31-compartments-20-hours-divya-darshan-footpath-darshan-10-compartments-10-hours-special-entry-darshan-rs-300-darshan-closed/
2014-05-03,44789,5369,2014-05-03 19:22:52,month_day_year_inferred@title,24,and waiting hours details- Sarva Darshan (Free darshan)- line outside/24 hours; Divya Dars,"About 44,789 pilgrims had Srivari Darshan from 3am to 6pm on May 3",https://news.tirumala.org/sarva-darshan-free-darshan-line-outside24-hours-divya-darshan-footpath-darshan-line-outside-13-hours-special-entry-darshan-rs-300-darshan-closed/
2014-05-04,48600,5386,2014-05-04 22:10:48,month_day_year_inferred@title,24,and waiting hours details- Sarva Darshan (Free darshan)- line outside/24 hours; Divya Dars,"About 48,600 pilgrims had Srivari Darshan from 3am to 6pm on May 4",https://news.tirumala.org/sarva-darshan-free-darshan-line-outside24-hours-divya-darshan-footpath-darshan-line-outside-16-hours-special-entry-darshan-rs-300-darshan-closed/
2014-05-05,39085,5393,2014-05-05 18:43:59,month_day_year_inferred@title,,and waiting hours details- Sarva Darshan (Free darshan)- 28 compartments/14 hours; Divya D,"About 39,085 pilgrims had Srivari Darshan from 3am to 6pm May 5",https://news.tirumala.org/sarva-darshan-free-darshan-28-compartments14-hours-divya-darshan-footpath-darshan-8-compartmetns-5-hours-special-entry-darshan-rs-300-darshan-3-compartments-2-hours/
2014-05-06,32309,5405,2014-05-06 18:28:37,month_day_year_inferred@title,,and waiting hours details- Sarva Darshan (Free darshan)- 16 compartments/ 10 hours; Divya,"About 32,309 pilgrims had Srivari Darshan from 3am to 6pm on May 6",https://news.tirumala.org/sarva-darshan-free-darshan-16-compartments-10-hours-divya-darshan-footpath-darshan-6-compartments-5-hours-special-entry-darshan-rs-300-darshan-direct/
2014-05-07,32744,5412,2014-05-07 18:21:24,month_day_year_inferred@title,,and waiting hours details- Sarva Darshan (Free darshan)- 14 compartments/ 10 hours; Divya,"About 32,744 pilgrims had Srivari Darshan from 3am to 6pm on May 7",https://news.tirumala.org/about-32744-pilgrims-had-srivari-darshan-from-3am-to-6pm-on-may-7/
2014-05-08,37920,5417,2014-05-08 18:26:59,month_day_year_inferred@title,,and waiting hours details- Sarva Darshan (Free darshan)- 12 compartments/ 10 hours; Divya,"About 37,920 pilgrims had Srivari Darshan from 3am to 6pm on May 8",https://news.tirumala.org/sarva-darshan-free-darshan-12-compartments-10-hours-divya-darshan-footpath-darshan-4-compartments-5-hours-special-entry-darshan-rs-300-darshan-direct/
2014-05-11,40320,5467,2014-05-11 18:46:25,month_day_year_inferred@title,24,and waiting hours details- Sarva Darshan (Free darshan)- line outside / 24 hours; Divya Da,"About 40,320 pilgrims had Srivari Darshan from 3am to 6pm on May 11",https://news.tirumala.org/sarva-darshan-free-darshan-line-outside-24-hours-divya-darshan-footpath-darshan-line-outside-10-hours-special-entry-darshan-rs-300-darshan-closed/
2014-05-12,44586,5516,2014-05-12 18:43:00,month_day_year_inferred@title,24,and waiting hours details- Sarva Darshan (Free darshan)- line outside / 24 hours; Divya Da,"About 44,586 pilgrims had Srivari Darshan from 3am to 6pm on May 12",https://news.tirumala.org/sarva-darshan-free-darshan-line-outside-24-hours-divya-darshan-footpath-darshan-line-outside-12-hours-special-entry-darshan-rs-300-darshan-closed-2/
2014-05-13,41800,5541,2014-05-13 18:25:35,month_day_year_inferred@title,,and waiting hours details- Sarva Darshan (Free darshan)- 28 compartments / 20 hours; Divya,"About 41,800 pilgrims had Srivari Darshan from 3am to 6pm May 13",https://news.tirumala.org/about-41800-pilgrims-had-srivari-darshan-from-3am-to-6pm-may-13/
2014-05-14,31691,5565,2014-05-14 18:30:19,month_day_year_inferred@title,,and waiting hours details- Sarva Darshan (Free darshan)- 22 compartments / 18 hours; Divya,"About 31,691 pilgrims had Srivari Darshan from 3am to 6pm May 14",https://news.tirumala.org/sarva-darshan-free-darshan-22-compartments-18-hours-divya-darshan-footpath-darshan-8-compartments-6-hours-special-entry-darshan-rs-300-darshan-3-compartments2-hours/
2014-05-15,35120,5588,2014-05-15 18:46:06,month_day_year_inferred@title,,and waiting hours details- Sarva Darshan (Free darshan)- 24 compartments / 22 hours; Divya,"About 35,120 pilgrims had Srivari Darshan from 3am to 6pm on May 15",https://news.tirumala.org/sarva-darshan-free-darshan-24-compartments-22-hours-divya-darshan-footpath-darshan-13-compartments-10-hours-special-entry-darshan-rs-300-darshan-closed/
2014-05-16,38879,5598,2014-05-16 18:59:15,month_day_year_inferred@title,,and waiting hours details- Sarva Darshan (Free darshan)- 31 compartments / 24 hours; Divya,"About 38,879 pilgrims had Srivari Darshan from 3am to 6pm on May 16.",https://news.tirumala.org/about-38879-pilgrims-had-srivari-darshan-from-3am-to-6pm-on-may-16/
2014-05-17,32852,5614,2014-05-17 18:18:20,month_day_year_inferred@title,,and waiting hours details- Sarva Darshan (Free darshan)- 24 compartments / 18 hours; Divya,"About 32,852 pilgrims had Srivari Darshan from 3am to 6pm on May 17",https://news.tirumala.org/sarva-darshan-free-darshan-24-compartments-18-hours-divya-darshan-footpath-darshan-10-compartments-5-hours-special-entry-darshan-rs-300-darshan-closed/
2014-05-18,45665,5673,2014-05-18 18:26:12,month_day_year_inferred@title,24,and waiting hours details- Sarva Darshan (Free darshan)- line outside / 24 hours; Divya Da,"About 45,665 pilgrims had Srivari Darshan from 3am to 6pm on May 18",https://news.tirumala.org/sarva-darshan-free-darshan-line-outside-24-hours-divya-darshan-footpath-darshan-line-outside-10-hours-special-entry-darshan-rs-300-darshan-closed-2/
2014-05-19,24310,5706,2014-05-19 18:27:16,month_day_year_inferred@title,24,and waiting hours details- Sarva Darshan (Free darshan)- line outside / 24 hours; Divya Da,"About 24,310 pilgrims had Srivari Darshan from 3am to 6pm on May 19",https://news.tirumala.org/sarva-darshan-free-darshan-line-outside-24-hours-divya-darshan-footpath-darshan-10-compartments-6-hours-special-entry-darshan-rs-300-darshan-closed/
2014-05-22,35579,5762,2014-05-22 18:27:23,month_day_year_inferred@title,24,and waiting hours details- Sarva Darshan (Free darshan)- Line outside/ 24 hours; Divya Dar,"About 35,579 pilgrims had Srivari Darshan from 3am to 6pm on May 22.",https://news.tirumala.org/about-35579-pilgrims-had-srivari-darshan-from-3am-to-6pm-on-may-22/
2014-05-23,35205,5795,2014-05-23 18:21:34,month_day_year_inferred@title,24,and waiting hours details- Sarva Darshan (Free darshan)- Line outside/ 24 hours; Divya Dar,"About 35,205 pilgrims had Srivari Darshan from 3am to 6pm on May 23",https://news.tirumala.org/sarva-darshan-free-darshan-line-outside-24-hours-divya-darshan-footpath-darshan-line-outside-14-hours-special-entry-darshan-rs-300-darshan-closed/
2014-05-24,41780,5823,2014-05-24 20:35:10,month_day_year_inferred@title,26,and waiting hours details- Sarva Darshan (Free darshan)- Line outside/ 26 hours; Divya Dar,"About 41,780 pilgrims had Srivari Darshan from 3am to 6pm on May 24",https://news.tirumala.org/sarva-darshan-free-darshan-line-outside-26-hours-divya-darshan-footpath-darshan-line-outside-14-hours-special-entry-darshan-rs-300-darshan-closed/
2014-05-25,53023,5847,2014-05-25 18:29:58,month_day_year_inferred@title,30,and waiting hours details- Sarva Darshan (Free darshan)- Line outside/ 30 hours; Divya Dar,"About 53,023 pilgrims had Srivari Darshan from 3am to 6pm on May 25",https://news.tirumala.org/sarva-darshan-free-darshan-line-outside-30-hours-divya-darshan-footpath-darshan-line-outside-19-hours-special-entry-darshan-rs-300-darshan-closed/
2014-05-26,42134,5862,2014-05-26 18:09:13,month_day_year_inferred@title,24,and waiting hours details- Sarva Darshan (Free darshan)- Line outside/ 24 hours; Divya Dar,"About 42,134 pilgrims had Srivari Darshan 3am to 6pm on May 26",https://news.tirumala.org/sarva-darshan-free-darshan-line-outside-24-hours-divya-darshan-footpath-darshan-line-outside-12-hours-special-entry-darshan-rs-300-darshan-closed-3/
2014-05-27,41235,5877,2014-05-27 18:31:14,month_day_year_inferred@title,,and waiting hours details- Sarva Darshan (Free darshan)- 26 compartments/ 15 hours; Divya,"About 41,235 pilgrims had Srivari Darshan 3am to 6pm on May 27",https://news.tirumala.org/sarva-darshan-free-darshan-26-compartments-15-hours-divya-darshan-footpath-darshan-5-compartments-6-hours-special-entry-darshan-rs-300-darshan-closed/
2014-05-29,32807,5899,2014-05-29 19:19:26,month_day_year_inferred@title,,and waiting hours details- Sarva Darshan (Free darshan)- 27 compartments/ 24 hours; Divya,"About 32,807 pilgrims had Srivari Darshan from 3am to 6pm on May 29",https://news.tirumala.org/sarva-darshan-free-darshan-27-compartments-24-hours-divya-darshan-footpath-darshan-11-compartments-8-hours-special-entry-darshan-rs-300-darshan-closed/
2014-05-30,30699,5930,2014-05-30 18:37:19,month_day_year_inferred@title,,and waiting hours details- Sarva Darshan (Free darshan)- 31 compartments/24 hours; Divya D,"About 30,699 pilgrims had Srivari Darshan from 3am to 6pm on May 30",https://news.tirumala.org/sarva-darshan-free-darshan-31-compartments24-hours-divya-darshan-footpath-darshan-10-compartments-8-hours-special-entry-darshan-rs-300-darshan-closed/
2014-05-31,45744,5948,2014-05-31 20:04:36,month_day_year_inferred@title,26,and waiting hours details- Sarva Darshan (Free darshan)- Line outside/26 hours; Divya Dars,"About 45,744 pilgrims had Srivari Darshan from 3am to 6pm on May 31",https://news.tirumala.org/sarva-darshan-free-darshan-line-outside26-hours-divya-darshan-footpath-darshan-9-compartments-11-hours-special-entry-darshan-rs-300-darshan-closed/
2014-06-01,50000,5953,2014-06-01 18:07:37,month_day_year_inferred@title,,and waiting hours details- Sarva Darshan (Free darshan)- 25 compartments/20 hours; Divya D,"About 50,000 pilgrims had Srivari Darshan from 3am to 6pm on June 1",https://news.tirumala.org/5953/
2014-06-03,45223,5996,2014-06-03 22:08:25,month_day_year_inferred@title,,and waiting hours details- Sarva Darshan (Free darshan)- 25 compartments/20 hours; Divya D,"About 45,223 pilgrims had Srivari Darshan from 3am to 6pm on June 3",https://news.tirumala.org/sarva-darshan-free-darshan-25-compartments20-hours-divya-darshan-footpath-darshan-8-compartments7-hours-special-entry-darshan-rs-300-darshan-closed/
2014-06-04,33908,6021,2014-06-04 18:28:22,month_day_year_inferred@title,,and waiting hours details- Sarva Darshan (Free darshan)- 22 compartments/20 hours; Divya D,"About 33,908 pilgrims had Srivari Darshan from 3am to 6pm on June 4",https://news.tirumala.org/sarva-darshan-free-darshan-22-compartments20-hours-divya-darshan-footpath-darshan-5-compartments6-hours-special-entry-darshan-rs-300-darshan-closed/
2014-06-05,33193,6060,2014-06-05 18:30:28,month_day_year_inferred@title,26,and waiting hours details- Sarva Darshan (Free darshan)- Line outside/26 hours; Divya Dars,"About 33,193 pilgrims had Srivari Darshan from 3am to 6pm on June 5",https://news.tirumala.org/about-33193-pilgrims-had-srivari-darshan-from-3am-to-6pm-on-june-5/
2014-06-06,33565,6092,2014-06-06 18:30:01,month_day_year_inferred@title,30,and waiting hours details- Sarva Darshan (Free darshan)- Line outside/30 hours; Divya Dars,"About 33,565 pilgrims had Srivari Darshan from 3am to 6pm on June 6",https://news.tirumala.org/about-33565-pilgrims-had-srivari-darshan-from-3am-to-6pm-on-june-6/
2014-06-07,44315,6114,2014-06-07 18:28:37,month_day_year_inferred@title,32,and waiting hours details- Sarva Darshan (Free darshan)- Line outside/32 hours; Divya Dars,"About 44,315 pilgrims had Srivari Darshan from 3am to 6pm on June 7",https://news.tirumala.org/sarva-darshan-free-darshan-line-outside32-hours-divya-darshan-footpath-darshan-line-outside18-hours-special-entry-darshan-rs-300-darshan-closed/
2014-06-08,40106,6150,2014-06-08 20:03:27,month_day_year_inferred@title,32,and waiting hours details- Sarva Darshan (Free darshan)- Line outside/32 hours; Divya Dars,"About 40,106 pilgrims had Srivari Darshan from 3pm to 6pm on June 8",https://news.tirumala.org/sarva-darshan-free-darshan-line-outside32-hours-divya-darshan-footpath-darshan-line-outside18-hours-special-entry-darshan-rs-300-darshan-closed-2/
2014-06-09,48320,6210,2014-06-09 20:56:25,month_day_year_inferred@title,28,and waiting hours details- Sarva Darshan (Free darshan)-Line Outside/28 hours; Divya Darsh,"About 48,320 pilgrims had Srivari Darshan from 3am to 6pm on June 9",https://news.tirumala.org/about-48320-pilgrims-had-srivari-darshan-from-3am-to-6pm-on-june-9/
2014-06-10,38862,6236,2014-06-10 18:43:03,month_day_year_inferred@title,,and waiting hours details- Sarva Darshan (Free darshan)-24 compartments/22 hours; Divya Da,"About 38,862 pilgrims had Srivari Darshan from 3am to 6pm on June 10",https://news.tirumala.org/sarva-darshan-free-darshan-24-compartments22-hours-divya-darshan-footpath-darshan-line-outside18-hours-special-entry-darshan-rs-300-darshan-closed/
2014-06-11,30250,6286,2014-06-11 19:17:45,month_day_year_inferred@title,,and waiting hours details- Sarva Darshan (Free darshan)- 15 compartments/8 hours; Divya Da,"About 30,250 pilgrims had Srivari Darshan from 3am to 6pm on June 11",https://news.tirumala.org/sarva-darshan-free-darshan-15-compartments8-hours-divya-darshan-footpath-darshan-5-compartments-3-hours-special-entry-darshan-rs-300-darshan-2-compartments-2-hours/
2014-06-12,40783,6342,2014-06-12 18:53:11,month_day_year_inferred@title,,and waiting hours details- Sarva Darshan (Free darshan)- 21 compartments/12 hours; Divya D,"About 40,783 pilgrims had Srivari Darshan from 3am to 6pm on June 12",https://news.tirumala.org/sarva-darshan-free-darshan-21-compartments12-hours-divya-darshan-footpath-darshan-line-outside5-hours-special-entry-darshan-rs-300-darshan-closed/
2014-06-13,41210,6430,2014-06-13 22:00:56,month_day_year_inferred@title,17,and waiting hours details- Sarva Darshan (Free darshan)- Line outside/17 hours; Divya Dars,"About 41,210 pilgrims had Srivari Darshan from 3am to 6pm on June 13",https://news.tirumala.org/sarva-darshan-free-darshan-line-outside17-hours-divya-darshan-footpath-darshan-line-outside8-hours-special-entry-darshan-rs-300-darshan-closed/
2014-06-14,43950,6449,2014-06-14 18:30:58,month_day_year_inferred@title,24,and waiting hours details- Sarva Darshan (Free darshan)- Line outside/24 hours; Divya Dars,"About 43,950 pilgrims had Srivari Darshan from 3am to 6pm on June 14",https://news.tirumala.org/about-43950-pilgrims-had-srivari-darshan-from-3am-to-6pm-on-june-14/
2014-06-15,48049,6463,2014-06-15 18:25:11,month_day_year_inferred@title,20,and waiting hours details- Sarva Darshan (Free darshan)- Line outside/20 hours; Divya Dars,"About 48,049 pilgrims had Srivari Darshan from 3am to 6pm on June 15",https://news.tirumala.org/sarva-darshan-free-darshan-line-outside20-hours-divya-darshan-footpath-darshan-line-outside9-hours-special-entry-darshan-rs-300-darshan-closed/
2014-06-16,39505,6528,2014-06-16 18:34:08,month_day_year_inferred@title,16,and waiting hours details- Sarva Darshan (Free darshan)- Line outside/16 hours; Divya Dars,"About 39,505 pilgrims had Srivari Darshan from 3am to 6pm on June 16",https://news.tirumala.org/sarva-darshan-free-darshan-line-outside16-hours-divya-darshan-footpath-darshan-line-outside6-hours-special-entry-darshan-rs-300-darshan-closed/
2014-06-17,35761,6549,2014-06-17 18:22:22,month_day_year_inferred@title,,and waiting hours details- Sarva Darshan (Free darshan)- 26 compartments/ 12 hours; Divya,"About 35,761 pilgrims had Srivari Darshan from 3am to 6pm on June 17",https://news.tirumala.org/sarva-darshan-free-darshan-26-compartments-12-hours-divya-darshan-footpath-darshan-8-compartments-4-hours-special-entry-darshan-rs-300-darshan-closed/
2014-06-18,41823,6576,2014-06-18 19:14:56,month_day_year_inferred@title,,and waiting hours details- Sarva Darshan (Free darshan)- 21 compartments/ 12 hours; Divya,"About 41,823 pilgrims had Srivari Darshan from 3am to 6pm on June 18",https://news.tirumala.org/sarva-darshan-free-darshan-21-compartments-12-hours-divya-darshan-footpath-darshan-4-compartments-5-hours-special-entry-darshan-rs-300-darshan-2-compartments-2-hours/
2014-06-19,59462,6594,2014-06-19 18:23:03,month_day_year_inferred@title,,and waiting hours details- Sarva Darshan (Free darshan)- 26 compartments/ 14 hours; Divya,"About 59,462 pilgrims had Srivari Darshan on June 19",https://news.tirumala.org/sarva-darshan-free-darshan-26-compartments-14-hours-divya-darshan-footpath-darshan-10-compartments-6-hours-special-entry-darshan-rs-300-darshan-closed/
2014-06-20,32956,6610,2014-06-20 18:10:30,month_day_year_inferred@title,,and waiting hours details- Sarva Darshan (Free darshan)- 31 compartments/ 24 hours; Divya,"About 32,956 pilgrims had Srivari Darshan from 3am to 6pm on June 20",https://news.tirumala.org/sarva-darshan-free-darshan-31-compartments-24-hours-divya-darshan-footpath-darshan-10-compartments-8-hours-special-entry-darshan-rs-300-darshan-closed/
2014-06-21,50083,6646,2014-06-21 19:25:59,month_day_year_inferred@title,28,and waiting hours details- Sarva Darshan (Free darshan)- Line outside/ 28 hours; Divya Dar,"About 50,083 pilgrims had Srivari Darshan from 3am to 6pm on June 21",https://news.tirumala.org/sarva-darshan-free-darshan-line-outside-28-hours-divya-darshan-footpath-darshan-line-outside-12-hours-special-entry-darshan-rs-300-darshan-closed/
2014-06-22,44832,6653,2014-06-22 19:10:47,month_day_year_inferred@title,30,and waiting hours details- Sarva Darshan (Free darshan)- Line outside/ 30 hours; Divya Dar,"About 44,832 pilgrims had Srivari Darshan from 3am to 6pm on June 22",https://news.tirumala.org/sarva-darshan-free-darshan-line-outside-30-hours-divya-darshan-footpath-darshan-line-outside-15-hours-special-entry-darshan-rs-300-darshan-closed/
2014-06-23,44443,6674,2014-06-23 18:54:56,month_day_year_inferred@title,24,and waiting hours details- Sarva Darshan (Free darshan)- Line outside / 24 hours; Divya Da,"About 44,443 pilgrims had Srivari Darshan from 3am to 6pm on June 23",https://news.tirumala.org/sarva-darshan-free-darshan-line-outside-24-hours-divya-darshan-footpath-darshan-line-outside-11-hours-special-entry-darshan-rs-300-darshan-closed/
2014-06-24,44111,6692,2014-06-24 18:38:36,month_day_year_inferred@title,,and waiting hours details- Sarva Darshan (Free darshan)- 29 compartments / 14 hours; Divya,"About 44,111 pilgrims had Srivari Darshan from 3am to 6pm on June 24",https://news.tirumala.org/sarva-darshan-free-darshan-29-compartments-14-hours-divya-darshan-footpath-darshan-line-outside-8-hours-special-entry-darshan-rs-300-darshan-closed/
2014-06-26,35178,6737,2014-06-26 19:10:06,month_day_year_inferred@title,,and waiting hours detail by 5am. Sarva Darshan (Free darshan)- 16 compartments / 11 hours;,"About 35,178 pilgrims had Srivari Darshan from 3am to 6pm on June 26",https://news.tirumala.org/sarva-darshan-free-darshan-16-compartments-11-hours-divya-darshan-footpath-darshan-line-outside-4-hours-special-entry-darshan-rs-300-darshan-closed/
2014-06-27,37360,6768,2014-06-27 18:35:39,month_day_year_inferred@title,,and waiting hours detail by 6pm. Sarva Darshan (Free darshan)- 24 compartments / 22 hours;,"About 37,360 pilgrims had Srivari Darshan from 3am to 6pm on June 27",https://news.tirumala.org/sarva-darshan-free-darshan-24-compartments-22-hours-divya-darshan-footpath-darshan-line-outside-8-hours-special-entry-darshan-rs-300-darshan-closed/
2014-06-28,43963,6795,2014-06-28 18:17:32,month_day_year_inferred@title,,and waiting hours detail by 6pm. Sarva Darshan (Free darshan)- 24 compartments / 12 hours;,"About 43,963 pilgrims had Srivari Darshan from 3am to 6pm on June 28",https://news.tirumala.org/sarva-darshan-free-darshan-24-compartments-12-hours-divya-darshan-footpath-darshan-7-compartments-8-hours-special-entry-darshan-rs-300-darshan-direct/
2014-06-29,41299,6818,2014-06-29 18:36:54,month_day_year_inferred@title,,and waiting hours detail by 6pm. Sarva Darshan (Free darshan)- 23 compartments / 14 hours;,"About 41,299 pilgrims had Srivari Darshan from 3am to 6pm on June 29",https://news.tirumala.org/sarva-darshan-free-darshan-23-compartments-14-hours-divya-darshan-footpath-darshan-11-compartments-8-hours-special-entry-darshan-rs-300-darshan-direct/
2014-06-30,49669,6845,2014-06-30 18:38:29,month_day_year_inferred@title,,and waiting hours detail by 6pm. Sarva Darshan (Free darshan)- 16 compartments / 10 hours;,"About 49,669 pilgrims had Srivari Darshan from 3am to 6pm on June 30",https://news.tirumala.org/sarva-darshan-free-darshan-16-compartments-1-hours-divya-darshan-footpath-darshan-4-compartments-4-hours-special-entry-darshan-rs-300-darshan-direct/
2014-07-01,35510,6891,2014-07-01 18:13:17,month_day_year_inferred@title,,and waiting hours detail by 6pm. Sarva Darshan (Free darshan)- 17 compartments / 7 hours;,"About 35,510 pilgrims had Srivari Darshan from 3am to 6pm on July 1",https://news.tirumala.org/sarva-darshan-free-darshan-17-compartments-7-hours-divya-darshan-footpath-darshan-2-compartments-2-hours-special-entry-darshan-rs-300-darshan-direct/
2014-07-02,32163,6918,2014-07-02 18:29:14,month_day_year_inferred@title,,and waiting hours detail by 6pm. Sarva Darshan (Free darshan)- 12 compartments / 6 hours;,"About 32,163 pilgrims had Srivari Darshan from 3am to 6pm on July 2",https://news.tirumala.org/sarva-darshan-free-darshan-12-compartments-6-hours-divya-darshan-footpath-darshan-4-compartments-4-hours-special-entry-darshan-rs-300-darshan-direct/
2014-07-03,34147,6931,2014-07-03 19:08:18,month_day_year_inferred@title,,and waiting hours detail by 6pm. Sarva Darshan (Free darshan)- 14 compartments / 8 hours;,"About 34,147 pilgrims had Srivari Darshan from 3am to 6pm on July 3",https://news.tirumala.org/sarva-darshan-free-darshan-14-compartments-8-hours-divya-darshan-footpath-darshan-6-compartments-6-hours-special-entry-darshan-rs-300-darshan-closed/
2014-07-04,32109,6983,2014-07-04 18:18:34,month_day_year_inferred@title,24,and waiting hours detail by 6pm. Sarva Darshan (Free darshan)- Line outside /24 hours; Div,"About 32,109 pilgrims had Srivari Darshan from 3am to 6pm on July 4",https://news.tirumala.org/sarva-darshan-free-darshan-line-outside-24-hours-divya-darshan-footpath-darshan-line-outside-10-hours-special-entry-darshan-rs-300-darshan-closed-3/
2014-07-05,36975,7006,2014-07-05 18:53:43,month_day_year_inferred@title,24,and waiting hours detail by 6pm. Sarva Darshan (Free darshan)- Line outside/24 hours; Divy,"About 36,975 pilgrims had Srivari Darshan from 3am to 6pm on July 5",https://news.tirumala.org/sarva-darshan-free-darshan-line-outside24-hours-divya-darshan-footpath-darshan-line-outside12-hours-special-entry-darshan-rs-300-darshan-closed/
2014-07-06,45274,7048,2014-07-06 18:33:19,month_day_year_inferred@title,16,and waiting hours detail by 6pm. Sarva Darshan (Free darshan)- Line outside/ 16 hours; Div,"About 45,274 pilgrims had Srivari Darshan from 3am to 6pm on July 6",https://news.tirumala.org/sarva-darshan-free-darshan-line-outside-16-hours-divya-darshan-footpath-darshan-line-outside8-hours-special-entry-darshan-rs-300-darshan-closed/
2014-07-07,45664,7072,2014-07-07 19:51:39,month_day_year_inferred@title,22,and waiting hours detail by 6pm. Sarva Darshan (Free darshan)- Line outside/ 22 hours; Div,"About 45,664 pilgrims had Srivari Darshan from 3am to 6pm on July 7",https://news.tirumala.org/sarva-darshan-free-darshan-line-outside-22-hours-divya-darshan-footpath-darshan-line-outside7-hours-special-entry-darshan-rs-300-darshan-closed/
2014-07-08,33785,7123,2014-07-08 18:43:05,month_day_year_inferred@title,15,and waiting hours detail by 6pm. Sarva Darshan (Free darshan)- Line outside/ 15 hours; Div,"About 33,785 pilgrims had Srivari Darshan from 3am to 6pm on July 8",https://news.tirumala.org/sarva-darshan-free-darshan-line-outside-15-hours-divya-darshan-footpath-darshan-line-outside8-hours-special-entry-darshan-rs-300-darshan-closed/
2014-07-09,34689,7144,2014-07-09 19:36:11,month_day_year_inferred@title,,and waiting hours detail by 6pm. Sarva Darshan (Free darshan)- 24 compartments/ 14 hours;,"About 34,689 pilgrims had Srivari Darshan from 3am to 6pm on July 9",https://news.tirumala.org/sarva-darshan-free-darshan-24-compartments-14-hours-divya-darshan-footpath-darshan-5-compartments5-hours-special-entry-darshan-rs-300-darshan-closed/
2014-07-10,35849,7191,2014-07-10 18:44:26,month_day_year_inferred@title,,and waiting hours detail by 6pm. Sarva Darshan (Free darshan)- 31 compartments/ 20 hours;,"About 35,849 pilgrims had Srivari Darshan from 3am to 6pm on July 10",https://news.tirumala.org/sarva-darshan-free-darshan-31-compartments-20-hours-divya-darshan-footpath-darshan-line-outside-10-hours-special-entry-darshan-rs-300-darshan-closed/
2014-07-11,31320,7214,2014-07-11 18:37:01,month_day_year_inferred@title,24,and waiting hours detail by 6pm. Sarva Darshan (Free darshan)- Line outside/ 24 hours; Div,"About 31,320 pilgrims had Srivari Darshan from 3am to 6pm on July 11",https://news.tirumala.org/sarva-darshan-free-darshan-line-outside-24-hours-divya-darshan-footpath-darshan-line-outside-12-hours-special-entry-darshan-rs-300-darshan-closed-4/
2014-07-12,51063,7261,2014-07-12 18:45:15,month_day_year_inferred@title,24,and waiting hours detail by 6pm. Sarva Darshan (Free darshan)- Line outside/ 24 hours; Div,"About 51,063 pilgrims had Srivari Darshan from 3am to 6pm on July 12",https://news.tirumala.org/sarva-darshan-free-darshan-line-outside-24-hours-divya-darshan-footpath-darshan-line-outside13-hours-special-entry-darshan-rs-300-darshan-closed/
2014-07-13,47839,7293,2014-07-13 18:34:18,month_day_year_inferred@title,23,and waiting hours detail by 6pm. Sarva Darshan (Free darshan)- Line outside /23 hours; Div,"About 47,839pilgrims had Srivari Darshan from 3am to 6pm on July 13",https://news.tirumala.org/sarva-darshan-free-darshan-line-outside-23-hours-divya-darshan-footpath-darshan-line-outside13-hours-special-entry-darshan-rs-300-darshan-closed/
2014-07-14,43675,7313,2014-07-14 20:08:11,month_day_year_inferred@title,21,and waiting hours detail by 6pm. Sarva Darshan (Free darshan)- Line outside/21 hours; Divy,"About 43,675 pilgrims had Srivari Darshan from 3am to 6pm on July 14",https://news.tirumala.org/sarva-darshan-free-darshan-line-outside21-hours-divya-darshan-footpath-darshan-line-outside12-hours-special-entry-darshan-rs-300-darshan-closed/
2014-07-15,33593,7341,2014-07-15 18:09:07,month_day_year_inferred@title,18,and waiting hours detail by 6pm. Sarva Darshan (Free darshan)- Line outside/18 hours; Divy,"About 33,593 pilgrims had Srivari Darshan from 3am to 6pm on July 15",https://news.tirumala.org/sarva-darshan-free-darshan-line-outside18-hours-divya-darshan-footpath-darshan-line-outside8-hours-special-entry-darshan-rs-300-darshan-closed/
2014-07-16,34236,7361,2014-07-16 18:49:59,month_day_year_inferred@title,,and waiting hours detail by 6pm. Sarva Darshan (Free darshan)- 31 compartments/21 hours; D,"About 34,236 pilgrims had Srivari Darshan from 3am to 6pm on July 16",https://news.tirumala.org/sarva-darshan-free-darshan-31-compartments21-hours-divya-darshan-footpath-darshan-line-outside10-hours-special-entry-darshan-rs-300-darshan-closed/
2014-07-17,34435,7405,2014-07-17 18:55:18,month_day_year_inferred@title,20,and waiting hours detail by 6pm. Sarva Darshan (Free darshan)- Line outside/20 hours; Divy,"About 34,435 pilgrims had Srivari Darshan from 3am to 6pm on July 17",https://news.tirumala.org/sarva-darshan-free-darshan-line-outside20-hours-divya-darshan-footpath-darshan-line-outside12-hours-special-entry-darshan-rs-300-darshan-closed/
2014-07-18,35434,7429,2014-07-18 18:21:34,month_day_year_inferred@title,28,and waiting hours detail by 6pm. Sarva Darshan (Free darshan)- Line outside/28 hours; Divy,"About 35,434 pilgrims had Srivari Darshan from 3am to 6pm on July 18",https://news.tirumala.org/sarva-darshan-free-darshan-line-outside28-hours-divya-darshan-footpath-darshan-line-outside10-hours-special-entry-darshan-rs-300-darshan-closed/
2014-07-19,44395,7435,2014-07-19 18:31:08,month_day_year_inferred@title,24,and waiting hours detail by 6pm. Sarva Darshan (Free darshan)- Line outside/24 hours; Divy,"About 44,395 pilgrims had Srivari Darshan from 3am to 6pm on July 19",https://news.tirumala.org/sarva-darshan-free-darshan-line-outside24-hours-divya-darshan-footpath-darshan-line-outside12-hours-special-entry-darshan-rs-300-darshan-closed-2/
2014-07-20,35787,7457,2014-07-20 18:34:11,month_day_year_inferred@title,,and waiting hours detail by 6pm. Sarva Darshan (Free darshan)- 24 compartments/18 hours; D,"About 35,787 pilgrims had Srivari Darshan from 3am to 6pm on July 20",https://news.tirumala.org/sarva-darshan-free-darshan-24-compartments18-hours-divya-darshan-footpath-darshan-5-compartments6-hours-special-entry-darshan-rs-300-darshan-closed/
2014-07-21,44826,7487,2014-07-21 19:03:34,month_day_year_inferred@title,,and waiting hours detail by 6pm. Sarva Darshan (Free darshan)- 20 compartments/16 hours; D,"About 44,826 pilgrims had Srivari Darshan from 3am to 6pm on July 21",https://news.tirumala.org/sarva-darshan-free-darshan-20-compartments16-hours-divya-darshan-footpath-darshan-10-compartments7-hours-special-entry-darshan-rs-300-darshan-2-compartments2-hours/
2014-07-22,42694,7516,2014-07-22 18:18:22,month_day_year_inferred@title,,and waiting hours detail by 6pm. Sarva Darshan (Free darshan)- 20 compartments/16 hours; D,"About 42,694 pilgrims had Srivari Darshan from 3am to 6pm on July 22",https://news.tirumala.org/sarva-darshan-free-darshan-20-compartments16-hours-divya-darshan-footpath-darshan-6-compartments5-hours-special-entry-darshan-rs-300-darshan-direct-line/
2014-07-23,32547,7563,2014-07-23 18:29:13,month_day_year_inferred@title,,and waiting hours detail by 6pm. Sarva Darshan (Free darshan)- 20 compartments/12 hours; D,"About 32,547 pilgrims had Srivari Darshan from 3am to 6pm on July 23",https://news.tirumala.org/sarva-darshan-free-darshan-20-compartments12-hours-divya-darshan-footpath-darshan-4-compartments5-hours-special-entry-darshan-rs-300-darshan-direct/
2014-07-24,38181,7596,2014-07-24 18:30:12,month_day_year_inferred@title,,and waiting hours detail by 6pm. Sarva Darshan (Free darshan)- 24 compartments/12 hours; D,"About 38,181 pilgrims had Srivari Darshan from 3am to 6pm on July 24",https://news.tirumala.org/about-38181-pilgrims-had-srivari-darshan-from-3am-to-6pm-on-july-24/
2014-07-25,33086,7633,2014-07-25 19:26:14,month_day_year_inferred@title,,and waiting hours detail by 6pm. Sarva Darshan (Free darshan)- 31 compartments/24 hours; D,"About 33,086 pilgrims had Srivari Darshan from 3am to 6pm on July 25",https://news.tirumala.org/sarva-darshan-free-darshan-31-compartments24-hours-divya-darshan-footpath-darshan-9-compartments8-hours-special-entry-darshan-rs-300-darshan-closed/
2014-07-26,44823,7656,2014-07-26 18:03:31,month_day_year_inferred@title,,and waiting hours detail by 6pm. Sarva Darshan (Free darshan)- 15 compartments/10 hours; D,"About 44,823 pilgrims had Srivari Darshan from 3am to 6pm on July 26",https://news.tirumala.org/sarva-darshan-free-darshan-15-compartments10-hours-divya-darshan-footpath-darshan-7-compartments6-hours-special-entry-darshan-rs-300-darshan-direct-line/
2014-07-27,43804,7681,2014-07-27 18:49:17,month_day_year_inferred@title,,and waiting hours detail by 5am. Sarva Darshan (Free darshan)- 24 compartments/16 hours; D,"About 43,804 pilgrims had Srivari Darshan from 3am to 6pm on July 27",https://news.tirumala.org/sarva-darshan-free-darshan-24-compartments16-hours-divya-darshan-footpath-darshan-6-compartments5-hours-special-entry-darshan-rs-300-darshan-closed/
2014-07-28,41760,7730,2014-07-28 18:34:14,month_day_year_inferred@title,,and waiting hours detail by 6pm. Sarva Darshan (Free darshan)- 31 compartments/16 hours; D,"About 41,760 pilgrims had Srivari Darshan from 3am to 6pm on July 28",https://news.tirumala.org/sarva-darshan-free-darshan-31-compartments16-hours-divya-darshan-footpath-darshan-13-compartments8-hours-special-entry-darshan-rs-300-darshan-closed/
2014-07-29,35425,7809,2014-07-29 18:48:04,month_day_year_inferred@title,24,and waiting hours detail by 6pm. Sarva Darshan (Free darshan)- Line outside /24 hours; Div,"About 35,425 pilgrims had Srivari Darshan from 3am to 6pm on July 29",https://news.tirumala.org/sarva-darshan-free-darshan-line-outside-24-hours-divya-darshan-footpath-darshan-line-outside8-hours-special-entry-darshan-rs-300-darshan-after-closed/
2014-07-30,31838,7826,2014-07-30 18:46:54,month_day_year_inferred@title,21,and waiting hours detail by 6pm. Sarva Darshan (Free darshan)- Line outside /21 hours; Div,"About 31,838 pilgrims had Srivari Darshan from 3am to 6pm on July 30",https://news.tirumala.org/sarva-darshan-free-darshan-line-outside-21-hours-divya-darshan-footpath-darshan-line-outside14-hours-special-entry-darshan-rs-300-darshan-closed/
2014-07-31,35374,7864,2014-07-31 18:42:38,month_day_year_inferred@title,,and waiting hours detail by 6pm. Sarva Darshan (Free darshan)- 20 compartments /10 hours;,"About 35,374 pilgrims had Srivari Darshan from 3am to 6pm on July 31",https://news.tirumala.org/sarva-darshan-free-darshan-20-compartments-10-hours-divya-darshan-footpath-darshan-4-compartments3-hours-special-entry-darshan-rs-300-darshan-closed/
2014-08-01,36196,7894,2014-08-01 18:29:39,month_day_year_inferred@title,,and waiting hours detail by 6pm. Sarva Darshan (Free darshan)- 15 compartments /8 hours; D,"About 36,196 pilgrims had Srivari Darshan from 3am to 6pm on Aug 1",https://news.tirumala.org/sarva-darshan-free-darshan-15-compartments-8-hours-divya-darshan-footpath-darshan-14-compartments6-hours-special-entry-darshan-rs-300-darshan-direct/
2014-08-02,47940,7920,2014-08-02 18:18:55,month_day_year_inferred@title,,and waiting hours detail by 6pm. Sarva Darshan (Free darshan)- 20 compartments /16 hours;,"About 47,940 pilgrims had Srivari Darshan from 3am to 6pm on Aug 2",https://news.tirumala.org/sarva-darshan-free-darshan-20-compartments-16-hours-divya-darshan-footpath-darshan-13-compartments8-hours-special-entry-darshan-rs-300-darshan-closed/
2014-08-03,45125,7929,2014-08-03 18:42:57,month_day_year_inferred@title,,and waiting hours detail by 6pm. Sarva Darshan (Free darshan)- 15 compartments /8 hours; D,"About 45,125 pilgrims had Srivari Darshan from 3am to 6pm on Aug 3",https://news.tirumala.org/about-45125-pilgrims-had-srivari-darshan-from-3am-to-6pm-on-aug-2/
2014-08-04,36363,7961,2014-08-04 18:38:36,month_day_year_inferred@title,,and waiting hours detail by 6pm. Sarva Darshan (Free darshan)- 11 compartments /5 hours; D,"About 36,363 pilgrims had Srivari Darshan from 3am to 6pm on Aug 4",https://news.tirumala.org/sarva-darshan-free-darshan-11-compartments-5-hours-divya-darshan-footpath-darshan-direct-line-special-entry-darshan-rs-300-darshan-direct-line/
2014-08-05,31964,7984,2014-08-05 18:32:17,month_day_year_inferred@title,,and waiting hours detail by 6pm. Sarva Darshan (Free darshan)- 20 compartments /11 hours;,"About 31,964 pilgrims had Srivari Darshan from 3am to 6pm on Aug 5",https://news.tirumala.org/sarva-darshan-free-darshan-20-compartments-11-hours-divya-darshan-footpath-darshan-13-compartments-6-hours-special-entry-darshan-rs-300-darshan-direct-line/
2014-08-06,40000,8029,2014-08-06 19:24:04,month_day_year_inferred@title,,and waiting hours detail by 6pm. Sarva Darshan (Free darshan)- 13 compartments /8 hours; D,"About 40,000 pilgrims had Srivari Darshan from 3am to 6pm on Aug 6",https://news.tirumala.org/sarva-darshan-free-darshan-13-compartments-8-hours-divya-darshan-footpath-darshan-4-compartments-3-hours-special-entry-darshan-rs-300-darshan-direct/
2014-08-07,34053,8057,2014-08-07 18:30:35,month_day_year_inferred@title,,and waiting hours detail by 6pm. Sarva Darshan (Free darshan)- 17 compartments /8 hours; D,"About 34,053 pilgrims had Srivari Darshan from 3am to 6pm on Aug 7",https://news.tirumala.org/sarva-darshan-free-darshan-17-compartments-8-hours-divya-darshan-footpath-darshan-5-compartments-5-hours-special-entry-darshan-rs-300-darshan-closed/
2014-08-08,41635,8066,2014-08-08 18:54:26,month_day_year_inferred@title,,and waiting hours detail by 5am. Sarva Darshan (Free darshan)- 26 compartments /20 hours;,"About 41,635 pilgrims had Srivari Darshan from 3am to 6pm on Aug 8",https://news.tirumala.org/sarva-darshan-free-darshan-26-compartments-20-hours-divya-darshan-footpath-darshan-8-compartments-12-hours-special-entry-darshan-rs-300-darshan-closed/
2014-08-09,43862,8160,2014-08-09 18:53:40,month_day_year_inferred@title,22,and waiting hours detail by 6pm. Sarva Darshan (Free darshan)- Line outside /22 hours; Div,"About 43,862 pilgrims had Srivari Darshan from 3am to 6pm on Aug 9",https://news.tirumala.org/sarva-darshan-free-darshan-line-outside-22-hours-divya-darshan-footpath-darshan-line-outside-12-hours-special-entry-darshan-rs-300-darshan-closed/
2014-08-10,41658,8183,2014-08-10 18:19:29,month_day_year_inferred@title,,and waiting hours detail by 5pm. Sarva Darshan (Free darshan)- 29 compartments/24 hours; D,"About 41,658 pilgrims had Srivari Darshan from 3am to 6pm on Aug 10",https://news.tirumala.org/sarva-darshan-free-darshan-29-compartments24-hours-divya-darshan-footpath-darshan-4-compartments-5-hours-special-entry-darshan-rs-300-darshan-closed/
2014-08-11,48879,8202,2014-08-11 18:45:32,month_day_year_inferred@title,,and waiting hours detail by 6pm. Sarva Darshan (Free darshan)- 25 compartments/18 hours; D,"About 48,879 pilgrims had Srivari Darshan from 3am to 6pm on Aug 11",https://news.tirumala.org/sarva-darshan-free-darshan-25-compartments18-hours-divya-darshan-footpath-darshan-11-compartments-8-hours-special-entry-darshan-rs-300-darshan-direct-line/
2014-08-12,40161,8244,2014-08-12 18:33:01,month_day_year_inferred@title,,and waiting hours detail by 6pm. Sarva Darshan (Free darshan)- 18 compartments/8 hours; Di,"About 40,161 pilgrims had Srivari Darshan from 3am to 6pm on Aug 12",https://news.tirumala.org/sarva-darshan-free-darshan-18-compartments8-hours-divya-darshan-footpath-darshan-4-compartments-4-hours-special-entry-darshan-rs-300-darshan-direct-line/
2014-08-13,33586,8260,2014-08-13 18:22:19,month_day_year_inferred@title,,and waiting hours detail by 6pm. Sarva Darshan (Free darshan)- 15 compartments/9 hours; Di,"About 33,586 pilgrims had Srivari Darshan from 3am to 6pm on Aug 13",https://news.tirumala.org/sarva-darshan-free-darshan-15-compartments9-hours-divya-darshan-footpath-darshan-10-compartments-5-hours-special-entry-darshan-rs-300-darshan-direct-line/
2014-08-14,37732,8275,2014-08-14 18:39:51,month_day_year_inferred@title,,and waiting hours detail by 6pm. Sarva Darshan (Free darshan)- 22 compartments/16 hours; D,"About 37,732 pilgrims had Srivari Darshan from 3am to 6pm on Aug 14",https://news.tirumala.org/about-37732-pilgrims-had-srivari-darshan-from-3am-to-6pm-on-aug-14/
2014-08-15,42882,8330,2014-08-15 18:47:07,month_day_year_inferred@title,30,and waiting hours detail by 6pm. Sarva Darshan (Free darshan)- Line outside/30 hours; Divy,"About 42,882 pilgrims had Srivari Darshan from 3am to 6pm on Aug 15",https://news.tirumala.org/sarva-darshan-free-darshan-line-outside30-hours-divya-darshan-footpath-darshan-line-outside-20-hours-special-entry-darshan-rs-300-darshan-closed/
2014-08-16,45847,8340,2014-08-16 18:25:18,month_day_year_inferred@title,24,and waiting hours detail by 6pm. Sarva Darshan (Free darshan)- Line outside/24 hours; Divy,"About 45,847 pilgrims had Srivari Darshan from 3am to 6pm on Aug 16",https://news.tirumala.org/about-45847-pilgrims-had-srivari-darshan-from-3am-to-6pm-on-aug-16/
2014-08-17,54149,8363,2014-08-17 19:07:19,month_day_year_inferred@title,25,and waiting hours detail by 6pm. Sarva Darshan (Free darshan)- Line outside/25 hours; Divy,"About 54,149 pilgrims had Srivari Darshan from 3am to 6pm on Aug 17",https://news.tirumala.org/sarva-darshan-free-darshan-line-outside25-hours-divya-darshan-footpath-darshan-line-outside-15-hours-special-entry-darshan-rs-300-darshan-closed/
2014-08-18,46586,8379,2014-08-18 20:11:48,month_day_year_inferred@title,,and waiting hours detail by 6pm. Sarva Darshan (Free darshan)- 24 compartments/12 hours; D,"About 46,586 pilgrims had Srivari Darshan from 3am to 6pm on Aug 18",https://news.tirumala.org/sarva-darshan-free-darshan-24-compartments12-hours-divya-darshan-footpath-darshan-11-compartments6-hours-special-entry-darshan-rs-300-darshan-closed/
2014-08-19,31026,8448,2014-08-19 19:10:42,month_day_year_inferred@title,,and waiting hours detail by 6pm. Sarva Darshan (Free darshan)- 10 compartments/5 hours; Di,"About 31,026 pilgrims had Srivari Darshan from 3am to 6pm on Aug 19",https://news.tirumala.org/sarva-darshan-free-darshan-10-compartments5-hours-divya-darshan-footpath-darshan-2-compartments2-hours-special-entry-darshan-rs-300-darshan-direct-2/
2014-08-20,35678,8477,2014-08-20 19:02:34,month_day_year_inferred@title,,and waiting hours detail by 6pm. Sarva Darshan (Free darshan)- 16 compartments/10 hours; D,"About 35,678 pilgrims had Srivari Darshan from 3am to 6pm on Aug 20",https://news.tirumala.org/sarva-darshan-free-darshan-16-compartments10-hours-divya-darshan-footpath-darshan-10-compartments5-hours-special-entry-darshan-rs-300-darshan-direct-line/
2014-08-21,31114,8490,2014-08-21 18:39:27,month_day_year_inferred@title,,and waiting hours detail by 6pm. Sarva Darshan (Free darshan)- 25 compartments/10 hours; D,"About 31,114 pilgrims had Srivari Darshan from 3am to 6pm on Aug 21",https://news.tirumala.org/sarva-darshan-free-darshan-25-compartments10-hours-divya-darshan-footpath-darshan-6-compartments4-hours-special-entry-darshan-rs-300-darshan-closed/
2014-08-22,29382,8510,2014-08-22 18:44:07,month_day_year_inferred@title,24,and waiting hours detail by 6pm. Sarva Darshan (Free darshan)- Line outside/24 hours; Divy,"About 29,382 pilgrims had Srivari Darshan from 3am to 6pm on Aug 22",https://news.tirumala.org/sarva-darshan-free-darshan-line-outside24-hours-divya-darshan-footpath-darshan-line-outside16-hours-special-entry-darshan-rs-300-darshan-closed/
2014-08-23,48216,8518,2014-08-23 19:16:34,month_day_year_inferred@title,24,and waiting hours detail by 6pm. Sarva Darshan (Free darshan)- Line outside/24 hours; Divy,"About 48,216 pilgrims had Srivari Darshan from 3am to 6pm on Aug 23",https://news.tirumala.org/sarva-darshan-free-darshan-line-outside24-hours-divya-darshan-footpath-darshan-line-outside14-hours-special-entry-darshan-rs-300-darshan-closed/
2014-08-24,48341,8527,2014-08-24 18:03:33,month_day_year_inferred@title,,and waiting hours detail by 6pm. Sarva Darshan (Free darshan)- 27 compartments/20 hours; D,"About 48,341 pilgrims had Srivari Darshan from to 3am to 6pm on Aug 24",https://news.tirumala.org/about-48341-pilgrims-had-srivari-darshan-from-to-3am-to-6pm-on-aug-24/
2014-08-25,40323,8551,2014-08-25 19:15:01,month_day_year_inferred@title,,and waiting hours detail by 6pm. Sarva Darshan (Free darshan)- 11 compartments/6 hours; Di,"About 40,323 pilgrims had Srivari Darshan from 3am to 6pm on Aug 25",https://news.tirumala.org/sarva-darshan-free-darshan-11-compartments6-hours-divya-darshan-footpath-darshan-11-compartments6-hours-special-entry-darshan-rs-300-darshan-direct/
2014-08-26,35168,8576,2014-08-26 18:41:49,month_day_year_inferred@title,,and waiting hours detail by 6pm. Sarva Darshan (Free darshan)- 5 compartments/5 hours; Div,"About 35,168 pilgrims had Srivari Darshan from 3am to 6pm on Aug 26",https://news.tirumala.org/sarva-darshan-free-darshan-5-compartments5-hours-divya-darshan-footpath-darshan-4-compartments3-hours-special-entry-darshan-rs-300-darshan-direct/
2014-08-27,26111,8602,2014-08-27 18:47:42,month_day_year_inferred@title,,and waiting hours detail by 6pm. Sarva Darshan (Free darshan)- 8 compartments/6 hours; Div,"About 26,111 pilgrims had Srivari Darshan from 3am to 6pm on Aug 27",https://news.tirumala.org/sarva-darshan-free-darshan-8-compartments6-hours-divya-darshan-footpath-darshan-2-compartments2-hours-special-entry-darshan-rs-300-darshan-direct/
2014-08-28,35964,8625,2014-08-28 18:33:13,month_day_year_inferred@title,,and waiting hours detail by 6pm. Sarva Darshan (Free darshan)- 7 compartments/5 hours; Div,"About 35,964 pilgrims had Srivari Darshan from 3am to 6pm on Aug 28",https://news.tirumala.org/sarva-darshan-free-darshan-7-compartments5-hours-divya-darshan-footpath-darshan-2-compartments2-hours-special-entry-darshan-rs-300-darshan-closed/
2014-08-29,25898,8652,2014-08-29 18:04:36,month_day_year_inferred@title,,and waiting hours detail by 6pm. Sarva Darshan (Free darshan)- 18 compartments/12 hours; D,"About 25,898 pilgrims had Srivari Darshan from 3am to 6pm on Aug 29",https://news.tirumala.org/about-25898-pilgrims-had-srivari-darshan-from-3am-to-6pm-on-aug-29/
2014-08-30,45000,8675,2014-08-30 18:17:25,month_day_year_inferred@title,,and waiting hours detail by 6pm. Sarva Darshan (Free darshan)- 25 compartments/10 hours; D,"About 45,000 pilgrims had Srivari Darshan from 3am to 6pm on Aug 30",https://news.tirumala.org/sarva-darshan-free-darshan-25-compartments10-hours-divya-darshan-footpath-darshan-6-compartments4-hours-special-entry-darshan-rs-300-darshan-closed-2/
2014-08-31,28137,8706,2014-08-31 18:11:19,month_day_year_inferred@title,,and waiting hours detail by 6pm. Sarva Darshan (Free darshan)- 13 compartments/9 hours; Di,"About 28,137 pilgrims had Srivari Darshan from 3am to 6pm on Aug 31",https://news.tirumala.org/about-28137-pilgrims-had-srivari-darshan-from-3am-to-6pm-on-aug-31/
2014-09-01,35750,8713,2014-09-01 18:47:20,month_day_year_inferred@title,,and waiting hours detail by 6pm. Sarva Darshan (Free darshan)- 10 compartments/8 hours; Di,"About 35,750 pilgrims had Srivari Darshan from 3am to 6pm on Sept 01",https://news.tirumala.org/sarva-darshan-free-darshan-10-compartments8-hours-divya-darshan-footpath-darshan-4-compartments4-hours-special-entry-darshan-rs-300-darshan-direct/
2014-09-02,20252,8736,2014-09-02 18:35:38,month_day_year_inferred@title,,and waiting hours detail by 6pm. Sarva Darshan (Free darshan)- 8 compartments/6 hours; Div,"About 20,252 pilgrims had Srivari Darshan from 3am to 6pm on Sept 02",https://news.tirumala.org/sarva-darshan-free-darshan-8-compartments6-hours-divya-darshan-footpath-darshan-4-compartments2-hours-special-entry-darshan-rs-300-darshan-closed/
2014-09-03,18836,8754,2014-09-03 18:23:51,month_day_year_inferred@title,,and waiting hours detail by 6pm. Sarva Darshan (Free darshan)- 12 compartments/3 hours; Di,"About 18,836 pilgrims had Srivari Darshan from 3am to 6pm on Sept 03",https://news.tirumala.org/sarva-darshan-free-darshan-12-compartments3-hours-divya-darshan-footpath-darshan-direct-line-special-entry-darshan-rs-300-darshan-direct-line/
2014-09-04,29892,8762,2014-09-04 18:40:43,month_day_year_inferred@title,,and waiting hours detail by 6pm. Sarva Darshan (Free darshan)- 11 compartments/8 hours; Di,"About 29,892 pilgrims had Srivari Darshan from 3am to 6pm on Sept 04",https://news.tirumala.org/sarva-darshan-free-darshan-11-compartments8-hours-divya-darshan-footpath-darshan-2-compartments-4-hours-special-entry-darshan-rs-300-darshan-after-8am/
2014-09-05,34510,8802,2014-09-05 18:26:34,month_day_year_inferred@title,,and waiting hours detail by 6pm. Sarva Darshan (Free darshan)- 17 compartments/10 hours; D,"About 34,510 pilgrims had Srivari Darshan from 3am to 6pm on Sep 05",https://news.tirumala.org/sarva-darshan-free-darshan-17-compartments10-hours-divya-darshan-footpath-darshan-3-compartments-3-hours-special-entry-darshan-rs-300-darshan-closed/
2014-09-06,36646,8898,2014-09-06 19:11:10,month_day_year_inferred@title,,and waiting hours detail by 6pm. Sarva Darshan (Free darshan)- 27 compartments/20 hours; D,"About 36,646 pilgrims had Srivari Darshan from 3am to 6pm on Sept 06",https://news.tirumala.org/sarva-darshan-free-darshan-27-compartments20-hours-divya-darshan-footpath-darshan-4-compartments-4-hours-special-entry-darshan-rs-300-darshan-closed/
2014-09-07,44675,8970,2014-09-07 18:45:05,month_day_year_inferred@title,,and waiting hours detail by 6pm. Sarva Darshan (Free darshan)- 22 compartments/20 hours; D,About 44675 pilgrims had Srivari Darshan from 3am to 6pm on Sept 07,https://news.tirumala.org/about-44675-pilgrims-had-srivari-darshan-from-3am-to-6pm-on-sept-07/
2014-09-08,35041,9026,2014-09-08 18:16:28,month_day_year_inferred@title,,and waiting hours detail by 6pm. Sarva Darshan (Free darshan)- 19 compartments/12 hours; D,"About 35,041 pilgrims had Srivari Darshan from 3am to 6pm on Sept 08",https://news.tirumala.org/about-35041-pilgrims-had-srivari-darshan-from-3am-to-6pm-on-sept-08/
2014-09-09,27390,9074,2014-09-09 18:40:44,month_day_year_inferred@title,,and waiting hours detail by 6pm. Sarva Darshan (Free darshan)- 26 compartments/12 hours; D,"About 27,390 pilgrims had Srivari Darshan from 3am to 6pm on Sept 09",https://news.tirumala.org/sarva-darshan-free-darshan-26-compartments12-hours-divya-darshan-footpath-darshan-4-compartments-4-hours-special-entry-darshan-rs-300-darshan-closed/
2014-09-10,38142,9124,2014-09-10 19:47:32,month_day_year_inferred@body,,and waiting hours detail by 6pm. Sarva Darshan (Free darshan)- 10 compartments/8 hours; Di,Sarva Darshan (Free darshan)- 10 compartments/8 hours; Divya Darshan (Footpath darshan)- 6 compartments/ 4 hours; Special Entry Darshan (Rs.300 Darshan) direct,https://news.tirumala.org/sarva-darshan-free-darshan-10-compartments8-hours-divya-darshan-footpath-darshan-6-compartments-4-hours-special-entry-darshan-rs-300-darshan-direct/
2014-09-11,33918,9131,2014-09-11 18:05:59,month_day_year_inferred@body,,and waiting hours detail by 6pm. Sarva Darshan (Free darshan)- 18 compartments/10 hours; D,Sarva Darshan (Free darshan)- 18 compartments/10 hours; Divya Darshan (Footpath darshan)- 3 compartments/ 3 hours; Special Entry Darshan (Rs.300 Darshan) closed,https://news.tirumala.org/sarva-darshan-free-darshan-18-compartments10-hours-divya-darshan-footpath-darshan-3-compartments-3-hours-special-entry-darshan-rs-300-darshan-closed/
2014-09-12,29534,9168,2014-09-12 18:56:42,month_day_year_inferred@title,,and waiting hours detail by 6pm. Sarva Darshan (Free darshan)- 20 compartments/10 hours; D,"About 29,534 pilgrims had Srivari Darshan from 3am to 6pm on Sept 12",https://news.tirumala.org/about-29534-pilgrims-had-srivari-darshan-from-3am-to-6pm-on-sept-12/
2014-09-13,47409,9195,2014-09-13 18:37:49,month_day_year_inferred@title,25,and waiting hours detail by 6pm. Sarva Darshan (Free darshan)- Line outside/25 hours; Divy,"About 47,409 pilgrims had Srivari Darshan from 3am to 6pm on Sept 13",https://news.tirumala.org/sarva-darshan-free-darshan-line-outside25-hours-divya-darshan-footpath-darshan-line-outside-20-hours-special-entry-darshan-rs-300-darshan-closed/
2014-09-14,32987,9204,2014-09-14 18:41:50,month_day_year_inferred@title,24,and waiting hours detail by 6pm. Sarva Darshan (Free darshan)- Line outside/24 hours; Divy,"About 32,987 pilgrims had Srivari Darshan from 3am to 6pm on Sep 14",https://news.tirumala.org/about-32987-pilgrims-had-srivari-darshan-from-3am-to-6pm-on-sep-14/
2014-09-15,38616,9217,2014-09-15 18:32:46,month_day_year_inferred@title,,and waiting hours detail by 6pm. Sarva Darshan (Free darshan)- 16 compartments/ 8 hours; D,"About 38,616 pilgrims had Srivari Darshan from 3am to 6pm on Sep 15",https://news.tirumala.org/sarva-darshan-free-darshan-16-compartments-8-hours-divya-darshan-footpath-darshan-4-compartments-4-hours-special-entry-darshan-rs-300-darshan-2-compartments-2-hours/
2014-09-16,32245,9239,2014-09-16 18:38:23,month_day_year_inferred@title,,and waiting hours detail by 6pm. Sarva Darshan (Free darshan)- 10 compartments/ 8 hours; D,"About 32,245 pilgrims had Srivari Darshan from 3am to 6pm on Sept 16",https://news.tirumala.org/sarva-darshan-free-darshan-10-compartments-8-hours-divya-darshan-footpath-darshan-3-compartments-3-hours-special-entry-darshan-rs-300-darshan-1-compartment-1-hour/
2014-09-17,22328,9257,2014-09-17 18:16:39,month_day_year_inferred@title,,and waiting hours detail by 6pm. Sarva Darshan (Free darshan)- 18 compartments/ 12 hours;,"About 22,328 pilgrims had Srivari Darshan from 3am to 6pm on Sept 17",https://news.tirumala.org/sarva-darshan-free-darshan-18-compartments-12-hours-divya-darshan-footpath-darshan-8-compartments-6-hours-special-entry-darshan-rs-300-darshan-closed/
2014-09-18,32283,9306,2014-09-18 19:56:47,month_day_year_inferred@title,,and waiting hours detail by 6pm. Sarva Darshan (Free darshan)- 18 compartments/ 9 hours; D,"About 32,283 pilgrims had Srivari Darshan from 3am to 6pm on Sept 18",https://news.tirumala.org/sarva-darshan-free-darshan-18-compartments-9-hours-divya-darshan-footpath-darshan-7-compartments-4-hours-special-entry-darshan-rs-300-darshan-closed/
2014-09-19,37819,9339,2014-09-19 18:22:45,month_day_year_inferred@title,,and waiting hours detail by 6pm. Sarva Darshan (Free darshan)- 21 compartments/ 12 hours;,"About 37,819 pilgrims had Srivari Darshan from 3am to 6pm on Sept 19",https://news.tirumala.org/sarva-darshan-free-darshan-21-compartments-12-hours-divya-darshan-footpath-darshan-6-compartments-4-hours-special-entry-darshan-rs-300-darshan-direct/
2014-09-20,45670,9363,2014-09-20 20:24:45,month_day_year_inferred@title,18,and waiting hours detail by 6pm. Sarva Darshan (Free darshan)- Line outside/ 18 hours; Div,"About 45,670 pilgrims had Srivari Darshan from 3am to 6pm on Sept 20",https://news.tirumala.org/sarva-darshan-free-darshan-line-outside-18-hours-divya-darshan-footpath-darshan-line-outside-10-hours-special-entry-darshan-rs-300-darshan-closed/
2014-09-21,43334,9379,2014-09-21 18:56:49,month_day_year_inferred@title,,and waiting hours detail by 6pm. Sarva Darshan (Free darshan)- 20 compartments/ 10 hours;,"About 43,334 pilgrims had Srivari Darshan from 3am to 6pm on Sept 21",https://news.tirumala.org/9379/
2014-09-22,42035,9385,2014-09-22 18:44:06,month_day_year_inferred@title,,and waiting hours detail by 6pm. Sarva Darshan (Free darshan)- 7 compartments/ 5 hours; Di,"About 42,035 pilgrims had Srivari Darshan from 3am to 6pm on Sept 22.",https://news.tirumala.org/sarva-darshan-free-darshan-7-compartments-5-hours-divya-darshan-footpath-darshan-2-compartments-2-hours-special-entry-darshan-rs-300-darshan-direct/
2014-09-23,32906,9427,2014-09-23 18:25:56,month_day_year_inferred@title,,and waiting hours detail by 6pm. Sarva Darshan (Free darshan)- 5 compartments/3 hours; Div,"About 32,906 pilgrims had Srivari Darshan from 3am to 6pm on Sept 23",https://news.tirumala.org/sarva-darshan-free-darshan-5-compartments3-hours-divya-darshan-footpath-darshan-3-compartments-2-hours-special-entry-darshan-rs-300-darshan-direct-line/
2014-09-24,23685,9433,2014-09-24 19:38:28,month_day_year_inferred@title,,and waiting hours detail by 6pm. Sarva Darshan (Free darshan)- 5 compartments/4 hours; Div,"About 23,685 pilgrims had Srivari Darshan from 3am to 6pm on Sept 24",https://news.tirumala.org/sarva-darshan-free-darshan-5-compartments4-hours-divya-darshan-footpath-darshan-4-compartments-2-hours-special-entry-darshan-rs-300-darshan-direct/
2014-09-25,20928,9479,2014-09-25 20:10:17,month_day_year_inferred@body,,and waiting hours detail by 6pm. Sarva Darshan (Free darshan)- 18 compartments/ 10 hours;,Sarva Darshan (Free darshan) - 18 compartments/ 10 hours; Divya Darshan (Footpath darshan) - 6 compartments/ 6 hours; Special Entry Darshan (Rs.300 Darshan) - direct line,https://news.tirumala.org/sarva-darshan-free-darshan-18-compartments-10-hours-divya-darshan-footpath-darshan-6-compartments-6-hours-special-entry-darshan-rs-300-darshan-direct-line/
2014-09-27,37054,9666,2014-09-27 22:36:55,month_day_year_inferred@title,24,and waiting hours detail by 6pm. Sarva Darshan (Free darshan)- Outside line / 24 hours; Di,"About 37,054 pilgrims had Srivari Darshan from 3am to 6pm on Sept 27.",https://news.tirumala.org/about-37054-pilgrims-had-srivari-darshan-from-3am-to-6pm-on-sept-27/
2014-10-03,48826,10135,2014-10-03 22:59:38,month_day_year_inferred@body,32,"and waiting hours detail on Oct 3rd, by 6pm. Sarva Darshan (Free darshan)- Line out/ 32 ho",Sarva Darshan (Free darshan)- Line out/ 32 hours; Divya Darshan (Footpath darshan)- Line out/ 18 hours; Special Entry Darshan (Rs.300 Darshan) – closed,https://news.tirumala.org/sarva-darshan-free-darshan-line-out-32-hours-divya-darshan-footpath-darshan-line-out-18-hours-special-entry-darshan-rs-300-darshan-closed/
2014-10-05,35656,10266,2014-10-05 19:11:48,month_day_year_inferred@title,24,and waiting hours detail by 6pm. Sarva Darshan (Free darshan)- Line out/ 24 hours; Divya D,"About 35,656 pilgrims had Srivari Darshan from 3am to 6pm on Oct 5",https://news.tirumala.org/sarva-darshan-free-darshan-line-out-24-hours-divya-darshan-footpath-darshan-line-out-15-hours-special-entry-darshan-rs-300-darshan-current-booking-cancelled-2/
2014-10-06,47288,10289,2014-10-06 18:54:56,month_day_year_inferred@title,24,and waiting hours detail by 6pm. Sarva Darshan (Free darshan)- Line out/ 24 hours;,"About 47,288 pilgrims had Srivari Darshan from 3am to 6pm on Oct 6",https://news.tirumala.org/about-47288-pilgrims-had-srivari-darshan-from-3am-to-6pm-on-oct-6/
2014-10-07,42430,10294,2014-10-07 18:38:28,month_day_year_inferred@title,20,and waiting hours detail by 6pm. Sarva Darshan (Free darshan)- Line out/ 20 hours; Foot Pa,"About 42,430 pilgrims had Srivari Darshan from 3am to 6pm on Oct 7",https://news.tirumala.org/about-42430-pilgrims-had-srivari-darshan-from-3am-to-6pm-on-oct-7/
2014-10-08,13666,10314,2014-10-08 18:59:48,month_day_year_inferred@title,,and waiting hours detail by 5am. Sarva Darshan (Free darshan)- will commence after 9.30am,"About 13,666 pilgrims had Srivari Darshan from 3am to 10am on Oct 8",https://news.tirumala.org/sarva-darshan-free-darshan-will-commence-after-9-30am-due-to-lunar-eclipse/
2014-10-09,30750,10327,2014-10-09 18:22:11,month_day_year_inferred@title,22,and waiting hours detail by 6pm. Sarva Darshan (Free darshan)- Line out/ 22 hours; Divya D,"About 30,750 pilgrims had Srivari Darshan from 3am to 6pm on Oct 9",https://news.tirumala.org/sarva-darshan-free-darshan-line-outside-22-hours-foot-path-line-outside-11-hours-rs-300-closed/
2014-10-10,37805,10352,2014-10-10 18:22:33,month_day_year_inferred@title,,and waiting hours detail by 6pm. Sarva Darshan (Free darshan)- 27 compartments/ 20 hours;,"About 37,805 pilgrims had Srivari Darshan from 3am to 6pm on Oct 10.",https://news.tirumala.org/about-37805-pilgrims-had-srivari-darshan-from-3am-to-6pm-on-oct-10/
2014-10-11,41849,10357,2014-10-11 18:10:54,month_day_year_inferred@title,22,and waiting hours detail by 6pm. Sarva Darshan (Free darshan)- Line outside/ 22 hours; Div,"About 41,849 pilgrims had Srivari Darshan from 3am to 6pm on Oct 11",https://news.tirumala.org/about-41849-pilgrims-had-srivari-darshan-from-3am-to-6pm-on-oct-11/
2014-10-12,46280,10363,2014-10-12 18:25:35,month_day_year_inferred@title,,and waiting hours detail by 6pm. Sarva Darshan (Free darshan)- 26 compartments/ 22 hours;,"About 46,280 pilgrims had Srivari Darshan from 3am to 6pm on Oct 12",https://news.tirumala.org/about-46280-pilgrims-had-srivari-darshan-from-3am-to-6pm-on-oct-12/
2014-10-13,50780,10372,2014-10-13 18:39:39,month_day_year_inferred@title,,and waiting hours detail by 6pm. Sarva Darshan (Free darshan)- 15 compartments/ 12 hours;,"About 50,780 pilgrims had Srivari Darshan from 3am to 6pm on Oct 13",https://news.tirumala.org/about-50780-pilgrims-had-srivari-darshan-from-3am-to-6pm-on-oct-13/
2014-10-14,31614,10376,2014-10-14 18:42:40,month_day_year_inferred@title,,and waiting hours detail by 6pm. Sarva Darshan (Free darshan)- 10 compartments/ 7 hours; D,"About 31,614 pilgrims had Srivari Darshan from 3am to 6pm on Oct 14",https://news.tirumala.org/10376/
2014-10-15,26078,10399,2014-10-15 18:13:37,month_day_year_inferred@title,,and waiting hours detail by 6pm. Sarva Darshan (Free darshan)- 15 compartments/ 7 hours; D,"About 26,078 pilgrims had Srivari Darshan from 3am to 6pm on Oct 15",https://news.tirumala.org/sarva-darshan-free-darshan-15-compartments-7-hours-divya-darshan-footpath-darshan-2-compartment-2-hours-and-special-entry-darshan-rs-300-darshan-closed/
2014-10-16,41930,10429,2014-10-16 18:57:00,month_day_year_inferred@title,,and waiting hours detail by 6pm. Sarva Darshan (Free darshan)- 17 compartments/ 10 hours;,"About 41,930 pilgrims had Srivari Darshan from 3am to 6pm on Oct 16",https://news.tirumala.org/about-41930-pilgrims-had-srivari-darshan-from-3am-to-6pm-on-oct-16/
2014-10-17,22462,10462,2014-10-17 18:23:55,month_day_year_inferred@title,,and waiting hours detail by 6pm. Sarva Darshan (Free darshan)- 12 compartments/ 15 hours;,"About 22,462 pilgrims had Srivari Darshan from 3am to 6pm on Oct 17",https://news.tirumala.org/sarva-darshan-free-darshan-12-compartments-15-hours-divya-darshan-footpath-darshan-4-compartment-4-hours-and-special-entry-darshan-rs-300-darshan-closed/
2014-10-18,36029,10470,2014-10-18 19:22:57,month_day_year_inferred@title,,and waiting hours detail by 6pm. Sarva Darshan (Free darshan)- 20 compartments/ 10 hours;,"About 36,029 pilgrims had Srivari Darshan from 3am to 6pm on Oct 18",https://news.tirumala.org/sarva-darshan-free-darshan-20-compartments-10-hours-divya-darshan-footpath-darshan-4-compartment-4-hours-and-special-entry-darshan-rs-300-darshan-closed/
2014-10-19,33850,10499,2014-10-19 18:15:38,month_day_year_inferred@title,,and waiting hours detail by 6pm. Sarva Darshan (Free darshan)- 22 compartments/ 14 hours;,"About 33,850 pilgrims had Srivari Darshan from 3am to 6pm on Oct 19",https://news.tirumala.org/about-33850-pilgrims-had-srivari-darshan-from-3am-to-6pm-on-oct-19/
2014-10-20,27301,10506,2014-10-20 19:01:56,month_day_year_inferred@title,,and waiting hours detail by 6pm. Sarva Darshan (Free darshan)- 12 compartments/ 7 hours; D,"About 27,301 pilgrims had Srivari Darshan from 3am to 6pm on Oct 20",https://news.tirumala.org/sarva-darshan-free-darshan-12-compartments-7-hours-divya-darshan-footpath-darshan-4-compartments-3-hours-and-special-entry-darshan-rs-300-darshan-closed/
2014-10-21,23150,10522,2014-10-21 19:12:26,month_day_year_inferred@title,,and waiting hours detail by 6pm. Sarva Darshan (Free darshan)- 5 compartments/ 4 hours; Di,"About 23,150 pilgrims had Srivari Darshan from 3am to 6pm on Oct 21",https://news.tirumala.org/sarva-darshan-free-darshan-5-compartments-4-hours-divya-darshan-footpath-darshan-1-compartments-1-hours-and-special-entry-darshan-rs-300-darshan-closed/
2014-10-22,37434,10553,2014-10-22 17:58:08,month_day_year_inferred@title,,and waiting hours detail by 6pm. Sarva Darshan (Free darshan)- 20 compartments/ 10 hours;,"About 37,434 pilgrims had Srivari Darshan from 3am to 6pm on Oct 22",https://news.tirumala.org/about-37434-pilgrims-had-srivari-darshan-from-3am-to-6pm-on-oct-22/
2014-10-23,26354,10563,2014-10-23 18:38:11,month_day_year_inferred@title,,and waiting hours detail by 6pm. Sarva Darshan (Free darshan)- 11 compartments/ 9 hours; D,"About 26,354 pilgrims had Srivari Darshan from 3am to 6pm on Oct 23",https://news.tirumala.org/sarva-darshan-free-darshan-11-compartments-9-hours-divya-darshan-footpath-darshan-6-compartments-5-hours-and-special-entry-darshan-rs-300-darshan-closed/
2014-10-24,32014,10578,2014-10-24 18:23:23,month_day_year_inferred@title,24,and waiting hours detail by 6pm. Sarva Darshan (Free darshan)- Line outside/ 24 hours; Div,"About 32,014 pilgrims had Srivari Darshan from 3am to 6pm on Oct 24",https://news.tirumala.org/sarva-darshan-free-darshan-line-outside-24-hours-divya-darshan-footpath-darshan-line-outside-10-hours-and-special-entry-darshan-rs-300-darshan-closed/
2014-10-25,40200,10591,2014-10-25 18:13:41,month_day_year_inferred@title,32,and waiting hours detail by 6pm. Sarva Darshan (Free darshan)- Line outside/ 32 hours; Div,"About 40,200 pilgrims had Srivari Darshan from 3am to 6pm on Oct 25",https://news.tirumala.org/about-40200-pilgrims-had-srivari-darshan-from-3am-to-6pm-on-oct-25/
2014-10-26,45000,10616,2014-10-26 18:47:51,month_day_year_inferred@title,,and waiting hours detail by 6pm. Sarva Darshan (Free darshan)- 15 compartments/ 20 hours;,"About 45,000 pilgrims had Srivari Darshan from 3am to 6pm on Oct 26",https://news.tirumala.org/sarva-darshan-free-darshan-15-compartments-20-hours-divya-darsha-footpath-darshan-8-compartments-9-hours-and-special-entry-darshan-rs-300-darshan-closed/
2014-10-27,32797,10622,2014-10-27 18:33:51,month_day_year_inferred@title,,and waiting hours detail by 6pm. Sarva Darshan (Free darshan)- 21 compartments/ 12 hours;,"About 32,797 pilgrims had Srivari Darshan from 3am to 6pm on Oct 27",https://news.tirumala.org/sarva-darshan-free-darshan-21-compartments-12-hours-divya-darshan-footpath-darshan-6-compartments-8-hours-and-special-entry-darshan-rs-300-darshan-closed/
2014-10-28,37261,10642,2014-10-28 18:55:41,month_day_year_inferred@title,,and waiting hours detail by 6pm. Sarva Darshan (Free darshan)- 13 compartments/ 12 hours;,"About 37,261 pilgrims had Srivari Darshan from 3am to 6pm on Oct 28",https://news.tirumala.org/sarva-darshan-free-darshan-13-compartments-12-hours-divya-darshan-footpath-darshan-4-compartments-4-hours-and-special-entry-darshan-rs-300-darshan-direct-line/
2014-10-29,32445,10684,2014-10-29 19:44:54,month_day_year_inferred@title,,and waiting hours detail by 6pm. Sarva Darshan (Free darshan)- 10 compartments/ 8 hours; D,"About 32,445 pilgrims had Srivari Darshan from 3am to 6pm on Oct 29",https://news.tirumala.org/sarva-darshan-free-darshan-10-compartments-8-hours-divya-darshan-footpath-darshan-3-compartments-3-hours-and-special-entry-darshan-rs-300-darshan-after-8pm/
2014-10-30,32983,10702,2014-10-30 19:43:16,month_day_year_inferred@title,,and waiting hours detail by 6pm. Sarva Darshan (Free darshan)- 18 compartments/ 9 hours; D,"About 32,983 pilgrims had Srivari Darshan from 3am to 6pm on Oct 30",https://news.tirumala.org/sarva-darshan-free-darshan-18-compartments-9-hours-divya-darshan-footpath-darshan-3-compartments-3-hours-and-special-entry-darshan-rs-300-darshan-closed/
2014-10-31,33455,10761,2014-10-31 19:59:49,month_day_year_inferred@title,,and waiting hours detail by 6pm. Sarva Darshan (Free darshan)- 18 compartments/ 12 hours;,"About 33,455 pilgrims had Srivari Darshan from 3am to 6pm on Oct 31",https://news.tirumala.org/sarva-darshan-free-darshan-18-compartments-12-hours-divya-darshan-footpath-darshan-4-compartments-4-hours-and-special-entry-darshan-rs-300-darshan-closed/
2014-11-01,32172,10797,2014-11-01 18:28:50,month_day_year_inferred@title,20,and waiting hours detail by 6pm. Sarva Darshan (Free darshan)- Line Outside/ 20 hours; Div,"About 32,172 pilgrims had Srivari Darshan from 3am to 6pm on Nov 1",https://news.tirumala.org/sarva-darshan-free-darshan-line-outside-20-hours-divya-darshan-footpath-darshan-line-outside-8-hours-and-special-entry-darshan-rs-300-darshan-closed/
2014-11-03,41814,10836,2014-11-03 20:17:28,month_day_year_inferred@title,,and waiting hours detail by 6pm. Sarva Darshan (Free darshan)- 18 compartments/ 16 hours;,"About 41,814 pilgrims had Srivari Darshan from 3am to 6pm on Nov 3",https://news.tirumala.org/sarva-darshan-free-darshan-18-compartments-16-hours-divya-darshan-footpath-darshan-6-compartments-5-hours-and-special-entry-darshan-rs-300-darshan-closed/
2014-11-04,35255,10863,2014-11-04 19:04:09,month_day_year_inferred@title,,and waiting hours detail by 6pm. Sarva Darshan (Free darshan)- 17 compartments/ 11 hours;,"About 35,255 pilgrims had Srivari Darshan from 3am to 6pm on Nov 4",https://news.tirumala.org/sarva-darshan-free-darshan-17-compartments-11-hours-divya-darshan-footpath-darshan-7-compartments-5-hours-and-special-entry-darshan-rs-300-darshan-direct/
2014-11-05,45670,10873,2014-11-05 18:11:03,month_day_year_inferred@title,18,and waiting hours detail by 6pm. Sarva Darshan (Free darshan)- Line outside/ 18 hours; Div,"About 45,670 pilgrims had Srivari Darshan from 3am to 6pm on Nov 5",https://news.tirumala.org/sarva-darshan-free-darshan-line-outside-18-hours-divya-darshan-footpath-darshan-line-outside-10-hours-and-special-entry-darshan-rs-300-darshan-closed/
2014-11-06,34159,10915,2014-11-06 21:34:28,month_day_year_inferred@title,,and waiting hours detail by 6pm. Sarva Darshan (Free darshan)- 10 compartments/ 7 hours; D,"About 34,159 pilgrims had Srivari Darshan from 3am to 6pm on Nov 6",https://news.tirumala.org/sarva-darshan-free-darshan-10-compartments-7-hours-divya-darshan-footpath-darshan-3-compartments-3-hours-and-special-entry-darshan-rs-300-darshan-closed/
2014-11-07,25500,10940,2014-11-07 18:13:21,month_day_year_inferred@title,,and waiting hours detail by 6pm. Sarva Darshan (Free darshan)- 20 compartments/ 16 hours;,"About 25,500 pilgrims had Srivari Darshan from 3am to 6pm on Nov 7",https://news.tirumala.org/about-25500-pilgrims-had-srivari-darshan-from-3am-to-6pm-on-nov-7/
2014-11-08,39251,10944,2014-11-08 18:16:35,month_day_year_inferred@title,,and waiting hours detail by 6pm. Sarva Darshan (Free darshan)- 28 compartments/ 15 hours;,"About 39,251 pilgrims had Srivari Darshan from 3am to 6pm on Nov 8",https://news.tirumala.org/about-39251-pilgrims-had-srivari-darshan-from-3am-to-6pm-on-nov-8/
2014-11-09,38821,10949,2014-11-09 18:20:20,month_day_year_inferred@title,,and waiting hours detail by 6pm. Sarva Darshan (Free darshan)- 15 compartments/ 8 hours; D,"About 38,821 pilgrims had Srivari Darshan from 3am to 6pm on Nov 9",https://news.tirumala.org/about-38821-pilgrims-had-srivari-darshan-from-3am-to-6pm-on-nov-9/
2014-11-10,35612,10953,2014-11-10 18:23:40,month_day_year_inferred@title,,and waiting hours detail by 6pm. Sarva Darshan (Free darshan)- 14 compartments/ 8 hours; D,"About 35,612 pilgrims had Srivari Darshan from 3am to 6pm on Nov 10",https://news.tirumala.org/sarva-darshan-free-darshan-14-compartments-8-hours-divya-darshan-footpath-darshan-5-compartments-3-hours-and-special-entry-darshan-rs-300-darshan-closed/
2014-11-11,31885,11040,2014-11-11 18:57:24,month_day_year_inferred@title,,and waiting hours detail by 6pm. Sarva Darshan (Free darshan)- 14 compartments/ 8 hours; D,"About 31,885 pilgrims had Srivari Darshan from 3am to 6pm on Nov 11",https://news.tirumala.org/sarva-darshan-free-darshan-14-compartments-8-hours-divya-darshan-footpath-darshan-5-compartments-3-hours-and-special-entry-darshan-rs-300-darshan-closed-2/
2014-11-12,29432,11050,2014-11-12 18:44:20,month_day_year_inferred@title,,and waiting hours detail by 6pm. Sarva Darshan (Free darshan)- 14 compartments/ 12 hours;,"About 29,432 pilgrims had Srivari Darshan from 3am to 6pm on Nov 12",https://news.tirumala.org/about-29432-pilgrims-had-srivari-darshan-from-3am-to-6pm-on-nov-12/
2014-11-13,25135,11079,2014-11-13 18:13:09,month_day_year_inferred@title,,and waiting hours detail by 6pm. Sarva Darshan (Free darshan)- 16 compartments/ 10 hours;,"About 25,135 pilgrims had Srivari Darshan from 3am to 6pm on Nov 13",https://news.tirumala.org/sarva-darshan-free-darshan-16-compartments-10-hours-divya-darshan-footpath-darshan-4-compartments-3-hours-and-special-entry-darshan-rs-300-darshan-closed/
2014-11-14,25750,11084,2014-11-14 18:08:46,month_day_year_inferred@title,,and waiting hours detail by 6pm. Sarva Darshan (Free darshan)- 17 compartments/ 10 hours;,"About 25,750 pilgrims had Srivari Darshan from 3am to 6pm on Nov 14",https://news.tirumala.org/about-25750-pilgrims-had-srivari-darshan-from-3am-to-6pm-on-nov-14/
2014-11-15,33842,11112,2014-11-15 18:02:11,month_day_year_inferred@title,,and waiting hours detail by 6pm. Sarva Darshan (Free darshan)- 22 compartments/ 14 hours;,"About 33,842 pilgrims had Srivari Darshan from 3am to 6pm on Nov 15",https://news.tirumala.org/about-33842-pilgrims-had-srivari-darshan-from-3am-to-6pm-on-nov-15/
2014-11-17,29130,11136,2014-11-17 19:04:45,month_day_year_inferred@title,,and waiting hours detail by 6pm. Sarva Darshan (Free darshan)- 12 compartments/ 8 hours; D,"About 29,130 pilgrims had Srivari Darshan from 3am to 6pm on Nov 17",https://news.tirumala.org/sarva-darshan-free-darshan-12-compartments-8-hours-divya-darshan-footpath-darshan-5-compartments-4-hours-and-special-entry-darshan-rs-300-darshan-closed/
2014-11-18,35255,11246,2014-11-18 21:35:33,month_day_year_inferred@title,,and waiting hours detail by 6pm. Sarva Darshan (Free darshan)- 16 compartments/ 10 hours;,"About 35,255 pilgrims had Srivari Darshan from 3am to 6pm on Nov 18",https://news.tirumala.org/sarva-darshan-free-darshan-16-compartments-10-hours-divya-darshan-footpath-darshan-8-compartments-4-hours-and-special-entry-darshan-rs-300-darshan-closed/
2014-11-19,26755,11325,2014-11-19 22:17:09,month_day_year_inferred@title,,and waiting hours detail by 6pm. Sarva Darshan (Free darshan)- 11 compartments/ 8 hours; D,"About 26,755 pilgrims had Srivari Darshan from 3am to 6pm on Nov 19",https://news.tirumala.org/sarva-darshan-free-darshan-11-compartments-8-hours-divya-darshan-footpath-darshan-3-compartments-5-hours-and-special-entry-darshan-rs-300-closed/
2014-11-20,26147,11381,2014-11-20 18:12:11,month_day_year_inferred@title,,and waiting hours detail by 6pm. Sarva Darshan (Free darshan)- 11 compartments/ 8 hours; D,"About 26,147 pilgrims had Srivari Darshan from 3am to 6pm on Nov 20",https://news.tirumala.org/sarva-darshan-free-darshan-11-compartments-8-hours-divya-darshan-footpath-darshan-2-compartments-4-hours-and-special-entry-darshan-rs-300-closed/
2014-11-21,32304,11426,2014-11-21 18:39:20,month_day_year_inferred@title,,and waiting hours detail by 6pm. Sarva Darshan (Free darshan)- 13 compartments/ 8 hours; D,"About 32,304 pilgrims had Srivari Darshan from 3am to 6pm on Nov 21",https://news.tirumala.org/sarva-darshan-free-darshan-13-compartments-8-hours-divya-darshan-footpath-darshan-2-compartments-4-hours-and-special-entry-darshan-rs-300-closed/
2014-11-22,39980,11478,2014-11-22 18:05:51,month_day_year_inferred@title,,and waiting hours detail by 6pm. Sarva Darshan (Free darshan)- 18 compartments/ 15 hours;,"About 39,980 pilgrims had Srivari Darshan from 3am to 6pm on Nov 22",https://news.tirumala.org/sarva-darshan-free-darshan-18-compartments-15-hours-divya-darshan-footpath-darshan-6-compartments-4-hours-and-special-entry-darshan-rs-300-closed/
2014-11-23,33149,11527,2014-11-23 18:14:09,month_day_year_inferred@title,,and waiting hours detail by 6pm. Sarva Darshan (Free darshan)- 19 compartments/ 10 hours;,"About 33,149 pilgrims had Srivari Darshan from 3am to 6pm on Nov 23",https://news.tirumala.org/sarva-darshan-free-darshan-19-compartments-10-hours-divya-darshan-footpath-darshan-5-compartments-4-hours-and-special-entry-darshan-rs-300-closed/
2014-11-26,21502,11785,2014-11-26 18:06:54,month_day_year_inferred@title,,and waiting hours detail by 6pm. Sarva Darshan (Free darshan)- 25 compartments/ 10 hours;,"About 21,502 pilgrims had Srivari Darshan from 3am to 6pm on Nov 26",https://news.tirumala.org/about-21502-pilgrims-had-srivari-darshan-from-3am-to-6pm-on-nov-26/
2014-11-27,32103,11793,2014-11-27 18:47:09,month_day_year_inferred@title,,and waiting hours detail by 6pm. Sarva Darshan (Free darshan)- 20 compartments/ 12 hours;,"About 32,103 pilgrims had Srivari Darshan from 3am to 6pm on Nov 27",https://news.tirumala.org/about-32103-pilgrims-had-srivari-darshan-from-3am-to-6pm-on-nov-27/
2014-11-28,27141,11798,2014-11-28 18:50:10,month_day_year_inferred@title,20,and waiting hours detail by 6pm. Sarva Darshan (Free darshan)- Line outside/ 20 hours; Div,"About 27,141 pilgrims had Srivari Darshan from 3am to 6pm on Nov 28",https://news.tirumala.org/sarva-darshan-free-darshan-line-outside-20-hours-divya-darshan-footpath-darshan-line-outside-8-hours-and-special-entry-darshan-rs-300-closed/
2014-11-29,41818,11883,2014-11-29 18:00:44,month_day_year_inferred@title,,and waiting hours detail by 6pm. Sarva Darshan (Free darshan)- 24 compartments/ 15 hours;,"About 41,818 pilgrims had Srivari Darshan from 3am to 6pm on Nov 29",https://news.tirumala.org/sarva-darshan-free-darshan-24-compartments-15-hours-divya-darshan-footpath-darshan-10-compartments-8-hours-and-special-entry-darshan-rs-300-closed/
2014-11-30,42027,11888,2014-11-30 18:00:59,month_day_year_inferred@title,,and waiting hours detail by 6pm. Sarva Darshan (Free darshan)- 15 compartments/ 20 hours;,"About 42,027pilgrims had Srivari Darshan from 3am to 6pm on Nov 30",https://news.tirumala.org/sarva-darshan-free-darshan-15-compartments-20-hours-divya-darshan-footpath-darshan-6-compartments-8-hours-and-special-entry-darshan-rs-300-closed/
2014-12-01,40227,11923,2014-12-01 18:49:13,month_day_year_inferred@title,,and waiting hours detail by 6pm. Sarva Darshan (Free darshan)- 10 compartments/ 5 hours; D,"About 40,227 pilgrims had Srivari Darshan from 3am to 6pm on Dec 1",https://news.tirumala.org/sarva-darshan-free-darshan-10-compartments-5-hours-divya-darshan-footpath-darshan-5-compartments-3-hours-and-special-entry-darshan-rs-300-closed/
2014-12-02,32274,11951,2014-12-02 18:49:18,month_day_year_inferred@title,,and waiting hours detail by 6pm. Sarva Darshan (Free darshan)- 12 compartments/ 8 hours; D,"About 32,274 pilgrims had Srivari Darshan from 3am to 6pm on Dec 2",https://news.tirumala.org/sarva-darshan-free-darshan-12-compartments-8-hours-divya-darshan-footpath-darshan-6-compartments-5-hours-and-special-entry-darshan-rs-300-closed/
2014-12-03,30274,11965,2014-12-03 18:25:30,month_day_year_inferred@title,,and waiting hours detail by 6pm. Sarva Darshan (Free darshan)- 10 compartments/ 8 hours; D,"About 30,274 pilgrims had Srivari Darshan from 3am to 6pm on Dec 3",https://news.tirumala.org/sarva-darshan-free-darshan-10-compartments-8-hours-divya-darshan-footpath-darshan-4-compartments-7-hours-and-special-entry-darshan-rs-300-closed/
2014-12-06,30106,12018,2014-12-06 18:36:31,month_day_year_inferred@title,,and waiting hours detail by 6pm. Sarva Darshan (Free darshan)- 30 compartments/ 24 hours;,"About 30,106 pilgrims had Srivari Darshan from 3am to 6pm on Dec 6",https://news.tirumala.org/about-30106-pilgrims-had-srivari-darshan-from-3am-to-6pm-on-dec-6/
2014-12-07,35106,12048,2014-12-07 18:23:10,month_day_year_inferred@title,,and waiting hours detail by 6pm. Sarva Darshan (Free darshan)- 28 compartments/ 14 hours;,"About 35,106 pilgrims had Srivari Darshan from 3am to 6pm on Dec 7",https://news.tirumala.org/about-35106-pilgrims-had-srivari-darshan-from-3am-to-6pm-on-dec-7/
2014-12-08,37430,12060,2014-12-08 18:33:55,month_day_year_inferred@title,,and waiting hours detail by 6pm. Sarva Darshan (Free darshan)- 10 compartments/ 7 hours; D,"About 37,430 pilgrims had Srivari Darshan from 3am to 6pm on Dec 8",https://news.tirumala.org/sarva-darshan-free-darshan-10-compartments-7-hours-divya-darshan-footpath-darshan-6-compartments-4-hours-and-special-entry-darshan-rs-300-closed/
2014-12-09,36663,12089,2014-12-09 19:01:18,month_day_year_inferred@title,,and waiting hours detail by 6pm. Sarva Darshan (Free darshan)- 12 compartments/ 8 hours; D,"About 36,663 pilgrims had Srivari Darshan from 3am to 6pm on Dec 9",https://news.tirumala.org/sarva-darshan-free-darshan-12-compartments-8-hours-divya-darshan-footpath-darshan-6-compartments-5-hours-and-special-entry-darshan-rs-300-closed-2/
2014-12-10,37090,12147,2014-12-10 18:45:19,month_day_year_inferred@title,,and waiting hours detail by 6pm. Sarva Darshan (Free darshan)- 14 compartments/ 10 hours;,"About 37,090 pilgrims had Srivari Darshan from 3am to 6pm on Dec 10",https://news.tirumala.org/about-37090-pilgrims-had-srivari-darshan-from-3am-to-6pm-on-dec-10/
2014-12-11,23094,12161,2014-12-11 18:15:49,month_day_year_inferred@title,,and waiting hours detail by 6pm. Sarva Darshan (Free darshan)- 14 compartments/ 10 hours;,"About 23,094 pilgrims had Srivari Darshan from 3am to 6pm on Dec 11",https://news.tirumala.org/about-23094-pilgrims-had-srivari-darshan-from-3am-to-6pm-on-dec-11/
2014-12-12,32016,12164,2014-12-12 18:09:58,month_day_year_inferred@title,,and waiting hours detail by 6pm. Sarva Darshan (Free darshan)- 24 compartments/ 14 hours;,"About 32,016 pilgrims had Srivari Darshan from 3am to 6pm on Dec 12",https://news.tirumala.org/about32016-pilgrims-had-srivari-darshan-from-3am-to-6pm-on-dec-12/
2014-12-13,40000,12183,2014-12-13 20:28:18,month_day_year_inferred@title,,and waiting hours detail by 6pm. Sarva Darshan (Free darshan)- 28 compartments/ 16 hours;,"About 40,000 pilgrims had Srivari Darshan from 3am to 6pm on Dec 13",https://news.tirumala.org/sarva-darshan-free-darshan-28-compartments-16-hours-divya-darshan-footpath-darshan-11-compartments-10-hours-and-special-entry-darshan-rs-300-closed/
2014-12-14,40200,12199,2014-12-14 18:24:50,month_day_year_inferred@title,24,and waiting hours detail by 6pm. Sarva Darshan (Free darshan)- line outside/ 24 hours; Div,"About 40,200 pilgrims had Srivari Darshan from 3am to 6pm on Dec 14",https://news.tirumala.org/about-40200-pilgrims-had-srivari-darshan-from-3am-to-6pm-on-dec-14/
2014-12-15,36851,12217,2014-12-15 18:47:52,month_day_year_inferred@title,9,and waiting hours detail by 6pm. Sarva Darshan (Free darshan)- 9 hours/ 7 hours; Divya Dar,"About 36,851 pilgrims had Srivari Darshan from 3am to 6pm on Dec 15",https://news.tirumala.org/sarva-darshan-free-darshan-9-hours-7-hours-divya-darshan-footpath-darshan-4-compartments-3-hours-and-special-entry-darshan-rs-300-closed/
2014-12-16,35000,12220,2014-12-16 19:45:18,month_day_year_inferred@title,10,and waiting hours detail by 6pm. Sarva Darshan (Free darshan)- 10 hours/ 7 hours; Divya Da,"About 35,000 pilgrims had Srivari Darshan from 3am to 6pm on Dec 16",https://news.tirumala.org/sarva-darshan-free-darshan-10-hours-7-hours-divya-darshan-footpath-darshan-6-compartments-4-hours-and-special-entry-darshan-rs-300-closed/
2014-12-17,33350,12242,2014-12-17 19:39:45,month_day_year_inferred@title,13,and waiting hours detail by 6pm. Sarva Darshan (Free darshan)- 13 hours/ 10 hours; Divya D,"About 33,350 pilgrims had Srivari Darshan from 3am to 6pm on Dec 17",https://news.tirumala.org/sarva-darshan-free-darshan-13-hours-10-hours-divya-darshan-footpath-darshan-8-compartments-6-hours-and-special-entry-darshan-rs-300-closed/
2014-12-18,35819,12302,2014-12-18 19:28:11,month_day_year_inferred@title,14,and waiting hours detail by 6pm. Sarva Darshan (Free darshan)- 14 hours/ 11 hours; Divya D,"About 35,819 pilgrims had Srivari Darshan from 3am to 6pm on Dec 18",https://news.tirumala.org/sarva-darshan-free-darshan-14-hours-11-hours-divya-darshan-footpath-darshan-8-compartments-6-hours-and-special-entry-darshan-rs-300-closed/
2014-12-19,30130,12305,2014-12-19 18:34:21,month_day_year_inferred@title,26,and waiting hours detail by 6pm. Sarva Darshan (Free darshan)- 26 hours/ 16 hours; Divya D,"About 30,130 pilgrims had Srivari Darshan from 3am to 6pm on Dec 19",https://news.tirumala.org/sarva-darshan-free-darshan-26-hours-16-hours-divya-darshan-footpath-darshan-7-compartments-7-hours-and-special-entry-darshan-rs-300-closed/
2014-12-20,33910,12325,2014-12-20 18:11:49,month_day_year_inferred@title,20,and waiting hours detail by 6pm. Sarva Darshan (Free darshan)- 20 hours/ 12 hours; Divya D,"About 33,910 pilgrims had Srivari Darshan from 3am to 6pm on Dec 20",https://news.tirumala.org/about-33910-pilgrims-had-srivari-darshan-from-3am-to-6pm-on-dec-20/
2014-12-21,46520,12357,2014-12-21 19:06:23,month_day_year_inferred@title,12,and waiting hours detail by 6pm. Sarva Darshan (Free darshan)- 12 hours/ 10 hours; Divya D,"About 46,520 pilgrims had Srivari Darshan from 3am to 6pm on Dec 21",https://news.tirumala.org/sarva-darshan-free-darshan-12-hours-10-hours-divya-darshan-footpath-darshan-11-compartments-8-hours-and-special-entry-darshan-rs-300-closed/
2014-12-22,35102,12364,2014-12-22 22:28:56,month_day_year_inferred@title,11,and waiting hours detail by 6pm. Sarva Darshan (Free darshan)- 11 hours/ 6 hours; Divya Da,"About 35,102 pilgrims had Srivari Darshan from 3am to 6pm on Dec 22",https://news.tirumala.org/sarva-darshan-free-darshan-11-hours-6-hours-divya-darshan-footpath-darshan-4-compartments-3-hours-and-special-entry-darshan-rs-300-closed/
2014-12-23,36451,12376,2014-12-23 18:05:27,month_day_year_inferred@title,20,and waiting hours detail by 6pm. Sarva Darshan (Free darshan)- 20 hours/ 10 hours; Divya D,"About 36,451 pilgrims had Srivari Darshan from 3am to 6pm on Dec 23",https://news.tirumala.org/about-36451-pilgrims-had-srivari-darshan-from-3am-to-6pm-on-dec-23-current-situation-of-pilgrim-darshan-particulars-of-various-categories-of-darshan-line-with-waiting-compartments-and-waiting-hours/
2014-12-24,38855,12411,2014-12-24 18:40:37,month_day_year_inferred@title,28,and waiting hours detail by 6pm. Sarva Darshan (Free darshan)- 28 hours/ 22 hours; Divya D,"About 38,855 pilgrims had Srivari Darshan from 3am to 6pm on Dec 24",https://news.tirumala.org/12411/
2014-12-25,32882,12444,2014-12-25 18:37:34,month_day_year_inferred@title,31,and waiting hours detail by 6pm. Sarva Darshan (Free darshan)- 31 hours/ 24 hours; Divya D,"About 32,882 pilgrims had Srivari Darshan from 3am to 6pm on Dec 25",https://news.tirumala.org/sarva-darshan-free-darshan-31-hours-24-hours-divya-darshan-footpath-darshan-10-compartments-12-hours-and-special-entry-darshan-rs-300-closed/
2014-12-26,33142,12453,2014-12-26 18:06:39,month_day_year_inferred@title,26,and waiting hours detail by 6pm. Sarva Darshan (Free darshan)- Line outside/ 26 hours; Div,"About 33,142 pilgrims had Srivari Darshan from 3am to 6pm on Dec 26",https://news.tirumala.org/sarva-darshan-free-darshan-line-outside-26-hours-divya-darshan-footpath-darshan-15-compartments-10-hours-and-special-entry-darshan-rs-300-closed/
2014-12-27,54776,12482,2014-12-27 18:01:23,month_day_year_inferred@title,20,and waiting hours detail by 6pm. Sarva Darshan (Free darshan)- Line outside/ 20 hours; Div,"About 54,776 pilgrims had Srivari Darshan from 3am to 6pm on Dec 27",https://news.tirumala.org/sarva-darshan-free-darshan-line-outside-20-hours-divya-darshan-footpath-darshan-line-outside-14-hours-and-special-entry-darshan-rs-300-closed/
2014-12-28,52116,12490,2014-12-28 18:58:14,month_day_year_inferred@title,,and waiting hours detail by 6pm. Sarva Darshan (Free darshan)- 28 compartments/ 18 hours;,"About 52,116 pilgrims had Srivari Darshan from 3am to 6pm on Dec 28",https://news.tirumala.org/sarva-darshan-free-darshan-28-compartments-18-hours-divya-darshan-footpath-darshan-9-compartments-10-hours-and-special-entry-darshan-rs-300-closed/
2014-12-29,42216,12529,2014-12-29 19:37:38,month_day_year_inferred@title,,and waiting hours detail by 6pm. Sarva Darshan (Free darshan)- 12 compartments/ 13 hours;,"About 42,216 pilgrims had Srivari Darshan from 3am to 6pm on Dec 29",https://news.tirumala.org/sarva-darshan-free-darshan-12-compartments-13-hours-divya-darshan-footpath-darshan-6-compartments-8-hours-and-special-entry-darshan-rs-300-closed/
2014-12-30,32944,12567,2014-12-30 19:03:41,month_day_year_inferred@title,,and waiting hours detail by 6pm. Sarva Darshan (Free darshan)- 3 compartments/ 5 hours; On,"About 32,944 pilgrims had Srivari Darshan from 3am to 6pm on Dec 30",https://news.tirumala.org/sarva-darshan-free-darshan-3-compartments-5-hours-only-sarva-darshan/
2015-01-01,75526,12590,2015-01-01 22:25:25,month_day_year_inferred@title,,and waiting hours detail by 6pm. Sarva Darshan (Free darshan)- Line outside,"About 75,526 pilgrims had Srivari Darshan from 3am to 10pm on Jan 1",https://news.tirumala.org/about-75526-pilgrims-had-srivari-darshan-from-3am-to-10pm-on-jan-1/
2015-01-02,57042,12596,2015-01-02 20:44:08,month_day_year_inferred@title,,and waiting hours detail by 6pm. Sarva Darshan (Free darshan)- 20 compartments/ 12 hours;,"About 57,042 pilgrims had Srivari Darshan from 3am to 10pm on Jan 2",https://news.tirumala.org/sarva-darshan-free-darshan-20-compartments-12-hours-no-divya-darshanam/
2015-01-03,31377,12694,2015-01-03 18:32:11,month_day_year_inferred@title,,and waiting hours detail by 6pm. Sarva Darshan (Free darshan)- 6 compartments / 4 hours; D,"About 31,377 pilgrims had Srivari Darshan from 3am to 10pm on Jan 3",https://news.tirumala.org/sarva-darshan-free-darshan-6-compartments-4-hours-divya-darshan-footpath-darshan-direct/
2015-01-04,29821,12708,2015-01-04 18:55:31,month_day_year_inferred@title,,and waiting hours detail by 6pm. Sarva Darshan (Free darshan)- 3 compartments / 4 hours; D,"About 29,821 pilgrims had Srivari Darshan from 3am to 10pm on Jan 4",https://news.tirumala.org/sarva-darshan-free-darshan-3-compartments-4-hours-divya-darshan-footpath-darshan-4-compartments-3-hours/
2015-01-05,34908,12747,2015-01-05 18:16:12,month_day_year_inferred@title,,and waiting hours detail by 6pm. Sarva Darshan (Free darshan)- 8 compartments/ 5 hours; Di,"About 34,908 pilgrims had Srivari Darshan from 3am to 6pm on Jan 5",https://news.tirumala.org/about-34908-pilgrims-had-srivari-darshan-from-3am-to-6pm-on-jan-5/
2015-01-06,37500,12775,2015-01-06 18:30:03,month_day_year_inferred@title,,and waiting hours detail by 6pm. Sarva Darshan (Free darshan)- 11 compartments/ 6 hours; D,"About 37,500 pilgrims had Srivari Darshan from 3am to 6pm on Jan 6",https://news.tirumala.org/12775/
2015-01-07,32046,12793,2015-01-07 18:31:44,month_day_year_inferred@title,,and waiting hours detail by 6pm. Sarva Darshan (Free darshan)- 5 compartments/ 6 hours; Di,"About 32,046 pilgrims had Srivari Darshan from 3am to 6pm on Jan 7",https://news.tirumala.org/sarva-darshan-free-darshan-5-compartments-6-hours-divya-darshan-footpath-darshan-3-compartments-4-hours-and-special-entry-darshan-rs-300-closed/
2015-01-08,31918,12804,2015-01-08 21:34:09,month_day_year_inferred@title,,and waiting hours detail by 6pm. Sarva Darshan (Free darshan)- 7 compartments/ 5 hours; Di,"About 31,918 pilgrims had Srivari Darshan from 3am to 6pm on Jan 8",https://news.tirumala.org/sarva-darshan-free-darshan-7-compartments-5-hours-divya-darshan-footpath-darshan-1-compartments-1-hours-and-special-entry-darshan-rs-300-closed/
2015-01-09,31034,12852,2015-01-09 18:27:42,month_day_year_inferred@title,,and waiting hours detail by 6pm. Sarva Darshan (Free darshan)- 9 compartments/ 7 hours; Di,"About 31,034 pilgrims had Srivari Darshan from 3am to 6pm on Jan 9",https://news.tirumala.org/about-31034-pilgrims-had-srivari-darshan-from-3am-to-6pm-on-jan-9/
2015-01-10,38130,12876,2015-01-10 18:00:16,month_day_year_inferred@title,,and waiting hours detail by 6pm. Sarva Darshan (Free darshan)- 16 compartments/ 9 hours; D,"About 38,130 pilgrims had Srivari Darshan from 3am to 6pm on Jan 10",https://news.tirumala.org/about-38130-pilgrims-had-srivari-darshan-from-3am-to-6pm-on-jan-10/
2015-01-11,44614,12915,2015-01-11 18:52:19,month_day_year_inferred@title,,and waiting hours detail by 6pm. Sarva Darshan (Free darshan)- 15 compartments/ 10 hours;,"About 44,614 pilgrims had Srivari Darshan from 3am to 6pm on Jan 11",https://news.tirumala.org/sarva-darshan-free-darshan-15-compartments-10-hours-divya-darshan-footpath-darshan-8-compartments-6-hours-and-special-entry-darshan-rs-300-closed/
2015-01-12,36168,12937,2015-01-12 19:24:12,month_day_year_inferred@title,,and waiting hours detail by 6pm. Sarva Darshan (Free darshan)- 8 compartments/ 6 hours; Di,"About 36,168 pilgrims had Srivari Darshan from 3am to 6pm on Jan 12",https://news.tirumala.org/sarva-darshan-free-darshan-8-compartments-6-hours-divya-darshan-footpath-darshan-5-compartments-4-hours-and-special-entry-darshan-rs-300-closed/
2015-01-13,36255,12946,2015-01-13 18:33:09,month_day_year_inferred@title,,and waiting hours detail by 6pm. Sarva Darshan (Free darshan)- 4 compartments/ 4 hours; Di,"About 36,255 pilgrims had Srivari Darshan from 3am to 6pm on Jan 13",https://news.tirumala.org/sarva-darshan-free-darshan-4-compartments-4-hours-divya-darshan-footpath-darshan-4-compartments-3-hours-and-special-entry-darshan-rs-300-closed/
2015-01-14,36282,12990,2015-01-14 18:53:29,month_day_year_inferred@title,,and waiting hours detail by 6pm. Sarva Darshan (Free darshan)- 12 compartments/ 6 hours; D,"About 36,282 pilgrims had Srivari Darshan from 3am to 6pm on Jan 14",https://news.tirumala.org/sarva-darshan-free-darshan-12-compartments-6-hours-divya-darshan-footpath-darshan-4-compartments-3-hours-and-special-entry-darshan-rs-300-closed/
2015-01-15,38226,13002,2015-01-15 18:03:40,month_day_year_inferred@title,,and waiting hours detail by 6pm. Sarva Darshan (Free darshan)- 31 compartments/ 24 hours;,"About 38,226 pilgrims had Srivari Darshan from 3am to 6pm on Jan 15",https://news.tirumala.org/about-38226-pilgrims-had-srivari-darshan-from-3am-to-6pm-on-jan-15/
2015-01-16,40000,13007,2015-01-16 18:08:25,month_day_year_inferred@title,24,and waiting hours detail by 6pm. Sarva Darshan (Free darshan)- Line outside/ 24 hours; Div,"About 40,000 pilgrims had Srivari Darshan from 3am to 6pm on Jan 16",https://news.tirumala.org/about-40000-pilgrims-had-srivari-darshan-from-3am-to-6pm-on-jan-16/
2015-01-17,55857,13019,2015-01-17 18:59:00,month_day_year_inferred@title,30,and waiting hours detail by 6pm. Sarva Darshan (Free darshan)- Line outside/ 30 hours; Div,"About 55,857 pilgrims had Srivari Darshan from 3am to 6pm on Jan 17",https://news.tirumala.org/about-55857-pilgrims-had-srivari-darshan-from-3am-to-6pm-on-jan-17/
2015-01-18,57125,13022,2015-01-18 19:05:38,month_day_year_inferred@title,,and waiting hours detail by 6pm. Sarva Darshan (Free darshan)- 28 compartments/ 20 hours;,"About 57,125 pilgrims had Srivari Darshan from 3am to 6pm on Jan 18",https://news.tirumala.org/sarva-darshan-free-darshan-28-compartments-20-hours-divya-darshan-footpath-darshan-12-compartments-9-hours-and-special-entry-darshan-rs-300-direct-line/
2015-01-19,40191,13075,2015-01-19 19:26:38,month_day_year_inferred@title,,and waiting hours detail by 6pm. Sarva Darshan (Free darshan)- 6 compartments/ 6 hours; Di,"About 40,191 pilgrims had Srivari Darshan from 3am to 6pm on Jan 19",https://news.tirumala.org/sarva-darshan-free-darshan-6-compartments-6-hours-divya-darshan-footpath-darshan-3-compartments-3-hours-and-special-entry-darshan-rs-300-closed/
2015-01-20,34300,13113,2015-01-20 18:39:30,month_day_year_inferred@title,,and waiting hours detail by 6pm. Sarva Darshan (Free darshan)- 8 compartments/ 6 hours; Di,"About 34,300 pilgrims had Srivari Darshan from 3am to 6pm on Jan 20",https://news.tirumala.org/sarva-darshan-free-darshan-8-compartments-6-hours-divya-darshan-footpath-darshan-3-compartments-3-hours-and-special-entry-darshan-rs-300-closed/
2015-01-21,29127,13116,2015-01-21 18:07:22,month_day_year_inferred@title,,and waiting hours detail by 6pm. Sarva Darshan (Free darshan)- 8 compartments/ 6 hours; Di,"About 29,127 pilgrims had Srivari Darshan from 3am to 6pm on Jan 21",https://news.tirumala.org/about-29127-pilgrims-had-srivari-darshan-from-3am-to-6pm-on-jan-21/
2015-01-22,28146,13131,2015-01-22 21:41:48,month_day_year_inferred@title,,and waiting hours detail by 6pm. Sarva Darshan (Free darshan)- 14 compartments/ 11 hours;,"About 28,146 pilgrims had Srivari Darshan from 3am to 6pm on Jan 22",https://news.tirumala.org/sarva-darshan-free-darshan-14-compartments-11-hours-divya-darshan-footpath-darshan-7-compartments-5-hours-and-special-entry-darshan-rs-300-closed/
2015-01-23,34828,13154,2015-01-23 19:58:02,month_day_year_inferred@title,20,and waiting hours detail by 6pm. Sarva Darshan (Free darshan)- Line outside / 20 hours; Di,"About 34,828 pilgrims had Srivari Darshan from 3am to 6pm on Jan 23",https://news.tirumala.org/sarva-darshan-free-darshan-line-outside-20-hours-divya-darshan-footpath-darshan-10-compartments-8-hours-and-special-entry-darshan-rs-300-closed/
2015-01-24,44614,13173,2015-01-24 18:04:21,month_day_year_inferred@title,,and waiting hours detail by 6pm. Sarva Darshan (Free darshan)- 15 compartmetns / 10 hours;,"About 44,614 pilgrims had Srivari Darshan from 3am to 6pm on Jan 24",https://news.tirumala.org/about-44614-pilgrims-had-srivari-darshan-from-3am-to-6pm-on-jan-24/
2015-01-25,46776,13179,2015-01-25 21:43:30,month_day_year_inferred@title,10,and waiting hours detail by 6pm. Sarva Darshan (Free darshan)- Line Outside/ 10 hours; Div,"About 46,776 pilgrims had Srivari Darshan from 3am to 6pm on Jan 25",https://news.tirumala.org/sarva-darshan-free-darshan-line-outside-10-hours-divya-darshan-footpath-darshan-cancelled-and-special-entry-darshan-rs-300-closed/
2015-01-26,72761,13182,2015-01-26 18:34:23,month_day_year_inferred@title,,and waiting hours detail by 6pm. Sarva Darshan (Free darshan)-12 compartments/ 6 hours; Di,"About 72,761 pilgrims had Srivari Darshan from 2am to 6pm on Jan 26",https://news.tirumala.org/about-72761-pilgrims-had-srivari-darshan-from-2am-to-6pm-on-jan-26/
2015-01-27,38173,13284,2015-01-27 18:09:47,month_day_year_inferred@title,,and waiting hours detail by 6pm. Sarva Darshan (Free darshan)-10 compartments/ 6 hours; Di,"About 38,173 pilgrims had Srivari Darshan from 2am to 6pm on Jan 27",https://news.tirumala.org/sarva-darshan-free-darshan-10-compartments-6-hours-divya-darshan-footpath-darshan-2-compartments-2-hours-and-special-entry-darshan-rs-300-closed/
2015-01-28,29902,13304,2015-01-28 18:31:24,month_day_year_inferred@title,,and waiting hours detail by 6pm. Sarva Darshan (Free darshan)- 8 compartments/ 6 hours; Di,"About 29,902 pilgrims had Srivari Darshan from 3am to 6pm on Jan 28",https://news.tirumala.org/sarva-darshan-free-darshan-8-compartments-6-hours-divya-darshan-footpath-darshan-2-compartments-2-hours-and-special-entry-darshan-rs-300-closed/
2015-01-29,27902,13358,2015-01-29 20:30:08,month_day_year_inferred@title,,and waiting hours detail by 6pm. Sarva Darshan (Free darshan)- 7 compartments/ 6 hours; Di,"About 27,902 pilgrims had Srivari Darshan from 3am to 6pm on Jan 29",https://news.tirumala.org/about-27902-pilgrims-had-srivari-darshan-from-3am-to-6pm-on-jan-29/
2015-01-30,29482,13368,2015-01-30 18:28:54,month_day_year_inferred@title,,and waiting hours detail by 6pm. Sarva Darshan (Free darshan)- 17 compartments/ 9 hours; D,"About 29,482 pilgrims had Srivari Darshan from 3am to 6pm on Jan 30",https://news.tirumala.org/sarva-darshan-free-darshan-17-compartments-9-hours-divya-darshan-footpath-darshan-5-compartments-4-hours-and-special-entry-darshan-rs-300-closed/
2015-01-31,37144,13391,2015-01-31 19:28:25,month_day_year_inferred@title,,and waiting hours detail by 6pm. Sarva Darshan (Free darshan)- 14 compartments/ 9 hours; D,"About 37,144 pilgrims had Srivari Darshan from 3am to 6pm on Jan 31",https://news.tirumala.org/sarva-darshan-free-darshan-14-compartments-9-hours-divya-darshan-footpath-darshan-7-compartments-6-hours-and-special-entry-darshan-rs-300-closed/
2015-02-01,45184,13396,2015-02-01 18:31:49,month_day_year_inferred@title,,and waiting hours detail by 6pm. Sarva Darshan (Free darshan)- 12 compartments/ 6 hours; D,"About 45,184 pilgrims had Srivari Darshan from 3am to 6pm on Feb 1",https://news.tirumala.org/about-45184-pilgrims-had-srivari-darshan-from-3am-to-6pm-on-feb-1/
2015-02-02,35979,13422,2015-02-02 19:17:15,month_day_year_inferred@title,,and waiting hours detail by 6pm. Sarva Darshan (Free darshan)- 7 compartments/ 6 hours; Di,"About 35,979 pilgrims had Srivari Darshan from 3am to 6pm on Feb 2",https://news.tirumala.org/sarva-darshan-free-darshan-7-compartments-6-hours-divya-darshan-footpath-darshan-2-compartments-2-hours-and-special-entry-darshan-rs-300-closed/
2015-02-03,37406,13435,2015-02-03 18:42:50,month_day_year_inferred@title,,and waiting hours detail by 6pm. Sarva Darshan (Free darshan)- 16 compartments/ 10 hours;,"About 37,406 pilgrims had Srivari Darshan from 3am to 6pm on Feb 3",https://news.tirumala.org/sarva-darshan-free-darshan-16-compartments-10-hours-divya-darshan-footpath-darshan-4-compartments-4-hours-and-special-entry-darshan-rs-300-closed/
2015-02-04,32107,13498,2015-02-04 19:01:02,month_day_year_inferred@title,,and waiting hours detail by 6pm. Sarva Darshan (Free darshan)- 6 compartments/ 4 hours; Di,"About 32,107 pilgrims had Srivari Darshan from 3am to 6pm on Feb 4",https://news.tirumala.org/sarva-darshan-free-darshan-6-compartments-4-hours-divya-darshan-footpath-darshan-2-compartments-2-hours-and-special-entry-darshan-rs-300-closed/
2015-02-05,29341,13505,2015-02-05 18:57:14,month_day_year_inferred@title,,and waiting hours detail by 6pm. Sarva Darshan (Free darshan)- 12 compartments/ 6 hours; D,"About 29,341 pilgrims had Srivari Darshan from 3am to 6pm on Feb 5",https://news.tirumala.org/sarva-darshan-free-darshan-12-compartments-6-hours-divya-darshan-footpath-darshan-4-compartments-3-hours-and-special-entry-darshan-rs-300-closed-2/
2015-02-06,25904,13551,2015-02-06 19:02:53,month_day_year_inferred@title,,and waiting hours detail by 6pm. Sarva Darshan (Free darshan)- 11 compartments/ 12 hours;,"About 25,904 pilgrims had Srivari Darshan from 3am to 6pm on Feb 6",https://news.tirumala.org/sarva-darshan-free-darshan-11-compartments-12-hours-divya-darshan-footpath-darshan-8-compartments-5-hours-and-special-entry-darshan-rs-300-closed/
2015-02-07,46765,13598,2015-02-07 18:55:55,month_day_year_inferred@title,,and waiting hours detail by 6pm. Sarva Darshan (Free darshan)- 16 compartments/ 14 hours;,"About 46,765 pilgrims had Srivari Darshan from 3am to 6pm on Feb 7",https://news.tirumala.org/sarva-darshan-free-darshan-16-compartments-14-hours-divya-darshan-footpath-darshan-8-compartments-6-hours-and-special-entry-darshan-rs-300-closed/
2015-02-08,46765,13612,2015-02-08 18:35:04,month_day_year_inferred@title,,and waiting hours detail by 6pm. Sarva Darshan (Free darshan)- 14 compartments/ 8 hours; D,"About 46,765 pilgrims had Srivari Darshan from 3am to 6pm on Feb 8",https://news.tirumala.org/sarva-darshan-free-darshan-14-compartments-8-hours-divya-darshan-footpath-darshan-4-compartments-3-hours-and-special-entry-darshan-rs-300-closed/
2015-02-09,40771,13651,2015-02-09 21:56:06,month_day_year_inferred@title,,and waiting hours detail by 6pm. Sarva Darshan (Free darshan)- 9 compartments/ 10 hours; D,"About 40,771 pilgrims had Srivari Darshan from 3am to 6pm on Feb 9",https://news.tirumala.org/sarva-darshan-free-darshan-9-compartments-10-hours-divya-darshan-footpath-darshan-3-compartments-4-hours-and-special-entry-darshan-rs-300-closed/
2015-02-10,38831,13688,2015-02-10 18:51:02,month_day_year_inferred@title,,and waiting hours detail by 6pm. Sarva Darshan (Free darshan)- 10 compartments/ 11 hours;,"About 38,831 pilgrims had Srivari Darshan from 3am to 6pm on Feb 10",https://news.tirumala.org/sarva-darshan-free-darshan-10-compartments-11-hours-divya-darshan-footpath-darshan-3-compartments-4-hours-and-special-entry-darshan-rs-300-closed/
2015-02-11,36385,13760,2015-02-11 21:55:36,month_day_year_inferred@title,,and waiting hours detail by 6pm. Sarva Darshan (Free darshan)- 14 compartments/ 15 hours;,"About 36,385 pilgrims had Srivari Darshan from 3am to 6pm on Feb 11",https://news.tirumala.org/sarva-darshan-free-darshan-14-compartments-15-hours-divya-darshan-footpath-darshan-2-compartments-3-hours-and-special-entry-darshan-rs-300-closed/
2015-02-12,36992,13790,2015-02-12 18:29:26,month_day_year_inferred@title,,and waiting hours detail by 6pm. Sarva Darshan (Free darshan)- 12 compartments/ 13 hours;,"About 36,992 pilgrims had Srivari Darshan from 3am to 6pm on Feb 12",https://news.tirumala.org/13790/
2015-02-13,36169,13842,2015-02-13 20:41:09,month_day_year_inferred@title,,and waiting hours detail by 6pm. Sarva Darshan (Free darshan)- 16 compartments/ 10 hours;,"About 36,169 pilgrims had Srivari Darshan from 3am to 6pm on Feb 13",https://news.tirumala.org/sarva-darshan-free-darshan-16-compartments-10-hours-divya-darshan-footpath-darshan-7-compartments-5-hours-and-special-entry-darshan-rs-300-closed/
2015-02-14,42667,13914,2015-02-14 18:49:55,month_day_year_inferred@title,,and waiting hours detail by 6pm. Sarva Darshan (Free darshan)- 18 compartments/ 8 hours; D,"About 42,667 pilgrims had Srivari Darshan from 3am to 6pm on Feb 14",https://news.tirumala.org/arva-darshan-free-darshan-18-compartments-8-hours-divya-darshan-footpath-darshan-10-compartments-6-hours-and-special-entry-darshan-rs-300-closed/
2015-02-15,50356,13945,2015-02-15 18:34:58,month_day_year_inferred@title,,and waiting hours detail by 6pm. Sarva Darshan (Free darshan)- 27 compartments/ 20 hours;,"About 50,356 pilgrims had Srivari Darshan from 3am to 6pm on Feb 15",https://news.tirumala.org/sarva-darshan-free-darshan-27-compartments-20-hours-divya-darshan-footpath-darshan-7-compartments-6-hours-and-special-entry-darshan-rs-300-closed/
2015-02-16,42242,13991,2015-02-16 18:00:37,month_day_year_inferred@title,,and waiting hours detail by 6pm. Sarva Darshan (Free darshan)- 6 compartments/ 8 hours; Di,"About 42,242 pilgrims had Srivari Darshan from 3am to 6pm on Feb 16",https://news.tirumala.org/sarva-darshan-free-darshan-6-compartments-8-hours-divya-darshan-footpath-darshan-5-compartments-4-hours-and-special-entry-darshan-rs-300-closed/
2015-02-17,36296,14030,2015-02-17 21:35:11,month_day_year_inferred@title,,and waiting hours detail by 6pm. Sarva Darshan (Free darshan)- 2 compartments/ direct line,"About 36,296 pilgrims had Srivari Darshan from 3am to 6pm on Feb 17",https://news.tirumala.org/sarva-darshan-free-darshan-2-compartments-direct-line-divya-darshan-footpath-darshan-direct-line-and-special-entry-darshan-rs-300-closed/
2015-02-18,28339,14092,2015-02-18 19:44:08,month_day_year_inferred@title,,and waiting hours detail by 6pm. Sarva Darshan (Free darshan)- direct line; Divya Darshan,"About 28,339 pilgrims had Srivari Darshan from 3am to 6pm on Feb 18",https://news.tirumala.org/sarva-darshan-free-darshan-direct-line-divya-darshan-footpath-darshan-direct-line-and-special-entry-darshan-rs-300-closed/
2015-02-20,37094,14186,2015-02-20 21:28:11,month_day_year_inferred@title,,and waiting hours detail by 6pm. Sarva Darshan (Free darshan)- 15 compartments/ 6 hours; D,"About 37,094 pilgrims had Srivari Darshan from 3am to 6pm on Feb 20",https://news.tirumala.org/sarva-darshan-free-darshan-15-compartments-6-hours-divya-darshan-footpath-darshan-3-compartments-2-hours-and-special-entry-darshan-rs-300-closed/
2015-02-21,1524,14221,2015-02-21 19:15:54,month_day_year_inferred@title,,and waiting hours detail by 6pm. Sarva Darshan (Free darshan)- 21 compartments/ 12 hours;,"About 41,1524 pilgrims had Srivari Darshan from 3am to 6pm on Feb 21",https://news.tirumala.org/sarva-darshan-free-darshan-21-compartments-12-hours-divya-darshan-footpath-darshan-8-compartments-6-hours-and-special-entry-darshan-rs-300-closed/
2015-02-22,48231,14254,2015-02-22 18:16:33,month_day_year_inferred@title,,and waiting hours detail by 6pm. Sarva Darshan (Free darshan)- 24 compartments/ 12 hours;,"About 48,231 pilgrims had Srivari Darshan from 3am to 6pm on Feb 22",https://news.tirumala.org/about-48231-pilgrims-had-srivari-darshan-from-3am-to-6pm-on-feb-22/
2015-02-23,46335,14264,2015-02-23 18:43:47,month_day_year_inferred@title,,and waiting hours detail by 6pm. Sarva Darshan (Free darshan)- 6 compartments/ 4 hours; Di,"About 46,335 pilgrims had Srivari Darshan from 3am to 6pm on Feb 23",https://news.tirumala.org/sarva-darshan-free-darshan-6-compartments-4-hours-divya-darshan-footpath-darshan-4-compartments-2-hours-and-special-entry-darshan-rs-300-closed/
2015-02-24,40459,14285,2015-02-24 19:11:59,month_day_year_inferred@title,,and waiting hours detail by 6pm. Sarva Darshan (Free darshan)- 7 compartments/ 5 hours; Di,"About 40,459 pilgrims had Srivari Darshan from 3am to 6pm on Feb 24",https://news.tirumala.org/sarva-darshan-free-darshan-7-compartments-5-hours-divya-darshan-footpath-darshan-4-compartments-3-hours-and-special-entry-darshan-rs-300-closed/
2015-02-25,35130,14307,2015-02-25 18:41:40,month_day_year_inferred@title,,and waiting hours detail by 6pm. Sarva Darshan (Free darshan)- 7 compartments/ 6 hours; Di,"About 35,130 pilgrims had Srivari Darshan from 3am to 6pm on Feb 25",https://news.tirumala.org/sarva-darshan-free-darshan-7-compartments-6-hours-divya-darshan-footpath-darshan-8-compartments-4-hours-and-special-entry-darshan-rs-300-closed/
2015-02-26,34692,14328,2015-02-26 18:50:36,month_day_year_inferred@title,,and waiting hours detail by 6pm. Sarva Darshan (Free darshan)- 2 compartments/ 2 hours; Di,"About 34,692 pilgrims had Srivari Darshan from 3am to 6pm on Feb 26",https://news.tirumala.org/sarva-darshan-free-darshan-2-compartments-2-hours-divya-darshan-footpath-darshan-direct-line-and-special-entry-darshan-rs-300-closed/
2015-02-27,34814,14364,2015-02-27 18:36:25,month_day_year_inferred@title,,and waiting hours detail by 6pm. Sarva Darshan (Free darshan)- 11 compartments/ 6 hours; D,"About 34,814 pilgrims had Srivari Darshan from 3am to 6pm on Feb 27",https://news.tirumala.org/sarva-darshan-free-darshan-11-compartments-6-hours-divya-darshan-footpath-darshan-4-compartments-4-hours-and-special-entry-darshan-rs-300-closed/
2015-02-28,48940,14367,2015-02-28 19:53:41,month_day_year_inferred@title,,and waiting hours detail by 6pm. Sarva Darshan (Free darshan)- 16 compartments/ 10 hours;,"About 48,940 pilgrims had Srivari Darshan from 3am to 6pm on Feb 28.",https://news.tirumala.org/sarva-darshan-free-darshan-16-compartments-10-hours-divya-darshan-footpath-darshan-11-compartments-6-hours-and-special-entry-darshan-rs-300-closed/
2015-03-01,49915,14389,2015-03-01 22:03:42,month_day_year_inferred@title,,and waiting hours detail by 6pm. Sarva Darshan (Free darshan)- 24 compartments/ 10 hours;,"About 49,915 pilgrims had Srivari Darshan from 3am to 6pm on March 1",https://news.tirumala.org/14389/
2015-03-02,43976,14393,2015-03-02 18:48:44,month_day_year_inferred@title,,and waiting hours detail by 6pm. Sarva Darshan (Free darshan)- 5 compartments/ 6 hours; Di,"About 43,976 pilgrims had Srivari Darshan from 3am to 6pm on March 2",https://news.tirumala.org/sarva-darshan-free-darshan-5-compartments-6-hours-divya-darshan-footpath-darshan-3-compartments-4-hours-and-special-entry-darshan-rs-300-closed-2/
2015-03-03,35085,14433,2015-03-03 19:55:45,month_day_year_inferred@title,,and waiting hours detail by 6pm. Sarva Darshan (Free darshan)- 13 compartments/ 7 hours; D,"About 35,085 pilgrims had Srivari Darshan from 3am to 6pm on March 3",https://news.tirumala.org/sarva-darshan-free-darshan-13-compartments-7-hours-divya-darshan-footpath-darshan-4-compartments-3-hours-and-special-entry-darshan-rs-300-closed/
2015-03-04,31242,14463,2015-03-04 20:39:50,month_day_year_inferred@title,,and waiting hours detail by 6pm. Sarva Darshan (Free darshan)- 4 compartments/ 3 hours; Di,"About 31,242 pilgrims had Srivari Darshan from 3am to 6pm on March 4",https://news.tirumala.org/sarva-darshan-free-darshan-4-compartments-3-hours-divya-darshan-footpath-darshan-2-compartments-2-hours-and-special-entry-darshan-rs-300-closed/
2015-03-06,32947,14521,2015-03-06 18:43:50,month_day_year_inferred@title,,and waiting hours detail by 6pm. Sarva Darshan (Free darshan)- 21 compartments/ 12 hours;,"About 32,947 pilgrims had Srivari Darshan from 3am to 6pm on March 6",https://news.tirumala.org/sarva-darshan-free-darshan-21-compartments-12-hours-divya-darshan-footpath-darshan-10-compartments-6-hours-and-special-entry-darshan-rs-300-closed/
2015-03-07,52189,14533,2015-03-07 18:01:31,month_day_year_inferred@title,,and waiting hours detail by 6pm. Sarva Darshan (Free darshan)- 22 compartments/ 11 hours;,"About 52,189 pilgrims had Srivari Darshan from 3am to 6pm on March 7",https://news.tirumala.org/about-52189-pilgrims-had-srivari-darshan-from-3am-to-6pm-on-march-7/
2015-03-08,50600,14542,2015-03-08 18:33:11,month_day_year_inferred@title,,and waiting hours detail by 6pm. Sarva Darshan (Free darshan)- 22 compartments/ 12 hours;,"About 50,600 pilgrims had Srivari Darshan from 3am to 6pm on March 8",https://news.tirumala.org/sarva-darshan-free-darshan-22-compartments-12-hours-divya-darshan-footpath-darshan-12-compartments-7-hours-and-special-entry-darshan-rs-300-closed/
2015-03-09,47983,14584,2015-03-09 18:40:11,month_day_year_inferred@title,,and waiting hours detail by 6pm. Sarva Darshan (Free darshan)- 3 compartments/ 3 hours; Di,"About 47,983 pilgrims had Srivari Darshan from 3am to 6pm on March 9",https://news.tirumala.org/sarva-darshan-free-darshan-3-compartments-3-hours-divya-darshan-footpath-darshan-2-compartments-2-hours-and-special-entry-darshan-rs-300-closed/
2015-03-10,43446,14599,2015-03-10 18:41:11,month_day_year_inferred@title,,and waiting hours detail by 6pm. Sarva Darshan (Free darshan)- Direct line; Divya Darshan,"About 43,446 pilgrims had Srivari Darshan from 3am to 6pm on March 10",https://news.tirumala.org/sarva-darshan-free-darshan-direct-line-divya-darshan-footpath-darshan-direct-line-and-special-entry-darshan-rs-300-closed-2/
2015-03-11,28708,14626,2015-03-11 19:02:46,month_day_year_inferred@title,,and waiting hours detail by 6pm. Sarva Darshan (Free darshan)- 5 compartments/ 5 hours; Di,"About 28,708 pilgrims had Srivari Darshan from 3am to 6pm on March 11",https://news.tirumala.org/sarva-darshan-free-darshan-5-compartments-5-hours-divya-darshan-footpath-darshan-2-compartments-2-hours-and-special-entry-darshan-rs-300-closed/
2015-03-12,36390,14645,2015-03-12 22:20:45,month_day_year_inferred@title,,and waiting hours detail by 6pm. Sarva Darshan (Free darshan)- 13 compartments/ 7 hours; D,"About 36,390 pilgrims had Srivari Darshan from 3am to 6pm on March 12",https://news.tirumala.org/sarva-darshan-free-darshan-13-compartments-7-hours-divya-darshan-footpath-darshan-4-compartments-3-hours-and-special-entry-darshan-rs-300-closed-2/
2015-03-13,33730,14660,2015-03-13 19:31:24,month_day_year_inferred@title,,and waiting hours detail by 6pm. Sarva Darshan (Free darshan)- 17 compartments/ 12 hours;,"About 33,730 pilgrims had Srivari Darshan from 3am to 6pm on March 13",https://news.tirumala.org/sarva-darshan-free-darshan-17-compartments-12-hours-divya-darshan-footpath-darshan-3-compartments-3-hours-and-special-entry-darshan-rs-300-closed/
2015-03-14,56242,14673,2015-03-14 18:54:30,month_day_year_inferred@title,,and waiting hours detail by 6pm. Sarva Darshan (Free darshan)- 19 compartments/ 14 hours;,"About 56,242 pilgrims had Srivari Darshan from 3am to 6pm on March 14",https://news.tirumala.org/sarva-darshan-free-darshan-19-compartments-14-hours-divya-darshan-footpath-darshan-9-compartments-7-hours-and-special-entry-darshan-rs-300-closed/
2015-03-15,54924,14704,2015-03-15 21:54:05,month_day_year_inferred@title,18,and waiting hours detail by 6pm. Sarva Darshan (Free darshan)- Line outside/ 18 hours; Div,"About 54,924 pilgrims had Srivari Darshan from 3am to 6pm on March 15",https://news.tirumala.org/sarva-darshan-free-darshan-line-outside-18-hours-divya-darshan-footpath-darshan-line-outside-7-hours-and-special-entry-darshan-rs-300-closed/
2015-03-16,50055,14741,2015-03-16 18:31:30,month_day_year_inferred@title,,and waiting hours detail by 6pm. Sarva Darshan (Free darshan)- 15 compartments/ 6 hours; D,"About 50,055 pilgrims had Srivari Darshan from 3am to 6pm on March 16",https://news.tirumala.org/sarva-darshan-free-darshan-15-compartments-6-hours-divya-darshan-footpath-darshan-4-compartments-3-hours-and-special-entry-darshan-rs-300-close/
2015-03-17,35041,14815,2015-03-17 20:03:07,month_day_year_inferred@title,,and waiting hours detail by 6pm. Sarva Darshan (Free darshan)- 21 compartments/ 16 hours;,"About 35,041 pilgrims had Srivari Darshan from 3am to 6pm on March 17",https://news.tirumala.org/sarva-darshan-free-darshan-21-compartments-16-hours-divya-darshan-footpath-darshan-6-compartments-7-hours-and-special-entry-darshan-rs-300-closed/
2015-03-18,42631,14846,2015-03-18 20:01:28,month_day_year_inferred@title,,and waiting hours detail by 6pm. Sarva Darshan (Free darshan)- 8 compartments/ 6 hours; Di,"About 42,631 pilgrims had Srivari Darshan from 3am to 6pm on March 18",https://news.tirumala.org/sarva-darshan-free-darshan-8-compartments-6-hours-divya-darshan-footpath-darshan-direct-line-and-special-entry-darshan-rs-300-closed/
2015-03-19,38590,14881,2015-03-19 18:07:01,month_day_year_inferred@title,,and waiting hours detail by 6pm. Sarva Darshan (Free darshan)- 4 compartments/ 3 hours; Di,"About 38,590 pilgrims had Srivari Darshan from 3am to 6pm on March 19",https://news.tirumala.org/sarva-darshan-free-darshan-4-compartments-3-hours-divya-darshan-footpath-darshan-2-compartments-2-hours-and-special-entry-darshan-rs-300-closed-2/
2015-03-20,29256,14919,2015-03-20 21:36:54,month_day_year_inferred@title,,and waiting hours detail by 6pm. Sarva Darshan (Free darshan)- 6 compartments/ 4 hours; Di,"About 29,256 pilgrims had Srivari Darshan from 3am to 6pm on March 20",https://news.tirumala.org/sarva-darshan-free-darshan-6-compartments-4-hours-divya-darshan-footpath-darshan-direct-line-and-special-entry-darshan-rs-300-closed/
2015-03-21,43221,14972,2015-03-21 22:24:33,month_day_year_inferred@title,,and waiting hours detail by 6pm. Sarva Darshan (Free darshan)- 24 compartments/ 11 hours;,"About 43,221 pilgrims had Srivari Darshan from 3am to 6pm on March 21",https://news.tirumala.org/sarva-darshan-free-darshan-24-compartments-11-hours-divya-darshan-footpath-darshan-9-compartments-6-hours-and-special-entry-darshan-rs-300-closed/
2015-03-22,51035,15012,2015-03-22 18:02:13,month_day_year_inferred@title,,and waiting hours detail by 6pm. Sarva Darshan (Free darshan)- 16 compartments/ 8 hours; D,"About 51,035 pilgrims had Srivari Darshan from 3am to 6pm on March 22",https://news.tirumala.org/sarva-darshan-free-darshan-16-compartments-8-hours-divya-darshan-footpath-darshan-4-compartments-3-hours-and-special-entry-darshan-rs-300-closed/
2015-03-23,45080,15038,2015-03-23 18:31:39,month_day_year_inferred@title,,and waiting hours detail by 6pm. Sarva Darshan (Free darshan)- 2 compartments/ 4 hours; Di,"About 45,080 pilgrims had Srivari Darshan from 3am to 6pm on March 23",https://news.tirumala.org/sarva-darshan-free-darshan-2-compartments-4-hours-divya-darshan-footpath-darshan-4-compartments-4-hours-and-special-entry-darshan-rs-300-closed/
2015-03-24,43199,15065,2015-03-24 18:53:11,month_day_year_inferred@title,,and waiting hours detail by 6pm. Sarva Darshan (Free darshan)- 5 compartments/ 3 hours; Di,"About 43,199 pilgrims had Srivari Darshan from 3am to 6pm on March 24",https://news.tirumala.org/sarva-darshan-free-darshan-5-compartments-3-hours-divya-darshan-footpath-darshan-direct-line-and-special-entry-darshan-rs-300-closed/
2015-03-25,39098,15087,2015-03-25 20:04:50,month_day_year_inferred@title,,and waiting hours detail by 6pm. Sarva Darshan (Free darshan)- 14 compartments/ 10 hours;,"About 39,098 pilgrims had Srivari Darshan from 3am to 6pm on March 25",https://news.tirumala.org/sarva-darshan-free-darshan-14-compartments-10-hours-divya-darshan-footpath-darshan-3-compartments-4-hours-and-special-entry-darshan-rs-300-closed/
2015-03-26,38410,15104,2015-03-26 21:26:26,month_day_year_inferred@title,,and waiting hours detail by 6pm. Sarva Darshan (Free darshan)- 10 compartments/ 7 hours; D,"About 38,410 pilgrims had Srivari Darshan from 3am to 6pm on March 26",https://news.tirumala.org/sarva-darshan-free-darshan-10-compartments-7-hours-divya-darshan-footpath-darshan-2-compartments-2-hours-and-special-entry-darshan-rs-300-closed/
2015-03-27,36607,15134,2015-03-27 18:28:51,month_day_year_inferred@title,,and waiting hours detail by 6pm. Sarva Darshan (Free darshan)- 20 compartments/ 12 hours;,"About 36,607 pilgrims had Srivari Darshan from 3am to 6pm on March 27",https://news.tirumala.org/sarva-darshan-free-darshan-20-compartments-12-hours-divya-darshan-footpath-darshan-3-compartments-4-hours-and-special-entry-darshan-rs-300-closed/
2015-03-28,53838,15157,2015-03-28 18:09:32,month_day_year_inferred@title,,and waiting hours detail by 6pm. Sarva Darshan (Free darshan)- 20 compartments/ 10 hours;,"About 53,838 pilgrims had Srivari Darshan from 3am to 6pm on March 28",https://news.tirumala.org/sarva-darshan-free-darshan-20-compartments-10-hours-divya-darshan-footpath-darshan-6-compartments-6-hours-and-special-entry-darshan-rs-300-closed/
2015-03-29,51942,15194,2015-03-29 18:57:36,month_day_year_inferred@title,,and waiting hours detail by 6pm. Sarva Darshan (Free darshan)- 15 compartments/ 12 hours;,"About 51,942 pilgrims had Srivari Darshan from 3am to 6pm on March 29",https://news.tirumala.org/about-51942-pilgrims-had-srivari-darshan-from-3am-to-6pm-on-march-29/
2015-03-30,44449,15240,2015-03-30 18:36:23,month_day_year_inferred@title,,and waiting hours detail by 6pm. Sarva Darshan (Free darshan)- 7 compartments/ 5 hours; Di,"About 44,449 pilgrims had Srivari Darshan from 3am to 6pm on March 30",https://news.tirumala.org/sarva-darshan-free-darshan-7-compartments-5-hours-divya-darshan-footpath-darshan-direct-line-and-special-entry-darshan-rs-300-closed/
2015-03-31,46848,15276,2015-03-31 19:14:01,month_day_year_inferred@title,,and waiting hours detail by 6pm. Sarva Darshan (Free darshan)- 10 compartments/ 9 hours; D,"About 46,848 pilgrims had Srivari Darshan from 3am to 6pm on March 31",https://news.tirumala.org/sarva-darshan-free-darshan-10-compartments-9-hours-divya-darshan-footpath-darshan-3-compartments-4-hours-and-special-entry-darshan-rs-300-closed/
2015-04-01,39195,15295,2015-04-01 18:28:19,month_day_year_inferred@title,,and waiting hours detail by 6pm. Sarva Darshan (Free darshan)- 20 compartments/ 15 hours;,"About 39,195 pilgrims had Srivari Darshan from 3am to 6pm on April 1",https://news.tirumala.org/sarva-darshan-free-darshan-20-compartments-15-hours-divya-darshan-footpath-darshan-5-compartments-4-hours-and-special-entry-darshan-rs-300-closed/
2015-04-02,40465,15315,2015-04-02 20:21:26,month_day_year_inferred@title,,and waiting hours detail by 6pm. Sarva Darshan (Free darshan)- 26 compartments/ 16 hours;,"About 40,465 pilgrims had Srivari Darshan from 3am to 6pm on April 2",https://news.tirumala.org/sarva-darshan-free-darshan-26-compartments-16-hours-divya-darshan-footpath-darshan-10-compartments-6-hours-and-special-entry-darshan-rs-300-closed/
2015-04-03,53585,15384,2015-04-03 20:40:19,month_day_year_inferred@title,,and waiting hours detail by 6pm. Sarva Darshan (Free darshan)- Line outsid; Divya Darshan,"About 53,585 pilgrims had Srivari Darshan from 3am to 6pm on April 3",https://news.tirumala.org/sarva-darshan-free-darshan-line-outsid-divya-darshan-footpath-darshan-line-outside-and-special-entry-darshan-rs-300-closed/
2015-04-05,59466,15448,2015-04-05 18:24:08,month_day_year_inferred@title,,and waiting hours detail by 6pm. Sarva Darshan (Free darshan)- 24 compartments/ 18 hours;,"About 59,466 pilgrims had Srivari Darshan from 3am to 6pm on April 5",https://news.tirumala.org/about-59466-pilgrims-had-srivari-darshan-from-3am-to-6pm-on-april-5/
2015-04-06,45696,15454,2015-04-06 18:30:26,month_day_year_inferred@title,,and waiting hours detail by 6pm. Sarva Darshan (Free darshan)- 6 compartments/ 6 hours; Di,"About 45,696 pilgrims had Srivari Darshan from 3am to 6pm on April 6",https://news.tirumala.org/about-45696-pilgrims-had-srivari-darshan-from-3am-to-6pm-on-april-6/
2015-04-07,46640,15484,2015-04-07 20:26:30,month_day_year_inferred@title,,and waiting hours detail by 6pm. Sarva Darshan (Free darshan)- 9 compartments/ 6 hours; Di,"About 46,640 pilgrims had Srivari Darshan from 3am to 6pm on April 7",https://news.tirumala.org/sarva-darshan-free-darshan-9-compartments-6-hours-divya-darshan-footpath-darshan-2-compartments-2-hours-and-special-entry-darshan-rs-300-closed/
2015-04-08,39666,15513,2015-04-08 18:54:54,month_day_year_inferred@title,,and waiting hours detail by 6pm. Sarva Darshan (Free darshan)- 3 compartments/ 4 hours; Di,"About 39,666 pilgrims had Srivari Darshan from 3am to 6pm on April 8",https://news.tirumala.org/sarva-darshan-free-darshan-3-compartments-4-hours-divya-darshan-footpath-darshan-direct-line-and-special-entry-darshan-rs-300-closed/
2015-04-09,39474,15536,2015-04-09 18:29:19,month_day_year_inferred@title,,and waiting hours detail by 6pm. Sarva Darshan (Free darshan)- 5 compartments/ 3 hours; Di,"About 39,474 pilgrims had Srivari Darshan from 3am to 6pm on April 9",https://news.tirumala.org/sarva-darshan-free-darshan-5-compartments-3-hours-divya-darshan-footpath-darshan-2-compartments-3-hours-and-special-entry-darshan-rs-300-closed/
2015-04-10,30338,15560,2015-04-10 19:02:08,month_day_year_inferred@title,,and waiting hours detail by 6pm. Sarva Darshan (Free darshan)- 12 compartments/ 9 hours; D,"About 30,338 pilgrims had Srivari Darshan from 3am to 6pm on April 10",https://news.tirumala.org/sarva-darshan-free-darshan-12-compartments-9-hours-divya-darshan-footpath-darshan-6-compartments-5-hours-and-special-entry-darshan-rs-300-closed/
2015-04-11,50553,15621,2015-04-11 18:56:02,month_day_year_inferred@title,,and waiting hours detail by 6pm. Sarva Darshan (Free darshan)- 12 compartments/ 16 hours;,"About 50,553 pilgrims had Srivari Darshan from 3am to 6pm on April 11",https://news.tirumala.org/sarva-darshan-free-darshan-12-compartments-16-hours-divya-darshan-footpath-darshan-11-compartments-8-hours-and-special-entry-darshan-rs-300-closed/
2015-04-12,5063,15643,2015-04-12 18:08:14,month_day_year_inferred@title,,and waiting hours detail by 6pm. Sarva Darshan (Free darshan)- 16 compartments/ 10 hours;,"About 45,5063 pilgrims had Srivari Darshan from 3am to 6pm on April 12",https://news.tirumala.org/about-455063-pilgrims-had-srivari-darshan-from-3am-to-6pm-on-april-12/
2015-04-13,44450,15649,2015-04-13 18:36:48,month_day_year_inferred@title,,and waiting hours detail by 6pm. Sarva Darshan (Free darshan)- 6 compartments/ 3 hours; Di,"About 44,450 pilgrims had Srivari Darshan from 3am to 6pm on April 13",https://news.tirumala.org/sarva-darshan-free-darshan-6-compartments-3-hours-divya-darshan-footpath-darshan-5-compartments-4-hours-and-special-entry-darshan-rs-300-closed/
2015-04-14,49553,15682,2015-04-14 19:02:52,month_day_year_inferred@title,,and waiting hours detail by 6pm. Sarva Darshan (Free darshan)- 18 compartments/ 11 hours;,"About 49,553 pilgrims had Srivari Darshan from 3am to 6pm on April 14",https://news.tirumala.org/sarva-darshan-free-darshan-18-compartments-11-hours-divya-darshan-footpath-darshan-6-compartments-5-hours-and-special-entry-darshan-rs-300-closed/
2015-04-15,42306,15718,2015-04-15 18:17:27,month_day_year_inferred@title,,and waiting hours detail by 6pm. Sarva Darshan (Free darshan)- 14 compartments/ 7 hours; D,"About 42,306 pilgrims had Srivari Darshan from 3am to 6pm on April 15",https://news.tirumala.org/sarva-darshan-free-darshan-14-compartments-7-hours-divya-darshan-footpath-darshan-direct-line-and-special-entry-darshan-rs-300-closed/
2015-04-16,42952,15746,2015-04-16 18:42:57,month_day_year_inferred@title,,and waiting hours detail by 6pm. Sarva Darshan (Free darshan)- 3 compartments/ 4 hours; Di,"About 42,952 pilgrims had Srivari Darshan from 3am to 6pm on April 16",https://news.tirumala.org/sarva-darshan-free-darshan-3-compartments-4-hours-divya-darshan-footpath-darshan-2-compartments-3-hours-and-special-entry-darshan-rs-300-closed/
2015-04-17,41177,15770,2015-04-17 18:25:41,month_day_year_inferred@title,,and waiting hours detail by 6pm. Sarva Darshan (Free darshan)- 11 compartments/ 12 hours;,"About 41,177 pilgrims had Srivari Darshan from 3am to 6pm on April 17",https://news.tirumala.org/15770/
2015-04-18,49299,15792,2015-04-18 18:49:06,month_day_year_inferred@title,,and waiting hours detail by 6pm. Sarva Darshan (Free darshan)- 13 compartments/ 10 hours;,"About 49,299 pilgrims had Srivari Darshan from 3am to 6pm on April 18",https://news.tirumala.org/sarva-darshan-free-darshan-13-compartments-10-hours-divya-darshan-footpath-darshan-5-compartments-4-hours-and-special-entry-darshan-rs-300-closed/
2015-04-19,45041,15836,2015-04-19 18:56:55,month_day_year_inferred@title,,and waiting hours detail by 6pm. Sarva Darshan (Free darshan)- 2 compartments/ 3 hours; Di,"About 45,041 pilgrims had Srivari Darshan from 3am to 6pm on April 19",https://news.tirumala.org/about-45041-pilgrims-had-srivari-darshan-from-3am-to-6pm-on-april-19/
2015-04-20,44663,15847,2015-04-20 19:25:40,month_day_year_inferred@title,,and waiting hours detail by 6pm. Sarva Darshan (Free darshan)- Direct Line; Divya Darshan,"About 44,663 pilgrims had Srivari Darshan from 3am to 6pm on April 20",https://news.tirumala.org/sarva-darshan-free-darshan-direct-line-divya-darshan-footpath-darshan-direct-line-and-special-entry-darshan-rs-300-closed-3/
2015-04-21,44120,15865,2015-04-21 21:14:35,month_day_year_inferred@title,,and waiting hours detail by 6pm. Sarva Darshan (Free darshan)- 2 compartments/ 2 hours; Di,"About 44,120 pilgrims had Srivari Darshan from 3am to 6pm on April 21",https://news.tirumala.org/sarva-darshan-free-darshan-2-compartments-2-hours-divya-darshan-footpath-darshan-2-compartments-2-hours-and-special-entry-darshan-rs-300-closed/
2015-04-22,40513,15903,2015-04-22 20:31:35,month_day_year_inferred@title,,and waiting hours detail by 6pm. Sarva Darshan (Free darshan)- 4 compartments/ 3 hours; Di,"About 40,513 pilgrims had Srivari Darshan from 3am to 6pm on April 22",https://news.tirumala.org/sarva-darshan-free-darshan-4-compartments-3-hours-divya-darshan-footpath-darshan-2-compartments-2-hours-and-special-entry-darshan-rs-300-closed-3/
2015-04-23,42245,15920,2015-04-23 19:10:44,month_day_year_inferred@title,,and waiting hours detail by 6pm. Sarva Darshan (Free darshan)- 8 compartments/ 5 hours; Di,"About 42,245 pilgrims had Srivari Darshan from 3am to 6pm on April 23",https://news.tirumala.org/sarva-darshan-free-darshan-8-compartments-5-hours-divya-darshan-footpath-darshan-4-compartments-3-hours-and-special-entry-darshan-rs-300-closed/
2015-04-25,48309,15966,2015-04-25 18:29:36,month_day_year_inferred@title,,and waiting hours detail by 6pm. Sarva Darshan (Free darshan)- 29 compartments/ 10 hours;,"About 48,309 pilgrims had Srivari Darshan from 3am to 6pm on April 25",https://news.tirumala.org/sarva-darshan-free-darshan-29-compartments-10-hours-divya-darshan-footpath-darshan-10-compartments-6-hours-and-special-entry-darshan-rs-300-closed/
2015-04-26,59793,16011,2015-04-26 20:36:05,month_day_year_inferred@title,,and waiting hours detail by 6pm. Sarva Darshan (Free darshan)- 31 compartments/ 18 hours;,"About 59,793 pilgrims had Srivari Darshan from 3am to 6pm on April 26",https://news.tirumala.org/sarva-darshan-free-darshan-31-compartments-18-hours-divya-darshan-footpath-darshan-10-compartments-7-hours-and-special-entry-darshan-rs-300-closed/
2015-04-27,49858,16033,2015-04-27 20:22:38,month_day_year_inferred@title,,and waiting hours detail by 6pm. Sarva Darshan (Free darshan)- 5 compartments/ 3 hours; Di,"About 49,858 pilgrims had Srivari Darshan from 3am to 6pm on April 27.",https://news.tirumala.org/sarva-darshan-free-darshan-5-compartments-3-hours-divya-darshan-footpath-darshan-direct-line-and-special-entry-darshan-rs-300-closed-2/
2015-04-28,46131,16062,2015-04-28 18:21:42,month_day_year_inferred@title,,and waiting hours detail by 6pm. Sarva Darshan (Free darshan)- 7 compartments/ 6 hours; Di,"About 46,131 pilgrims had Srivari Darshan from 3am to 6pm on April 28",https://news.tirumala.org/about-46131-pilgrims-had-srivari-darshan-from-3am-to-6pm-on-april-28/
2015-04-29,39142,16064,2015-04-29 18:40:01,month_day_year_inferred@title,,and waiting hours detail by 6pm. Sarva Darshan (Free darshan)- 15 compartments/ 9 hours; D,"About 39,142 pilgrims had Srivari Darshan from 3am to 6pm on April 29",https://news.tirumala.org/sarva-darshan-free-darshan-15-compartments-9-hours-divya-darshan-footpath-darshan-4-compartmetns-4-hours-and-special-entry-darshan-rs-300-closed/
2015-04-30,41813,16154,2015-04-30 18:50:24,month_day_year_inferred@title,,and waiting hours detail by 6pm. Sarva Darshan (Free darshan)- 16 compartments/ 10 hours;,"About 41,813 pilgrims had Srivari Darshan from 3am to 6pm on April 30",https://news.tirumala.org/sarva-darshan-free-darshan-16-compartments-10-hours-divya-darshan-footpath-darshan-8-compartmetns-6-hours-and-special-entry-darshan-rs-300-closed/
2015-05-01,38380,16181,2015-05-01 18:35:32,month_day_year_inferred@title,15,and waiting hours detail by 6pm. Sarva Darshan (Free darshan)- Line outside/ 15 hours; Div,"About 38,380 pilgrims had Srivari Darshan from 3am to 6pm on May 1",https://news.tirumala.org/about-38380-pilgrims-had-srivari-darshan-from-3am-to-6pm-on-may-1/
2015-05-02,48818,16232,2015-05-02 18:36:59,month_day_year_inferred@title,14,and waiting hours detail by 6pm. Sarva Darshan (Free darshan)- Line outside/ 14 hours; Div,"About 48,818 pilgrims had Srivari Darshan from 3am to 6pm on May 2",https://news.tirumala.org/about-48818-pilgrims-had-srivari-darshan-from-3am-to-6pm-on-may-2/
2015-05-03,59819,16292,2015-05-03 19:09:49,month_day_year_inferred@title,,and waiting hours detail by 6pm. Sarva Darshan (Free darshan)- 27 compartments/ 17 hours;,"About 59,819 pilgrims had Srivari Darshan from 3am to 6pm on May 3",https://news.tirumala.org/sarva-darshan-free-darshan-27-compartments-17-hours-divya-darshan-footpath-darshan-13-compartments-5-hours-and-special-entry-darshan-rs-300-closed/
2015-05-04,52143,16326,2015-05-04 18:39:56,month_day_year_inferred@title,,and waiting hours detail by 6pm. Sarva Darshan (Free darshan)- 11 compartments/ 6 hours; D,"About 52,143 pilgrims had Srivari Darshan from 3am to 6pm on May 4",https://news.tirumala.org/sarva-darshan-free-darshan-11-compartments-6-hours-divya-darshan-footpath-darshan-4-compartments-3-hours-and-special-entry-darshan-rs-300-closed/
2015-05-05,44807,16371,2015-05-05 19:06:16,month_day_year_inferred@title,,and waiting hours detail by 6pm. Sarva Darshan (Free darshan)- 15 compartments/ 12 hours;,"About 44,807 pilgrims had Srivari Darshan from 3am to 6pm on May 5",https://news.tirumala.org/sarva-darshan-free-darshan-15-compartments-12-hours-divya-darshan-footpath-darshan-2-compartments-2-hours-and-special-entry-darshan-rs-300-after-9am-for-advance-booking-only/
2015-05-06,36338,16443,2015-05-06 19:30:04,month_day_year_inferred@title,,and waiting hours detail by 6pm. Sarva Darshan (Free darshan)- 13 compartments/ 7 hours; D,"About 36,338 pilgrims had Srivari Darshan from 3am to 6pm on May 6",https://news.tirumala.org/sarva-darshan-free-darshan-13-compartments-7-hours-divya-darshan-footpath-darshan-6-compartments-3-hours-and-special-entry-darshan-rs-300-closed/
2015-05-07,44500,16469,2015-05-07 19:23:20,month_day_year_inferred@title,,and waiting hours detail by 6pm. Sarva Darshan (Free darshan)- 16 compartments/ 6 hours; D,"About 44,500 pilgrims had Srivari Darshan from 3am to 6pm on May 7",https://news.tirumala.org/sarva-darshan-free-darshan-16-compartments-6-hours-divya-darshan-footpath-darshan-6-compartments-4-hours-and-special-entry-darshan-rs-300-closed/
2015-05-08,42134,16502,2015-05-08 18:37:03,month_day_year_inferred@title,,and waiting hours detail by 6pm. Sarva Darshan (Free darshan)- 15 compartments/ 9 hours; D,"About 42,134 pilgrims had Srivari Darshan from 3am to 6pm on May 8",https://news.tirumala.org/sarva-darshan-free-darshan-15-compartments-9-hours-divya-darshan-footpath-darshan-5-compartments-4-hours-and-special-entry-darshan-rs-300-closed/
2015-05-09,56772,16522,2015-05-09 18:18:05,month_day_year_inferred@title,,and waiting hours detail by 6pm. Sarva Darshan (Free darshan)- 15 compartments/ 7 hours; D,"About 56,772 pilgrims had Srivari Darshan from 3am to 6pm on May 9",https://news.tirumala.org/sarva-darshan-free-darshan-15-compartments-7-hours-divya-darshan-footpath-darshan-9-compartments-5-hours-and-special-entry-darshan-rs-300-closed/
2015-05-10,61198,16554,2015-05-10 20:09:21,month_day_year_inferred@title,,and waiting hours detail by 6pm. Sarva Darshan (Free darshan)- 14 compartments/ 8 hours; D,"About 61,198 pilgrims had Srivari Darshan from 3am to 6pm on May 10",https://news.tirumala.org/sarva-darshan-free-darshan-14-compartments-8-hours-divya-darshan-footpath-darshan-8-compartments-5-hours-and-special-entry-darshan-rs-300-closed/
2015-05-11,49013,16575,2015-05-11 18:23:16,month_day_year_inferred@title,,and waiting hours detail by 6pm. Sarva Darshan (Free darshan)- 5 compartments/ 4 hours; Di,"About 49,013 pilgrims had Srivari Darshan from 3am to 6pm on May 11",https://news.tirumala.org/sarva-darshan-free-darshan-5-compartments-4-hours-divya-darshan-footpath-darshan-4-compartments-2-hours-and-special-entry-darshan-rs-300-closed/
2015-05-11,45000,16599,2015-05-12 18:52:16,month_day_year_inferred@title,,and waiting hours detail by 6pm. Sarva Darshan (Free darshan)- 10 compartments/ 5 hours; D,"About 45,000 pilgrims had Srivari Darshan from 3am to 6pm on May 11",https://news.tirumala.org/about-45000-pilgrims-had-srivari-darshan-from-3am-to-6pm-on-may-11/
2015-05-13,45391,16646,2015-05-13 19:42:30,month_day_year_inferred@title,,and waiting hours detail by 6pm. Sarva Darshan (Free darshan)- 9 compartments/ 6 hours; Di,"About 45,391 pilgrims had Srivari Darshan from 3am to 6pm on May 13",https://news.tirumala.org/sarva-darshan-free-darshan-9-compartments-6-hours-divya-darshan-footpath-darshan-6-compartments-4-hours-and-special-entry-darshan-rs-300-closed/
2015-05-14,44201,16671,2015-05-14 21:06:37,month_day_year_inferred@title,,and waiting hours detail by 6pm. Sarva Darshan (Free darshan)- 30 compartments/ 16 hours;,"About 44,201 pilgrims had Srivari Darshan from 3am to 6pm on May 14",https://news.tirumala.org/sarva-darshan-free-darshan-30-compartments-16-hours-divya-darshan-footpath-darshan-13-compartments-8-hours-and-special-entry-darshan-rs-300-closed/
2015-05-15,44871,16683,2015-05-15 19:29:37,month_day_year_inferred@title,12,and waiting hours detail by 6pm. Sarva Darshan (Free darshan)- line outside / 12 hours; Di,"About 44,871 pilgrims had Srivari Darshan from 3am to 6pm on May 15",https://news.tirumala.org/sarva-darshan-free-darshan-line-outside-12-hours-divya-darshan-footpath-darshan-line-outside-5-hours-and-special-entry-darshan-rs-300-closed/
2015-05-16,64577,16702,2015-05-16 18:43:33,month_day_year_inferred@title,15,and waiting hours detail by 6pm. Sarva Darshan (Free darshan)- line outside / 15 hours; Di,"About 64,577 pilgrims had Srivari Darshan from 3am to 6pm on May 16",https://news.tirumala.org/sarva-darshan-free-darshan-line-outside-15-hours-divya-darshan-footpath-darshan-line-outside-10-hours-and-special-entry-darshan-rs-300-closed/
2015-05-17,66614,16709,2015-05-17 18:21:55,month_day_year_inferred@title,20,and waiting hours detail by 6pm. Sarva Darshan (Free darshan)- line outside / 20 hours; Di,"About 66,614 pilgrims had Srivari Darshan from 3am to 6pm on May 17",https://news.tirumala.org/about-66614-pilgrims-had-srivari-darshan-from-3am-to-6pm-on-may-17/
2015-05-18,60501,16727,2015-05-18 19:49:48,month_day_year_inferred@title,,and waiting hours detail by 6pm. Sarva Darshan (Free darshan)- 8 compartments / 4 hours; D,"About 60,501 pilgrims had Srivari Darshan from 3am to 6pm on May 18",https://news.tirumala.org/sarva-darshan-free-darshan-8-compartments-4-hours-divya-darshan-footpath-darshan-2-compartments-2-hours-and-special-entry-darshan-rs-300-closed/
2015-05-19,43323,16773,2015-05-19 22:01:25,month_day_year_inferred@title,,and waiting hours detail by 6pm. Sarva Darshan (Free darshan)- 7 compartments / 5 hours; D,"About 43,323 pilgrims had Srivari Darshan from 3am to 6pm on May 19",https://news.tirumala.org/sarva-darshan-free-darshan-7-compartments-5-hours-divya-darshan-footpath-darshan-4-compartments-2-hours-and-special-entry-darshan-rs-300-closed/
2015-05-20,48029,16797,2015-05-20 22:59:42,month_day_year_inferred@title,,and waiting hours detail by 6pm. Sarva Darshan (Free darshan)- 16 compartments / 8 hours;,"About 48,029 pilgrims had Srivari Darshan from 3am to 6pm on May 20",https://news.tirumala.org/sarva-darshan-free-darshan-16-compartments-8-hours-divya-darshan-footpath-darshan-4-compartments-3-hours-and-special-entry-darshan-rs-300-closed-2/
2015-05-21,44636,16803,2015-05-21 18:53:24,month_day_year_inferred@title,,and waiting hours detail by 6pm. Sarva Darshan (Free darshan)- 31 compartments / 11 hours;,"About 44,636 pilgrims had Srivari Darshan from 3am to 6pm on May 21",https://news.tirumala.org/about-44636-pilgrims-had-srivari-darshan-from-3am-to-6pm-on-may-21/
2015-05-23,64727,16863,2015-05-23 19:16:00,month_day_year_inferred@title,22,and waiting hours detail by 6pm. Sarva Darshan (Free darshan)- Line outside / 22 hours; Di,"About 64,727 pilgrims had Srivari Darshan from 3am to 6pm on May 23",https://news.tirumala.org/sarva-darshan-free-darshan-line-outside-22-hours-divya-darshan-footpath-darshan-line-outside-12-hours-and-special-entry-darshan-rs-300-closed/
2015-05-24,66371,16870,2015-05-24 18:46:53,month_day_year_inferred@title,,and waiting hours detail by 6pm. Sarva Darshan (Free darshan)- 24 compartments / 14 hours;,"About 66,371 pilgrims had Srivari Darshan from 3am to 6pm on May 24",https://news.tirumala.org/about-66371-pilgrims-had-srivari-darshan-from-3am-to-6pm-on-may-24/
2015-05-25,58850,16911,2015-05-25 18:41:13,month_day_year_inferred@title,,and waiting hours detail by 6pm. Sarva Darshan (Free darshan)- 29 compartments / 18 hours;,"About 58,850 pilgrims had Srivari Darshan from 3am to 6pm on May 25",https://news.tirumala.org/sarva-darshan-free-darshan-29-compartments-18-hours-divya-darshan-footpath-darshan-13-compartments-6-hours-and-special-entry-darshan-rs-300-closed/
2015-05-26,55743,16930,2015-05-26 18:52:00,month_day_year_inferred@title,,and waiting hours detail by 6pm. Sarva Darshan (Free darshan)- 25 compartments / 12 hours;,"About 55,743 pilgrims had Srivari Darshan from 3am to 6pm on May 26",https://news.tirumala.org/about-55743-pilgrims-had-srivari-darshan-from-3am-to-6pm-on-may-26/
2015-05-27,47952,16947,2015-05-27 18:30:37,month_day_year_inferred@title,,and waiting hours detail by 6pm. Sarva Darshan (Free darshan)- 12 compartments / 5 hours;,"About 47,952 pilgrims had Srivari Darshan from 3am to 6pm on May 27",https://news.tirumala.org/sarva-darshan-free-darshan-12-compartments-5-hours-divya-darshan-footpath-darshan-4-compartments-2-hours-and-special-entry-darshan-rs-300-closed/
2015-05-28,43040,16975,2015-05-28 22:26:23,month_day_year_inferred@title,,and waiting hours detail by 6pm. Sarva Darshan (Free darshan)- 11 compartments / 6 hours;,"About 43,040 pilgrims had Srivari Darshan from 3am to 6pm on May 28",https://news.tirumala.org/sarva-darshan-free-darshan-11-compartments-6-hours-divya-darshan-footpath-darshan-11-compartments-5-hours-and-special-entry-darshan-rs-300-closed/
2015-05-28,44055,17018,2015-05-29 20:06:48,month_day_year_inferred@title,,and waiting hours detail by 6pm. Sarva Darshan (Free darshan)- 27 compartments / 11 hours;,"About 44,055 pilgrims had Srivari Darshan from 3am to 6pm on May 28",https://news.tirumala.org/sarva-darshan-free-darshan-27-compartments-11-hours-divya-darshan-footpath-darshan-7-compartments-4-hours-and-special-entry-darshan-rs-300-closed/
2015-05-30,55553,17082,2015-05-30 18:25:11,month_day_year_inferred@title,,and waiting hours detail by 6pm. Sarva Darshan (Free darshan)- 31 compartments / 14 hours;,"About 55,553 pilgrims had Srivari Darshan from 3am to 6pm on May 30",https://news.tirumala.org/about-55553-pilgrims-had-srivari-darshan-from-3am-to-6pm-on-may-30/
2015-05-31,60594,17134,2015-05-31 22:33:49,month_day_year_inferred@title,,and waiting hours detail by 6pm. Sarva Darshan (Free darshan)- 24 compartments / 10 hours;,"About 60,594 pilgrims had Srivari Darshan from 3am to 6pm on May 31",https://news.tirumala.org/sarva-darshan-free-darshan-24-compartments-10-hours-divya-darshan-footpath-darshan-10-compartments-6-hours-and-special-entry-darshan-rs-300-closed/
2015-06-01,54577,17198,2015-06-01 20:12:37,month_day_year_inferred@title,,and waiting hours detail by 6pm. Sarva Darshan (Free darshan)- Direce Line; Divya Darshan,"About 54,577 pilgrims had Srivari Darshan from 3am to 6pm on June 1",https://news.tirumala.org/sarva-darshan-free-darshan-direce-line-divya-darshan-footpath-darshan-direct-line-and-special-entry-darshan-rs-300-closed/
2015-06-02,51217,17257,2015-06-02 19:34:23,month_day_year_inferred@title,,and waiting hours detail by 6pm. Sarva Darshan (Free darshan)- 12 compartments / 6 hours;,"About 51,217 pilgrims had Srivari Darshan from 3am to 6pm on June 2",https://news.tirumala.org/sarva-darshan-free-darshan-12-compartments-6-hours-divya-darshan-footpath-darshan-6-compartments-4-hours-and-special-entry-darshan-rs-300-closed/
2015-06-03,53200,17290,2015-06-03 20:19:39,month_day_year_inferred@title,,and waiting hours detail by 6pm. Sarva Darshan (Free darshan) direct line; Divya Darshan (,"About 53,200 pilgrims had Srivari Darshan from 3am to 6pm on June 3",https://news.tirumala.org/sarva-darshan-free-darshan-direct-line-divya-darshan-footpath-darshan-direct-line-and-special-entry-darshan-rs-300-closed-4/
2015-06-04,51148,17333,2015-06-04 18:57:15,month_day_year_inferred@title,,and waiting hours detail by 6pm. Sarva Darshan (Free darshan) 20 compartments / 10 hours;,"About 51,148 pilgrims had Srivari Darshan from 3am to 6pm on June 4",https://news.tirumala.org/about-51148-pilgrims-had-srivari-darshan-from-3am-to-6pm-on-june-4/
2015-06-05,48945,17351,2015-06-05 18:11:51,month_day_year_inferred@title,11,and waiting hours detail by 6pm. Sarva Darshan (Free darshan) line outside / 11 hours; Div,"About 48,945 pilgrims had Srivari Darshan from 3am to 6pm on June 5",https://news.tirumala.org/about-48945-pilgrims-had-srivari-darshan-from-3am-to-6pm-on-june-5/
2015-06-06,64360,17372,2015-06-06 18:44:03,month_day_year_inferred@title,18,and waiting hours detail by 6pm. Sarva Darshan (Free darshan) Line outside / 18 hours; Div,"About 64,360 pilgrims had Srivari Darshan from 3am to 6pm on June 6",https://news.tirumala.org/sarva-darshan-free-darshan-line-outside-18-hours-divya-darshan-footpath-darshan-line-outside-8-hours-and-special-entry-darsha-rs-300-closed/
2015-06-07,67447,17400,2015-06-07 19:06:57,month_day_year_inferred@title,,and waiting hours detail by 6pm. Sarva Darshan (Free darshan) 29 compartments / 14 hours;,"About 67,447 pilgrims had Srivari Darshan from 3am to 6pm on June 7",https://news.tirumala.org/sarva-darshan-free-darshan-29-compartments-14-hours-divya-darshan-footpath-darshan-12-compartments-7-hours-and-special-entry-darsha-rs-300-closed/
2015-06-08,60539,17440,2015-06-08 18:34:43,month_day_year_inferred@title,12,and waiting hours detail by 6pm. Sarva Darshan (Free darshan) Line Outside / 12 hours; Div,"About 60,539 pilgrims had Srivari Darshan from 3am to 6pm on June 8",https://news.tirumala.org/sarva-darshan-free-darshan-line-outside-12-hours-divya-darshan-footpath-darshan-line-outside-6-hours-and-special-entry-darsha-rs-300-closed/
2015-06-10,60042,17519,2015-06-10 18:57:52,month_day_year_inferred@title,,and waiting hours detail by 6pm. Sarva Darshan (Free darshan) 21 compartments / 18 hours;,"About 60,042 pilgrims had Srivari Darshan from 3am to 6pm on June 10",https://news.tirumala.org/about-60042-pilgrims-had-srivari-darshan-from-3am-to-6pm-on-june-10/
2015-06-11,46121,17524,2015-06-11 18:40:13,month_day_year_inferred@title,,and waiting hours detail by 6pm. Sarva Darshan (Free darshan) 28 compartments / 14 hours;,"About 46,121 pilgrims had Srivari Darshan from 3am to 6pm on June 11",https://news.tirumala.org/17524/
2015-06-13,71452,17547,2015-06-13 21:04:11,month_day_year_inferred@title,14,and waiting hours detail by 6pm. Sarva Darshan (Free darshan) Line Outside / 14 hours; Div,"About 71,452 pilgrims had Srivari Darshan from 3am to 6pm on June 13",https://news.tirumala.org/sarva-darshan-free-darshan-line-outside-14-hours-divya-darshan-footpath-darshan-line-outside-8-hours-and-special-entry-darsha-rs-300-closed/
2015-06-14,66653,17579,2015-06-14 19:21:02,month_day_year_inferred@title,14,and waiting hours detail by 6pm. Sarva Darshan (Free darshan) Line Outside / 14 hours; Div,"About 66,653 pilgrims had Srivari Darshan from 3am to 6pm on June 14",https://news.tirumala.org/sarva-darshan-free-darshan-line-outside-14-hours-divya-darshan-footpath-darshan-line-outside-8-hours-and-special-entry-darsha-rs-300-closed-2/
2015-06-15,66591,17589,2015-06-15 19:28:34,month_day_year_inferred@title,,and waiting hours detail by 6pm. Sarva Darshan (Free darshan) 31 compartments / 14 hours;,"About 66,591 pilgrims had Srivari Darshan from 3am to 6pm on June 15",https://news.tirumala.org/sarva-darshan-free-darshan-31-compartments-14-hours-divya-darshan-footpath-darshan-12-compartments-6-hours-and-special-entry-darsha-rs-300-closed/
2015-06-16,54488,17615,2015-06-16 19:44:07,month_day_year_inferred@title,,and waiting hours detail by 6pm. Sarva Darshan (Free darshan) 12 compartments / 6 hours; D,"About 54,488 pilgrims had Srivari Darshan from 3am to 6pm on June 16",https://news.tirumala.org/sarva-darshan-free-darshan-12-compartments-6-hours-divya-darshan-footpath-darshan-4-compartments-3-hours-and-special-entry-darsha-rs-300-closed/
2015-06-17,43946,17627,2015-06-17 19:06:05,month_day_year_inferred@title,,and waiting hours detail by 6pm. Sarva Darshan (Free darshan) 5 compartments / 3 hours; Di,"About 43,946 pilgrims had Srivari Darshan from 3am to 6pm on June 17",https://news.tirumala.org/sarva-darshan-free-darshan-5-compartments-3-hours-divya-darshan-footpath-darshan-direct-and-special-entry-darsha-rs-300-closed/
2015-06-19,41687,17675,2015-06-19 20:47:07,month_day_year_inferred@title,13,and waiting hours detail by 6pm. Sarva Darshan (Free darshan) Line outside / 13 hours; Div,"About 41,687 pilgrims had Srivari Darshan from 3am to 6pm on June 19",https://news.tirumala.org/sarva-darshan-free-darshan-line-outside-13-hours-divya-darshan-footpath-darshan-line-outside-6-hours-and-special-entry-darsha-rs-300-closed/
2015-06-20,60062,17684,2015-06-20 18:19:47,month_day_year_inferred@title,,and waiting hours detail by 6pm. Sarva Darshan (Free darshan) 27 compartments / 10 hours;,"About 60,062 pilgrims had Srivari Darshan from 3am to 6pm on June 20",https://news.tirumala.org/about-60062-pilgrims-had-srivari-darshan-from-3am-to-6pm-on-june-20/
2015-06-21,63769,17731,2015-06-21 18:47:33,month_day_year_inferred@title,,and waiting hours detail by 6pm. Sarva Darshan (Free darshan) 30 compartments / 10 hours;,"About 63,769 pilgrims had Srivari Darshan from 3am to 6pm on June 21",https://news.tirumala.org/about-63769-pilgrims-had-srivari-darshan-from-3am-to-6pm-on-june-21/
2015-06-22,58827,17753,2015-06-22 18:39:59,month_day_year_inferred@title,,and waiting hours detail by 6pm. Sarva Darshan (Free darshan) 18 compartments / 10 hours;,"About 58,827 pilgrims had Srivari Darshan from 3am to 6pm on June 22",https://news.tirumala.org/sarva-darshan-free-darshan-18-compartments-10-hours-divya-darshan-footpath-darshan-4-compartments-2-hours-and-special-entry-darsha-rs-300-closed/
2015-06-23,47665,17780,2015-06-23 21:20:08,month_day_year_inferred@title,,and waiting hours detail by 6pm. Sarva Darshan (Free darshan) 8 compartments / 4 hours; Di,"About 47,665 pilgrims had Srivari Darshan from 3am to 6pm on June 23",https://news.tirumala.org/sarva-darshan-free-darshan-8-compartments-4-hours-divya-darshan-footpath-darshan-7-compartments-3-hours-and-special-entry-darsha-rs-300-closed/
2015-06-24,46473,17807,2015-06-24 20:17:05,month_day_year_inferred@title,,and waiting hours detail by 6pm. Sarva Darshan (Free darshan) 8 compartments / 5 hours; Di,"About 46,473 pilgrims had Srivari Darshan from 3am to 6pm on June 24",https://news.tirumala.org/sarva-darshan-free-darshan-8-compartments-5-hours-divya-darshan-footpath-darshan-4-compartments-2-hours-and-special-entry-darsha-rs-300-closed/
2015-06-25,41483,17858,2015-06-25 18:35:08,month_day_year_inferred@title,,and waiting hours detail by 6pm. Sarva Darshan (Free darshan) 14 compartments / 7 hours; D,"About 41,483 pilgrims had Srivari Darshan from 3am to 6pm on June 25",https://news.tirumala.org/sarva-darshan-free-darshan-14-compartments-7-hours-divya-darshan-footpath-darshan-8-compartments-4-hours-and-special-entry-darsha-rs-300-closed/
2015-06-26,40558,17870,2015-06-26 18:20:32,month_day_year_inferred@title,,and waiting hours detail by 6pm. Sarva Darshan (Free darshan) 27 compartments / 10 hours;,"About 40,558 pilgrims had Srivari Darshan from 3am to 6pm on June 26",https://news.tirumala.org/sarva-darshan-free-darshan-27-compartments-10-hours-divya-darshan-footpath-darshan-10-compartments-6-hours-and-special-entry-darsha-rs-300-closed/
2015-06-27,60018,17886,2015-06-27 18:57:34,month_day_year_inferred@title,,and waiting hours detail by 6pm. Sarva Darshan (Free darshan) 31 compartments / 11 hours;,"About 60,018 pilgrims had Srivari Darshan from 3am to 6pm on June 27",https://news.tirumala.org/sarva-darshan-free-darshan-31-compartments-11-hours-divya-darshan-footpath-darshan-14-compartments-7-hours-and-special-entry-darsha-rs-300-closed/
2015-06-28,63618,17920,2015-06-28 18:52:56,month_day_year_inferred@title,,and waiting hours detail by 6pm. Sarva Darshan (Free darshan) 31 compartments / 10 hours;,"About 63,618 pilgrims had Srivari Darshan from 3am to 6pm on June 28",https://news.tirumala.org/about-63618-pilgrims-had-srivari-darshan-from-3am-to-6pm-on-june-28/
2015-06-29,56723,17934,2015-06-29 18:51:54,month_day_year_inferred@title,,and waiting hours detail by 6pm. Sarva Darshan (Free darshan) 22 compartments / 9 hours; D,"About 56,723 pilgrims had Srivari Darshan from 3am to 6pm on June 29",https://news.tirumala.org/sarva-darshan-free-darshan-22-compartments-9-hours-divya-darshan-footpath-darshan-4-compartments-3-hours-and-special-entry-darsha-rs-300-closed/
2015-06-30,47728,17957,2015-06-30 18:48:21,month_day_year_inferred@title,,and waiting hours detail by 6pm. Sarva Darshan (Free darshan) 20 compartments / 8 hours; D,"About 47,728 pilgrims had Srivari Darshan from 3am to 6pm on June 30",https://news.tirumala.org/sarva-darshan-free-darshan-20-compartments-8-hours-divya-darshan-footpath-darshan-6-compartments-4-hours-and-special-entry-darsha-rs-300-closed/
2015-07-01,39635,18014,2015-07-01 20:36:51,month_day_year_inferred@title,,and waiting hours detail by 6pm. Sarva Darshan (Free darshan) Direct Line; Divya Darshan (,"About 39,635 pilgrims had Srivari Darshan from 3am to 6pm on July 1",https://news.tirumala.org/sarva-darshan-free-darshan-direct-line-divya-darshan-footpath-darshan-direct-line-and-special-entry-darsha-rs-300-closed/
2015-07-02,44013,18040,2015-07-02 18:41:00,month_day_year_inferred@title,,and waiting hours detail by 6pm. Sarva Darshan (Free darshan) 20 compartments / 6 hours; D,"About 44,013 pilgrims had Srivari Darshan from 3am to 6pm on July 2",https://news.tirumala.org/sarva-darshan-free-darshan-20-compartments-6-hours-divya-darshan-footpath-darshan-6-compartments-4-hours-and-special-entry-darsha-rs-300-closed/
2015-07-03,41736,18070,2015-07-03 18:16:11,month_day_year_inferred@title,10,and waiting hours detail by 6pm. Sarva Darshan (Free darshan) Line outside / 10 hours; Div,"About 41,736 pilgrims had Srivari Darshan from 3am to 6pm on July 3",https://news.tirumala.org/about-41736-pilgrims-had-srivari-darshan-from-3am-to-6pm-on-july-3/
2015-07-04,61931,18105,2015-07-04 18:20:36,month_day_year_inferred@title,14,and waiting hours detail by 6pm. Sarva Darshan (Free darshan) Line outside / 14 hours; Div,"About 61,931 pilgrims had Srivari Darshan from 3am to 6pm on July 4",https://news.tirumala.org/about-61931-pilgrims-had-srivari-darshan-from-3am-to-6pm-on-july-4/
2015-07-05,61817,18127,2015-07-05 20:29:39,month_day_year_inferred@title,11,and waiting hours detail by 6pm. Sarva Darshan (Free darshan) Line outside / 11 hours; Div,"About 61,817 pilgrims had Srivari Darshan from 3am to 6pm on July 5",https://news.tirumala.org/sarva-darshan-free-darshan-line-outside-11-hours-divya-darshan-footpath-darshan-line-outside-8-hours-and-special-entry-darsha-rs-300-closed/
2015-07-06,58744,18151,2015-07-06 18:33:37,month_day_year_inferred@title,,and waiting hours detail by 6pm. Sarva Darshan (Free darshan) 17 compartments / 6 hours; D,"About 58,744 pilgrims had Srivari Darshan from 3am to 6pm on July 6",https://news.tirumala.org/sarva-darshan-free-darshan-17-compartments-6-hours-divya-darshan-footpath-darshan-8-compartments-4-hours-and-special-entry-darsha-rs-300-closed/
2015-07-07,50315,18169,2015-07-07 19:06:57,month_day_year_inferred@title,,and waiting hours detail by 6pm. Sarva Darshan (Free darshan) 14 compartments / 7 hours; D,"About 50,315 pilgrims had Srivari Darshan from 3am to 6pm on July 7",https://news.tirumala.org/sarva-darshan-free-darshan-14-compartments-7-hours-divya-darshan-footpath-darshan-8-compartments-4-hours-and-special-entry-darsha-rs-300-closed-2/
2015-07-08,47798,18186,2015-07-08 19:36:46,month_day_year_inferred@title,,and waiting hours detail by 6pm. Sarva Darshan (Free darshan) 9 compartments / 6 hours; Di,"About 47,798 pilgrims had Srivari Darshan from 3am to 6pm on July 8",https://news.tirumala.org/sarva-darshan-free-darshan-9-compartments-6-hours-divya-darshan-footpath-darshan-6-compartments-4-hours-and-special-entry-darsha-rs-300-closed/
2015-07-09,41482,18224,2015-07-09 18:45:28,month_day_year_inferred@title,,and waiting hours detail by 6pm. Sarva Darshan (Free darshan) 18 compartments / 8'hours; D,"About 41,482 pilgrims had Srivari Darshan from 3am to 6pm on July 9",https://news.tirumala.org/about-41482-pilgrims-had-srivari-darshan-from-3am-to-6pm-on-july-9/
2015-07-10,41427,18244,2015-07-10 18:38:39,month_day_year_inferred@title,,and waiting hours detail by 6pm. Sarva Darshan (Free darshan) 23 compartments / 11 hours;,"About 41,427 pilgrims had Srivari Darshan from 3am to 6pm on July 10",https://news.tirumala.org/sarva-darshan-free-darshan-23-compartments-11-hours-divya-darshan-footpath-darshan-14-compartments-5-hours-and-special-entry-darsha-rs-300-closed/
2015-07-11,58797,18249,2015-07-11 18:11:22,month_day_year_inferred@title,13,and waiting hours detail by 6pm. Sarva Darshan (Free darshan) Line outside / 13 hours; Div,"About 58,797 pilgrims had Srivari Darshan from 3am to 6pm on July 11",https://news.tirumala.org/about-58797-pilgrims-had-srivari-darshan-from-3am-to-6pm-on-july-11/
2015-07-12,65653,18251,2015-07-12 18:12:26,month_day_year_inferred@title,,and waiting hours detail by 6pm. Sarva Darshan (Free darshan) 31 compartments / 12 hours;,"About 65,653 pilgrims had Srivari Darshan from 3am to 6pm on July 12",https://news.tirumala.org/about-65653-pilgrims-had-srivari-darshan-from-3am-to-6pm-on-july-12/
2015-07-13,58847,18301,2015-07-13 19:17:18,month_day_year_inferred@title,,and waiting hours detail by 6pm. Sarva Darshan (Free darshan) 30 compartments / 15 hours;,"About 58,847 pilgrims had Srivari Darshan from 3am to 6pm on July 13",https://news.tirumala.org/sarva-darshan-free-darshan-30-compartments-15-hours-divya-darshan-footpath-darshan-closed-and-special-entry-darsha-rs-300-closed/
2015-07-14,48226,18322,2015-07-14 18:40:30,month_day_year_inferred@title,,and waiting hours detail by 6pm. Sarva Darshan (Free darshan) 15 compartments / 6 hours; D,"About 48,226 pilgrims had Srivari Darshan from 3am to 6pm on July 14",https://news.tirumala.org/sarva-darshan-free-darshan-15-compartments-6-hours-divya-darshan-footpath-darshan-6-compartments-4-hours-and-special-entry-darsha-rs-300-closed/
2015-07-15,43433,18355,2015-07-15 19:51:05,month_day_year_inferred@title,,and waiting hours detail by 6pm. Sarva Darshan (Free darshan) 9 compartments / 5 hours; Di,"About 43,433 pilgrims had Srivari Darshan from 3am to 6pm on July 15",https://news.tirumala.org/sarva-darshan-free-darshan-9-compartments-5-hours-divya-darshan-footpath-darshan-4-compartments-3-hours-and-special-entry-darsha-rs-300-closed/
2015-07-16,46354,18400,2015-07-16 18:32:19,month_day_year_inferred@title,2,and waiting hours detail by 6pm. Sarva Darshan (Free darshan) 2 hours; Divya Darshan (Foot,"About 46,354 pilgrims had Srivari Darshan from 3am to 6pm on July 16",https://news.tirumala.org/sarva-darshan-free-darshan-2-hours-divya-darshan-footpath-darshan-1-hours-and-special-entry-darsha-rs-300-closed/
2015-07-17,42649,18464,2015-07-17 20:02:33,month_day_year_inferred@title,,and waiting hours detail by 6pm. Sarva Darshan (Free darshan) 15 Compartments / 7 hours; D,"About 42,649 pilgrims had Srivari Darshan from 3am to 6pm on July 17",https://news.tirumala.org/sarva-darshan-free-darshan-15-compartments-7-hours-divya-darshan-footpath-darshan-8-compartments-4-hours-and-special-entry-darsha-rs-300-closed/
2015-07-18,65326,18502,2015-07-18 20:31:48,month_day_year_inferred@title,12,and waiting hours detail by 6pm. Sarva Darshan (Free darshan) Line outside / 12 hours; Div,"About 65,326 pilgrims had Srivari Darshan from 3am to 6pm on July 18",https://news.tirumala.org/sarva-darshan-free-darshan-line-outside-12-hours-divya-darshan-footpath-darshan-line-outside-6-hours-and-special-entry-darsha-rs-300-closed-2/
2015-07-19,64449,18528,2015-07-19 19:44:19,month_day_year_inferred@title,12,and waiting hours detail by 6pm. Sarva Darshan (Free darshan) Line outside / 12 hours; Div,"About 64,449 pilgrims had Srivari Darshan from 3am to 6pm on July 19",https://news.tirumala.org/sarva-darshan-free-darshan-line-outside-12-hours-divya-darshan-footpath-darshan-line-outside-6-hours-and-special-entry-darsha-rs-300-closed-3/
2015-07-20,61128,18570,2015-07-20 18:34:15,month_day_year_inferred@title,,and waiting hours detail by 6pm. Sarva Darshan (Free darshan) 29 compartments / 8 hours; D,"About 61,128 pilgrims had Srivari Darshan from 3am to 6pm on July 20",https://news.tirumala.org/sarva-darshan-free-darshan-29-compartments-8-hours-divya-darshan-footpath-darshan-12-compartments-6-hours-and-special-entry-darsha-rs-300-closed/
2015-07-21,50264,18572,2015-07-21 18:37:00,month_day_year_inferred@title,,and waiting hours detail by 6pm. Sarva Darshan (Free darshan) 20 compartments / 8 hours; D,"About 50,264 pilgrims had Srivari Darshan from 3am to 6pm on July 21",https://news.tirumala.org/about-50264-pilgrims-had-srivari-darshan-from-3am-to-6pm-on-july-21/
2015-07-22,44790,18657,2015-07-22 18:28:08,month_day_year_inferred@title,,and waiting hours detail by 6pm. Sarva Darshan (Free darshan) 12 compartments / 6 hours; D,"About 44,790 pilgrims had Srivari Darshan from 3am to 6pm on July 22",https://news.tirumala.org/sarva-darshan-free-darshan-12-compartments-6-hours-divya-darshan-footpath-darshan-2-compartments-3-hours-and-special-entry-darsha-rs-300-closed/
2015-07-23,44492,18667,2015-07-23 18:30:14,month_day_year_inferred@title,,and waiting hours detail by 6pm. Sarva Darshan (Free darshan) 11 compartments / 5 hours; D,"About 44,492 pilgrims had Srivari Darshan from 3am to 6pm on July 23",https://news.tirumala.org/sarva-darshan-free-darshan-11-compartments-5-hours-divya-darshan-footpath-darshan-4-compartments-3-hours-and-special-entry-darsha-rs-300-closed/
2015-07-24,44444,18713,2015-07-24 18:38:09,month_day_year_inferred@title,,and waiting hours detail by 6pm. Sarva Darshan (Free darshan) 13 compartments / 6 hours; D,"About 44,444 pilgrims had Srivari Darshan from 3am to 6pm on July 24",https://news.tirumala.org/about-44444-pilgrims-had-srivari-darshan-from-3am-to-6pm-on-july-24/
2015-07-25,62736,18786,2015-07-25 18:46:06,month_day_year_inferred@title,,and waiting hours detail by 6pm. Sarva Darshan (Free darshan) 14 compartments / 7 hours; D,"About 62,736 pilgrims had Srivari Darshan from 3am to 6pm on July 25",https://news.tirumala.org/sarva-darshan-free-darshan-14-compartments-7-hours-divya-darshan-footpath-darshan-6-compartments-4-hours-and-special-entry-darsha-rs-300-closed/
2015-07-26,61606,18796,2015-07-26 18:52:13,month_day_year_inferred@title,,and waiting hours detail by 6pm. Sarva Darshan (Free darshan) 6 compartments / 4 hours; Di,"About 61,606 pilgrims had Srivari Darshan from 3am to 6pm on July 26",https://news.tirumala.org/sarva-darshan-free-darshan-6-compartments-4-hours-divya-darshan-footpath-darshan-2-compartments-2-hours-and-special-entry-darsha-rs-300-closed/
2015-07-27,52371,18858,2015-07-27 19:22:24,month_day_year_inferred@title,,and waiting hours detail by 6pm. Sarva Darshan (Free darshan) 5 compartments / 3 hours; Di,"About 52,371 pilgrims had Srivari Darshan from 3am to 6pm on July 27",https://news.tirumala.org/sarva-darshan-free-darshan-5-compartments-3-hours-divya-darshan-footpath-darshan-direct-line-and-special-entry-darsha-rs-300-closed/
2015-07-28,44812,18905,2015-07-28 18:59:01,month_day_year_inferred@title,,and waiting hours detail by 6pm. Sarva Darshan (Free darshan) 17 compartments / 8 hours; D,"About 44,812 pilgrims had Srivari Darshan from 3am to 6pm on July 28",https://news.tirumala.org/sarva-darshan-free-darshan-17-compartments-14-hours-divya-darshan-footpath-darshan-2-compartments-2-hours-and-special-entry-darsha-rs-300-closed/
2015-07-29,44072,18940,2015-07-29 19:05:40,month_day_year_inferred@title,,and waiting hours detail by 6pm. Sarva Darshan (Free darshan) 7 compartments / 4 hours; Di,"About 44,072 pilgrims had Srivari Darshan from 3am to 6pm on July 29",https://news.tirumala.org/sarva-darshan-free-darshan-7-compartments-4-hours-divya-darshan-footpath-darshan-direct-line-and-special-entry-darsha-rs-300-closed/
2015-07-30,41470,18959,2015-07-30 19:01:52,month_day_year_inferred@title,,and waiting hours detail by 6pm. Sarva Darshan (Free darshan) 18 compartments / 8 hours; D,"About 41,470 pilgrims had Srivari Darshan from 3am to 6pm on July 30",https://news.tirumala.org/sarva-darshan-free-darshan-18-compartments-8-hours-divya-darshan-footpath-darshan-2-compartments-4-hours-and-special-entry-darsha-rs-300-closed/
2015-07-31,39910,18996,2015-07-31 18:35:40,month_day_year_inferred@title,,and waiting hours detail by 6pm. Sarva Darshan (Free darshan) 22 compartments / 12 hours;,"About 39,910 pilgrims had Srivari Darshan from 3am to 6pm on July 31",https://news.tirumala.org/about-39910-pilgrims-had-srivari-darshan-from-3am-to-6pm-on-july-31/
2015-08-01,54067,19015,2015-08-01 18:59:32,month_day_year_inferred@title,,and waiting hours detail by 6pm. Sarva Darshan (Free darshan) 23 compartments / 6 hours; D,"About 54,067 pilgrims had Srivari Darshan from 3am to 6pm on Aug 1",https://news.tirumala.org/19015/
2015-08-02,57504,19065,2015-08-02 18:46:21,month_day_year_inferred@title,,and waiting hours detail by 6pm. Sarva Darshan (Free darshan) 22 compartments / 8 hours; D,"About 57,504 pilgrims had Srivari Darshan from 3am to 6pm on Aug 2",https://news.tirumala.org/sarva-darshan-free-darshan-22-compartments-8-hours-divya-darshan-footpath-darshan-6-compartments-4-hours-and-special-entry-darsha-rs-300-closed/
2015-08-03,47274,19075,2015-08-03 19:03:31,month_day_year_inferred@title,,and waiting hours detail by 6pm. Sarva Darshan (Free darshan) 2 compartments / 2 hours; Di,"About 47,274 pilgrims had Srivari Darshan from 3am to 6pm on Aug 3",https://news.tirumala.org/sarva-darshan-free-darshan-2-compartments-2-hours-divya-darshan-footpath-darshan-direct-line-and-special-entry-darsha-rs-300-closed/
2015-08-04,42248,19106,2015-08-04 18:42:53,month_day_year_inferred@title,,and waiting hours detail by 6pm. Sarva Darshan (Free darshan) 9 compartments / 4 hours; Di,"About 42,248 pilgrims had Srivari Darshan from 3am to 6pm on Aug 4",https://news.tirumala.org/sarva-darshan-free-darshan-9-compartments-4-hours-divya-darshan-footpath-darshan-6-compartments-4-hours-and-special-entry-darsha-rs-300-closed/
2015-08-05,40641,19135,2015-08-05 19:05:15,month_day_year_inferred@title,,and waiting hours detail by 6pm. Sarva Darshan (Free darshan) 9 compartments / 4 hours; Di,"About 40,641 pilgrims had Srivari Darshan from 3am to 6pm on Aug 5",https://news.tirumala.org/sarva-darshan-free-darshan-9-compartments-4-hours-divya-darshan-footpath-darshan-4-compartments-2-hours-and-special-entry-darsha-rs-300-closed/
2015-08-06,44264,19155,2015-08-06 19:45:14,month_day_year_inferred@title,,and waiting hours detail by 6pm. Sarva Darshan (Free darshan) 19 compartments / 8 hours; D,"About 44,264 pilgrims had Srivari Darshan from 3am to 6pm on Aug 6",https://news.tirumala.org/sarva-darshan-free-darshan-19-compartments-8-hours-divya-darshan-footpath-darshan-6-compartments-4-hours-and-special-entry-darsha-rs-300-closed/
2015-08-08,62784,19228,2015-08-08 18:33:35,month_day_year_inferred@title,,and waiting hours detail by 6pm. Sarva Darshan (Free darshan) 27 compartments / 10 hours;,"About 62,784 pilgrims had Srivari Darshan from 3am to 6pm on Aug 8",https://news.tirumala.org/about-62784-pilgrims-had-srivari-darshan-from-3am-to-6pm-on-aug-8/
2015-08-09,62784,19266,2015-08-09 18:25:57,month_day_year_inferred@title,,and waiting hours detail by 6pm. Sarva Darshan (Free darshan) 24 compartments / 8 hours; D,"About 62,784 pilgrims had Srivari Darshan from 3am to 6pm on Aug 9",https://news.tirumala.org/sarva-darshan-free-darshan-24-compartments-8-hours-divya-darshan-footpath-darshan-12-compartments-4-hours-and-special-entry-darsha-rs-300-closed/
2015-08-10,49979,19315,2015-08-10 18:52:12,month_day_year_inferred@title,,and waiting hours detail by 6pm. Sarva Darshan (Free darshan) 6 compartments / 3 hours; Di,"About 49,979 pilgrims had Srivari Darshan from 3am to 6pm on Aug 10",https://news.tirumala.org/sarva-darshan-free-darshan-6-compartments-3-hours-divya-darshan-footpath-darshan-7-compartments-3-hours-and-special-entry-darsha-rs-300-closed/
2015-08-11,48174,19354,2015-08-11 18:21:39,month_day_year_inferred@title,,and waiting hours detail by 6pm. Sarva Darshan (Free darshan) 7 compartments / 4 hours; Di,"About 48,174 pilgrims had Srivari Darshan from 3am to 6pm on Aug 11",https://news.tirumala.org/sarva-darshan-free-darshan-7-compartments-4-hours-divya-darshan-footpath-darshan-6-compartments-4-hours-and-special-entry-darsha-rs-300-closed/
2015-08-12,41627,19387,2015-08-12 18:45:53,month_day_year_inferred@title,,and waiting hours detail by 6pm. Sarva Darshan (Free darshan) 7 compartments / 4 hours; Di,"About 41,627 pilgrims had Srivari Darshan from 3am to 6pm on Aug 12",https://news.tirumala.org/sarva-darshan-free-darshan-7-compartments-4-hours-divya-darshan-footpath-darshan-2-compartments-3-hours-and-special-entry-darsha-rs-300-closed/
2015-08-13,39952,19414,2015-08-13 19:04:30,month_day_year_inferred@title,,and waiting hours detail by 6pm. Sarva Darshan (Free darshan) 9 compartments / 6 hours; Di,"About 39,952 pilgrims had Srivari Darshan from 3am to 6pm on Aug 13",https://news.tirumala.org/sarva-darshan-free-darshan-9-compartments-6-hours-divya-darshan-footpath-darshan-7-compartments-5-hours-and-special-entry-darsha-rs-300-closed/
2015-08-14,39722,19443,2015-08-14 19:08:37,month_day_year_inferred@body,,and waiting hours detail by 6pm. Sarva Darshan (Free darshan) 24 compartments / 10 hours;,"About 39,722 pilgrims had Srivari Darshan from 3am to 6pm on Aug 13",https://news.tirumala.org/sarva-darshan-free-darshan-24-compartments-10-hours-divya-darshan-footpath-darshan-14-compartments-7-hours-and-special-entry-darsha-rs-300-closed/
2015-08-15,59499,19490,2015-08-15 18:35:40,month_day_year_inferred@title,14,and waiting hours detail by 6pm. Sarva Darshan (Free darshan) Line outside / 14 hours; Div,"About 59,499 pilgrims had Srivari Darshan from 3am to 6pm on Aug 15",https://news.tirumala.org/about-59499-pilgrims-had-srivari-darshan-from-3am-to-6pm-on-aug-15/
2015-08-16,61071,19537,2015-08-16 18:51:42,month_day_year_inferred@title,,and waiting hours detail by 6pm. Sarva Darshan (Free darshan) 29 compartments / 11 hours;,"About 61,071 pilgrims had Srivari Darshan from 3am to 6pm on Aug 16",https://news.tirumala.org/about-61071-pilgrims-had-srivari-darshan-from-3am-to-6pm-on-aug-16/
2015-08-18,50015,19583,2015-08-18 19:38:32,month_day_year_inferred@title,,and waiting hours detail by 6pm. Sarva Darshan (Free darshan) Direct Line; Divya Darshan (,"About 50,015 pilgrims had Srivari Darshan from 3am to 6pm on Aug 18",https://news.tirumala.org/sarva-darshan-free-darshan-direct-line-divya-darshan-footpath-darshan-direct-line-and-special-entry-darsha-rs-300-closed-2/
2015-08-19,41575,19601,2015-08-19 20:03:44,month_day_year_inferred@title,,and waiting hours detail by 6pm. Sarva Darshan (Free darshan) 10 compartments / 4 hours; D,"About 41,575 pilgrims had Srivari Darshan from 3am to 6pm on Aug 19",https://news.tirumala.org/sarva-darshan-free-darshan-10-compartments-4-hours-divya-darshan-footpath-darshan-4-compartments-2-hours-and-special-entry-darsha-rs-300-closed/
2015-08-20,41512,19634,2015-08-20 18:47:30,month_day_year_inferred@title,,and waiting hours detail by 6pm. Sarva Darshan (Free darshan) 15 compartments / 8 hours; D,"About 41,512 pilgrims had Srivari Darshan from 3am to 6pm on Aug 20",https://news.tirumala.org/sarva-darshan-free-darshan-15-compartments-8-hours-divya-darshan-footpath-darshan-12-compartments-6-hours-and-special-entry-darsha-rs-300-closed/
2015-08-22,56653,19654,2015-08-22 19:45:55,month_day_year_inferred@title,,and waiting hours detail by 6pm. Sarva Darshan (Free darshan) 27 compartments / 10 hours;,"About 56,653 pilgrims had Srivari Darshan from 3am to 6pm on Aug 22",https://news.tirumala.org/about-56653-pilgrims-had-srivari-darshan-from-3am-to-6pm-on-aug-22/
2015-08-23,60135,19656,2015-08-23 19:47:42,month_day_year_inferred@title,,and waiting hours detail by 6pm. Sarva Darshan (Free darshan) 22 compartments / 8 hours; D,"About 60,135 pilgrims had Srivari Darshan from 3am to 6pm on Aug 23",https://news.tirumala.org/sarva-darshan-free-darshan-22-compartments-8-hours-divya-darshan-footpath-darshan-14-compartments-6-hours-and-special-entry-darsha-rs-300-closed/
2015-08-24,49651,19723,2015-08-24 21:00:19,month_day_year_inferred@title,,and waiting hours detail by 6pm. Sarva Darshan (Free darshan) 2 compartments / 1 hours; Di,"About 49,651 pilgrims had Srivari Darshan from 3am to 6pm on Aug 24",https://news.tirumala.org/sarva-darshan-free-darshan-2-compartments-1-hours-divya-darshan-footpath-darshan-direct-line-and-special-entry-darsha-rs-300-closed/
2015-08-25,47513,19753,2015-08-25 19:44:30,month_day_year_inferred@title,,and waiting hours detail by 6pm. Sarva Darshan (Free darshan) Direct Line; Divya Darshan (,"About 47,513 pilgrims had Srivari Darshan from 3am to 6pm on Aug 25",https://news.tirumala.org/sarva-darshan-free-darshan-direct-line-divya-darshan-footpath-darshan-direct-line-and-special-entry-darshan-rs-300-closed-5/
2015-08-26,39134,19791,2015-08-26 18:47:35,month_day_year_inferred@title,,and waiting hours detail by 6pm. Sarva Darshan (Free darshan) 6 compartments / 4 hours; Di,"About 39,134 pilgrims had Srivari Darshan from 3am to 6pm on Aug 26",https://news.tirumala.org/sarva-darshan-free-darshan-6-compartments-4-hours-divya-darshan-footpath-darshan-4-compartments-2-hours-and-special-entry-darsha-rs-300-closed/
2015-08-27,41301,19827,2015-08-27 20:27:41,month_day_year_inferred@title,,and waiting hours detail by 6pm. Sarva Darshan (Free darshan) 10 compartments / 8 hours; D,"About 41,301 pilgrims had Srivari Darshan from 3am to 6pm on Aug 27",https://news.tirumala.org/sarva-darshan-free-darshan-10-compartments-8-hours-divya-darshan-footpath-darshan-3-compartments-4-hours-and-special-entry-darsha-rs-300-closed/
2015-08-28,40555,19855,2015-08-28 18:38:40,month_day_year_inferred@title,,and waiting hours detail by 6pm. Sarva Darshan (Free darshan) 25 compartments / 10 hours;,"About 40,555 pilgrims had Srivari Darshan from 3am to 6pm on Aug 28",https://news.tirumala.org/sarva-darshan-free-darshan-25-compartments-10-hours-divya-darshan-footpath-darshan-14-compartments-6-hours-and-special-entry-darsha-rs-300-closed/
2015-08-29,57083,19917,2015-08-29 20:57:13,month_day_year_inferred@title,,and waiting hours detail by 6pm. Sarva Darshan (Free darshan) 29 compartments / 14 hours;,"About 57,083 pilgrims had Srivari Darshan from 3am to 6pm on Aug 29",https://news.tirumala.org/sarva-darshan-free-darshan-29-compartments-14-hours-divya-darshan-footpath-darshan-14-compartments-10-hours-and-special-entry-darsha-rs-300-closed/
2015-08-31,55366,19963,2015-08-31 19:11:28,month_day_year_inferred@title,,and waiting hours detail by 6pm. Sarva Darshan (Free darshan) 5 compartments / 3 hours; Di,"About 55,366 pilgrims had Srivari Darshan from 3am to 6pm on Aug 31",https://news.tirumala.org/sarva-darshan-free-darshan-5-compartments-3-hours-divya-darshan-footpath-darshan-2-compartments-2-hours-and-special-entry-darsha-rs-300-closed/
2015-09-01,46480,19980,2015-09-01 19:46:04,month_day_year_inferred@title,,and waiting hours detail by 6pm. Sarva Darshan (Free darshan) 9 compartments / 5 hours; Di,"About 46,480 pilgrims had Srivari Darshan from 3am to 6pm on Sep 1",https://news.tirumala.org/sarva-darshan-free-darshan-9-compartments-5-hours-divya-darshan-footpath-darshan-8-compartments-4-hours-and-special-entry-darsha-rs-300-closed/
2015-09-02,44767,20010,2015-09-02 19:40:52,month_day_year_inferred@title,,and waiting hours detail by 6pm. Sarva Darshan (Free darshan) 15 compartments / 8 hours; D,"About 44,767 pilgrims had Srivari Darshan from 3am to 6pm on Sep 2",https://news.tirumala.org/sarva-darshan-free-darshan-15-compartments-8-hours-divya-darshan-footpath-darshan-4-compartments-3-hours-and-special-entry-darsha-rs-300-closed/
2015-09-03,42945,20023,2015-09-03 19:45:48,month_day_year_inferred@title,,and waiting hours detail by 6pm. Sarva Darshan (Free darshan) 18 compartments / 8 hours; D,"About 42,945 pilgrims had Srivari Darshan from 3am to 6pm on Sep 3",https://news.tirumala.org/sarva-darshan-free-darshan-18-compartments-8-hours-divya-darshan-footpath-darshan-8-compartments-5-hours-and-special-entry-darsha-rs-300-closed/
2015-09-04,38200,20053,2015-09-04 18:29:06,month_day_year_inferred@title,,and waiting hours detail by 6pm. Sarva Darshan (Free darshan) 26 compartments / 14 hours;,"About 38,200 pilgrims had Srivari Darshan from 3am to 6pm on Sep 4",https://news.tirumala.org/about-38200-pilgrims-had-srivari-darshan-from-3am-to-6pm-on-sep-4/
2015-09-05,57273,20067,2015-09-05 18:32:27,month_day_year_inferred@title,14,and waiting hours detail by 6pm. Sarva Darshan (Free darshan) Line Outside / 14 hours; Div,"About 57,273 pilgrims had Srivari Darshan from 3am to 6pm on Sep 5",https://news.tirumala.org/sarva-darshan-free-darshan-line-outside-14-hours-divya-darshan-footpath-darshan-line-outside-10-hours-and-special-entry-darsha-rs-300-closed/
2015-09-06,58946,20109,2015-09-06 18:15:56,month_day_year_inferred@title,,and waiting hours detail by 6pm. Sarva Darshan (Free darshan) 30 compartments / 9 hours; D,"About 58,946 pilgrims had Srivari Darshan from 3am to 6pm on Sep 6",https://news.tirumala.org/sarva-darshan-free-darshan-30-compartments-9-hours-divya-darshan-footpath-darshan-12-compartments-7-hours-and-special-entry-darsha-rs-300-closed/
2015-09-07,48975,20138,2015-09-07 18:45:00,month_day_year_inferred@title,,and waiting hours detail by 6pm. Sarva Darshan (Free darshan) 7 compartments / 4 hours; Di,"About 48,975 pilgrims had Srivari Darshan from 3am to 6pm on Sep 7",https://news.tirumala.org/sarva-darshan-free-darshan-7-compartments-4-hours-divya-darshan-footpath-darshan-2-compartments-2-hours-and-special-entry-darsha-rs-300-closed/
2015-09-08,45150,20175,2015-09-08 18:08:12,month_day_year_inferred@title,,and waiting hours detail by 6pm. Sarva Darshan (Free darshan) 16 compartments / 8 hours; D,"About 45,150 pilgrims had Srivari Darshan from 3am to 7pm on Sep 8",https://news.tirumala.org/about-45150-pilgrims-had-srivari-darshan-from-3am-to-7pm-on-sep-8/
2015-09-09,47017,20217,2015-09-09 18:44:43,month_day_year_inferred@title,,and waiting hours detail by 6pm. Sarva Darshan (Free darshan) 20 compartments / 8 hours; D,"About 47,017 pilgrims had Srivari Darshan from 3am to 7pm on Sep 9",https://news.tirumala.org/about-47017-pilgrims-had-srivari-darshan-from-3am-to-7pm-on-sep-9/
2015-09-10,42738,20231,2015-09-10 19:52:35,month_day_year_inferred@title,,and waiting hours detail by 6pm. Sarva Darshan (Free darshan) 22 compartments / 12 hours;,"About 42,738 pilgrims had Srivari Darshan from 3am to 7pm on Sep 10",https://news.tirumala.org/sarva-darshan-free-darshan-22-compartments-12-hours-divya-darshan-footpath-darshan-13-compartments-6-hours-and-special-entry-darsha-rs-300-closed/
2015-09-11,37122,20257,2015-09-11 18:52:46,month_day_year_inferred@title,,and waiting hours detail by 6pm. Sarva Darshan (Free darshan) 26 compartments / 8 hours; D,"About 37,122 pilgrims had Srivari Darshan from 3am to 7pm on Sep 11",https://news.tirumala.org/sarva-darshan-free-darshan-26-compartments-8-hours-divya-darshan-footpath-darshan-12-compartments-4-hours-and-special-entry-darsha-rs-300-closed/
2015-09-12,56440,20263,2015-09-12 18:54:44,month_day_year_inferred@title,,and waiting hours detail by 6pm. Sarva Darshan (Free darshan) 27 compartments / 8 hours; D,"About 56,440 pilgrims had Srivari Darshan from 3am to 7pm on Sep 12",https://news.tirumala.org/sarva-darshan-free-darshan-27-compartments-8-hours-divya-darshan-footpath-darshan-15-compartments-7-hours-and-special-entry-darsha-rs-300-closed/
2015-09-13,54787,20295,2015-09-13 18:45:43,month_day_year_inferred@title,,and waiting hours detail by 6pm. Sarva Darshan (Free darshan) 15 compartments / 6 hours; D,"About 54,787 pilgrims had Srivari Darshan from 3am to 7pm on Sep 13",https://news.tirumala.org/sarva-darshan-free-darshan-15-compartments-6-hours-divya-darshan-footpath-darshan-8-compartments-4-hours-and-special-entry-darsha-rs-300-closed/
2015-09-14,39972,20340,2015-09-14 18:52:07,month_day_year_inferred@title,,and waiting hours detail by 6pm. Sarva Darshan (Free darshan) Direct Line; Divya Darshan (,"About 39,972 pilgrims had Srivari Darshan from 3am to 7pm on Sep 14",https://news.tirumala.org/sarva-darshan-free-darshan-direct-line-divya-darshan-footpath-darshan-direct-line-and-special-entry-darsha-rs-300-closed-3/
2015-09-15,41378,20374,2015-09-15 20:27:37,month_day_year_inferred@title,,and waiting hours detail by 6pm. Sarva Darshan (Free darshan) Direct Line; Divya Darshan (,"About 41,378 pilgrims had Srivari Darshan from 3am to 7pm on Sep 15",https://news.tirumala.org/sarva-darshan-free-darshan-direct-line-divya-darshan-footpath-darshan-direct-line-and-special-entry-darsha-rs-300-closed-4/
2015-09-16,27639,20438,2015-09-16 18:45:30,month_day_year_inferred@title,,and waiting hours detail by 6pm. Sarva Darshan (Free darshan) 12 compartments / 6 hours; D,"About 27,639 pilgrims had Srivari Darshan from 3am to 7pm on Sep 16",https://news.tirumala.org/about-27639-pilgrims-had-srivari-darshan-from-3am-to-7pm-on-sep-16/
2015-09-17,36956,20531,2015-09-17 18:27:34,month_day_year_inferred@title,,and waiting hours detail by 6pm. Sarva Darshan (Free darshan) 8 compartments / 2 hours; Di,"About 36,956 pilgrims had Srivari Darshan from 3am to 7pm on Sep 17",https://news.tirumala.org/sarva-darshan-free-darshan-8-compartments-2-hours-divya-darshan-footpath-darshan-5-compartments-2-hours-and-special-entry-darsha-rs-300-closed/
2015-09-18,48165,20605,2015-09-18 18:45:37,month_day_year_inferred@title,,and waiting hours detail by 6pm. Sarva Darshan (Free darshan) 10 compartments / 3 hours; D,"About 48,165 pilgrims had Srivari Darshan from 3am to 7pm on Sep 18",https://news.tirumala.org/sarva-darshan-free-darshan-10-compartments-3-hours-divya-darshan-footpath-darshan-8-compartments-2-hours-and-special-entry-darsha-rs-300-closed/
2015-09-19,61545,20659,2015-09-19 20:17:59,month_day_year_inferred@title,,and waiting hours detail by 6pm. Sarva Darshan (Free darshan) 20 compartments / 5 hours; D,"About 61,545 pilgrims had Srivari Darshan from 3am to 7pm on Sep 19",https://news.tirumala.org/sarva-darshan-free-darshan-20-compartments-5-hours-divya-darshan-footpath-darshan-4-compartments-3-hours-and-special-entry-darsha-rs-300-closed/
2015-09-21,44299,20775,2015-09-21 19:35:04,month_day_year_inferred@title,,and waiting hours detail by 6pm. Sarva Darshan (Free darshan) Direct Line; Divya Darshan (,"About 44,299 pilgrims had Srivari Darshan from 3am to 6pm on Sep 21",https://news.tirumala.org/sarva-darshan-free-darshan-direct-line-divya-darshan-footpath-darshan-direct-line-and-special-entry-darsha-rs-300-closed-5/
2015-09-22,50752,20875,2015-09-22 20:14:58,month_day_year_inferred@title,,and waiting hours detail by 6pm. Sarva Darshan (Free darshan) Direct Line; Divya Darshan (,"About 50,752 pilgrims had Srivari Darshan from 3am to 6pm on Sep 22",https://news.tirumala.org/sarva-darshan-free-darshan-direct-line-divya-darshan-footpath-darshan-direct-line-and-special-entry-darsha-rs-300-closed-6/
2015-09-23,47236,20941,2015-09-23 19:47:50,month_day_year_inferred@title,,and waiting hours detail by 6pm. Sarva Darshan (Free darshan) Direct Line; Divya Darshan (,"About 47,236 pilgrims had Srivari Darshan from 3am to 6pm on Sep 23",https://news.tirumala.org/sarva-darshan-free-darshan-direct-line-divya-darshan-footpath-darshan-direct-line-and-special-entry-darsha-rs-300-closed-7/
2015-09-24,39760,21000,2015-09-24 18:56:07,month_day_year_inferred@title,,and waiting hours detail by 6pm. Sarva Darshan (Free darshan) 16 compartments / 7 hours; D,"About 39,760 pilgrims had Srivari Darshan from 3am to 6pm on Sep 24",https://news.tirumala.org/sarva-darshan-free-darshan-16-compartments-7-hours-divya-darshan-footpath-darshan-8-compartments-6-hours-and-special-entry-darsha-rs-300-closed/
2015-09-25,40456,21048,2015-09-25 19:10:20,month_day_year_inferred@title,15,and waiting hours detail by 6pm. Sarva Darshan (Free darshan) Line outside / 15 hours; Div,"About 40,456 pilgrims had Srivari Darshan from 3am to 6pm on Sep 25",https://news.tirumala.org/sarva-darshan-free-darshan-line-outside-15-hours-divya-darshan-footpath-darshan-12-compartments-8-hours-and-special-entry-darsha-rs-300-closed/
2015-09-26,54784,21087,2015-09-26 18:37:49,month_day_year_inferred@title,12,and waiting hours detail by 6pm. Sarva Darshan (Free darshan) Line outside / 12 hours; Div,"About 54,784 pilgrims had Srivari Darshan from 3am to 6pm on Sep 26",https://news.tirumala.org/sarva-darshan-free-darshan-line-outside-12-hours-divya-darshan-footpath-darshan-line-outside-8-hours-and-special-entry-darsha-rs-300-closed/
2015-09-27,57783,21118,2015-09-27 18:22:23,month_day_year_inferred@title,13,and waiting hours detail by 6pm. Sarva Darshan (Free darshan) Line outside / 13 hours; Div,"About 57,783 pilgrims had Srivari Darshan from 3am to 6pm on Sep 27",https://news.tirumala.org/sarva-darshan-free-darshan-line-outside-13-hours-divya-darshan-footpath-darshan-line-outside-8-hours-and-special-entry-darsha-rs-300-closed/
2015-09-28,58282,21166,2015-09-28 18:38:35,month_day_year_inferred@title,,and waiting hours detail by 6pm. Sarva Darshan (Free darshan) 31 compartments / 12 hours;,"About 58,282 pilgrims had Srivari Darshan from 3am to 6pm on Sep 28",https://news.tirumala.org/about-58282-pilgrims-had-srivari-darshan-from-3am-to-6pm-on-sep-28/
2015-09-29,58188,21168,2015-09-29 18:40:46,month_day_year_inferred@title,,and waiting hours detail by 6pm. Sarva Darshan (Free darshan) 31 compartments / 12 hours;,"About 58,188 pilgrims had Srivari Darshan from 3am to 6pm on Sep 29",https://news.tirumala.org/sarva-darshan-free-darshan-31-compartments-12-hours-divya-darshan-footpath-darshan-16-compartments-6-hours-and-special-entry-darsha-rs-300-closed/
2015-09-30,56796,21195,2015-09-30 18:53:06,month_day_year_inferred@title,,and waiting hours detail by 6pm. Sarva Darshan (Free darshan) 31 compartments / 10 hours;,"About 56,796 pilgrims had Srivari Darshan from 3am to 6pm on Sep 30",https://news.tirumala.org/about-56796-pilgrims-had-srivari-darshan-from-3am-to-6pm-on-sep-30/
2015-10-01,51301,21197,2015-10-01 18:55:48,month_day_year_inferred@title,12,and waiting hours detail by 6pm. Sarva Darshan (Free darshan) Line Outside / 12 hours; Div,"About 51,301 pilgrims had Srivari Darshan from 3am to 6pm on Oct 1",https://news.tirumala.org/sarva-darshan-free-darshan-line-outside-12-hours-divya-darshan-footpath-darshan-line-outside-8-hours-and-special-entry-darsha-rs-300-closed-2/
2015-10-02,48842,21234,2015-10-02 18:43:34,month_day_year_inferred@title,14,and waiting hours detail by 6pm. Sarva Darshan (Free darshan) Line Outside / 14 hours; Div,"About 48,842 pilgrims had Srivari Darshan from 3am to 6pm on Oct 2",https://news.tirumala.org/about-48842-pilgrims-had-srivari-darshan-from-3am-to-6pm-on-oct-2/
2015-10-03,71679,21250,2015-10-03 18:57:43,month_day_year_inferred@title,12,and waiting hours detail by 6pm. Sarva Darshan (Free darshan) Line Outside / 12 hours; Div,"About 71,679 pilgrims had Srivari Darshan from 3am to 6pm on Oct 3",https://news.tirumala.org/sarva-darshan-free-darshan-line-outside-12-hours-divya-darshan-footpath-darshan-line-outside-10-hours-and-special-entry-darsha-rs-300-closed/
2015-10-04,63634,21262,2015-10-04 19:10:45,month_day_year_inferred@title,,and waiting hours detail by 6pm. Sarva Darshan (Free darshan) 14 compartments / 5 hours; D,"About 63,634 pilgrims had Srivari Darshan from 3am to 6pm on Oct 4",https://news.tirumala.org/sarva-darshan-free-darshan-14-compartments-5-hours-divya-darshan-footpath-darshan-6-compartments-4-hours-and-special-entry-darsha-rs-300-closed/
2015-10-05,50467,21295,2015-10-05 19:28:53,month_day_year_inferred@title,,and waiting hours detail by 6pm. Sarva Darshan (Free darshan) Direct Line; Divya Darshan (,"About 50,467 pilgrims had Srivari Darshan from 3am to 6pm on Oct 5",https://news.tirumala.org/sarva-darshan-free-darshan-direct-line-divya-darshan-footpath-darshan-direct-line-and-special-entry-darsha-rs-300-closed-8/
2015-10-06,48018,21321,2015-10-06 18:40:53,month_day_year_inferred@title,,and waiting hours detail by 6pm. Sarva Darshan (Free darshan) 6 compartments / 4 hours; Di,"About 48,018 pilgrims had Srivari Darshan from 3am to 6pm on Oct 6",https://news.tirumala.org/sarva-darshan-free-darshan-6-compartments-4-hours-divya-darshan-footpath-darshan-4-compartments-2-hours-and-special-entry-darsha-rs-300-closed-2/
2015-10-07,43145,21330,2015-10-07 18:57:48,month_day_year_inferred@title,,and waiting hours detail by 6pm. Sarva Darshan (Free darshan) 9 compartments / 4 hours; Di,"About 43,145 pilgrims had Srivari Darshan from 3am to 6pm on Oct 7",https://news.tirumala.org/sarva-darshan-free-darshan-9-compartments-4-hours-divya-darshan-footpath-darshan-6-compartments-3-hours-and-special-entry-darsha-rs-300-closed/
2015-10-08,41962,21354,2015-10-08 18:31:16,month_day_year_inferred@title,,and waiting hours detail by 6pm. Sarva Darshan (Free darshan) 5 compartments / 4 hours; Di,"About 41,962 pilgrims had Srivari Darshan from 3am to 6pm on Oct 8",https://news.tirumala.org/sarva-darshan-free-darshan-5-compartments-4-hours-divya-darshan-footpath-darshan-5-compartments-3-hours-and-special-entry-darsha-rs-300-closed/
2015-10-09,41206,21369,2015-10-09 18:39:41,month_day_year_inferred@title,,and waiting hours detail by 6pm. Sarva Darshan (Free darshan) 6 compartments / 3 hours; Di,"About 41,206 pilgrims had Srivari Darshan from 3am to 6pm on Oct 9",https://news.tirumala.org/sarva-darshan-free-darshan-6-compartments-3-hours-divya-darshan-footpath-darshan-4-compartments-2-hours-and-special-entry-darsha-rs-300-closed/
2015-10-10,52248,21383,2015-10-10 18:53:43,month_day_year_inferred@title,,and waiting hours detail by 6pm. Sarva Darshan (Free darshan) 7 compartments / 3 hours; Di,"About 52,248 pilgrims had Srivari Darshan from 3am to 6pm on Oct 10",https://news.tirumala.org/sarva-darshan-free-darshan-7-compartments-3-hours-divya-darshan-footpath-darshan-4-compartments-2-hours-and-special-entry-darsha-rs-300-closed/
2015-10-11,51967,21393,2015-10-11 18:30:59,month_day_year_inferred@title,,and waiting hours detail by 6pm. Sarva Darshan (Free darshan) Direct Line; Divya Darshan (,"About 51,967 pilgrims had Srivari Darshan from 3am to 6pm on Oct 11",https://news.tirumala.org/about-51967-pilgrims-had-srivari-darshan-from-3am-to-6pm-on-oct-11/
2015-10-14,49181,21645,2015-10-14 19:21:46,month_day_year_inferred@title,,and waiting hours detail by 6pm. Sarva Darshan (Free darshan) Direct Line; Divya Darshan (,"About 49,181 pilgrims had Srivari Darshan from 3am to 6pm on Oct 14",https://news.tirumala.org/about-49181-pilgrims-had-srivari-darshan-from-3am-to-6pm-on-oct-14/
2015-10-15,48713,21647,2015-10-15 19:24:48,month_day_year_inferred@title,,and waiting hours detail by 6pm. Sarva Darshan (Free darshan) 9 compartments / 4 hours; Di,"About 48,713 pilgrims had Srivari Darshan from 3am to 6pm on Oct 15",https://news.tirumala.org/sarva-darshan-free-darshan-9-compartments-4-hours-divya-darshan-footpath-darshan-6-compartments-3-hours-and-special-entry-darsha-rs-300-closed-2/
2015-10-17,56564,22003,2015-10-17 19:15:28,month_day_year_inferred@title,,and waiting hours detail by 6pm. Sarva Darshan (Free darshan) 24 compartments / 12 hours;,"About 56,564 pilgrims had Srivari Darshan from 3am to 6pm on Oct 17",https://news.tirumala.org/sarva-darshan-free-darshan-24-compartments-12-hours-divya-darshan-footpath-darshan-14-compartments-8-hours-and-special-entry-darsha-rs-300-closed/
2015-10-19,58695,22605,2015-10-19 18:32:51,month_day_year_inferred@title,,and waiting hours detail by 6pm. Sarva Darshan (Free darshan) 11 compartments / 6 hours; D,"About 58,695 pilgrims had Srivari Darshan from 3am to 6pm on Oct 19",https://news.tirumala.org/sarva-darshan-free-darshan-11-compartments-6-hours-divya-darshan-footpath-darshan-8-compartments-4-hours-and-special-entry-darsha-rs-300-closed/
2015-10-20,45013,22701,2015-10-20 18:18:58,month_day_year_inferred@title,,and waiting hours detail by 6pm. Sarva Darshan (Free darshan) Direct Line; Divya Darshan (,"About 45,013 pilgrims had Srivari Darshan from 3am to 6pm on Oct 20",https://news.tirumala.org/sarva-darshan-free-darshan-direct-line-divya-darshan-footpath-darshan-direct-line-and-special-entry-darsha-rs-300-closed-9/
2015-10-21,47090,22809,2015-10-21 18:41:26,month_day_year_inferred@title,,and waiting hours detail by 6pm. Sarva Darshan (Free darshan) Direct Line; Divya Darshan (,"About 47,090 pilgrims had Srivari Darshan from 3am to 6pm on Oct 21",https://news.tirumala.org/sarva-darshan-free-darshan-direct-line-divya-darshan-footpath-darshan-direct-line-and-special-entry-darsha-rs-300-closed-10/
2015-10-22,34629,22875,2015-10-22 18:26:00,month_day_year_inferred@title,,and waiting hours detail by 6pm. Sarva Darshan (Free darshan) 25 compartments / 8 compartm,"About 34,629 pilgrims had Srivari Darshan from 3am to 6pm on Oct 22",https://news.tirumala.org/sarva-darshan-free-darshan-25-compartments-8-compartments-divya-darshan-footpath-darshan-16-compartments-4-hours-and-special-entry-darsha-rs-300-closed/
2015-10-23,47863,22956,2015-10-23 18:33:33,month_day_year_inferred@title,10,and waiting hours detail by 6pm. Sarva Darshan (Free darshan) Line Outisde / 10 hours; Div,"About 47,863 pilgrims had Srivari Darshan from 3am to 6pm on Oct 23",https://news.tirumala.org/sarva-darshan-free-darshan-line-outisde-10-hours-divya-darshan-footpath-darshan-line-outside-8-hours-and-special-entry-darsha-rs-300-closed/
2015-10-24,61825,23004,2015-10-24 19:38:11,month_day_year_inferred@title,14,and waiting hours detail by 6pm. Sarva Darshan (Free darshan) Line Outisde / 14 hours; Div,"About 61,825 pilgrims had Srivari Darshan from 3am to 6pm on Oct 24",https://news.tirumala.org/sarva-darshan-free-darshan-line-outisde-14-hours-divya-darshan-footpath-darshan-line-outside-10-hours-and-special-entry-darsha-rs-300-closed/
2015-10-24,60864,23011,2015-10-25 18:31:30,month_day_year_inferred@title,14,and waiting hours detail by 6pm. Sarva Darshan (Free darshan) Line Outisde / 14 hours; Div,"About 60,864 pilgrims had Srivari Darshan from 3am to 6pm on Oct 24",https://news.tirumala.org/about-60864-pilgrims-had-srivari-darshan-from-3am-to-6pm-on-oct-24/
2015-10-26,55519,23044,2015-10-26 18:18:59,month_day_year_inferred@title,,and waiting hours detail by 6pm. Sarva Darshan (Free darshan) 22 Compartments / 11 hours;,"About 55,519 pilgrims had Srivari Darshan from 3am to 6pm on Oct 26",https://news.tirumala.org/sarva-darshan-free-darshan-22-compartments-11-hours-divya-darshan-footpath-darshan-12-compartments-7-hours-and-special-entry-darsha-rs-300-closed/
2015-10-27,47852,23076,2015-10-27 18:23:35,month_day_year_inferred@title,,and waiting hours detail by 6pm. Sarva Darshan (Free darshan) 14 Compartments / 8 hours; D,"About 47,852 pilgrims had Srivari Darshan from 3am to 6pm on Oct 27",https://news.tirumala.org/sarva-darshan-free-darshan-14-compartments-8-hours-divya-darshan-footpath-darshan-8-compartments-3-hours-and-special-entry-darsha-rs-300-closed/
2015-10-28,35421,23103,2015-10-28 19:02:42,month_day_year_inferred@title,,and waiting hours detail by 6pm. Sarva Darshan (Free darshan) 11 Compartments / 8 hours; D,"About 35,421 pilgrims had Srivari Darshan from 3am to 6pm on Oct 28",https://news.tirumala.org/sarva-darshan-free-darshan-11-compartments-8-hours-divya-darshan-footpath-darshan-direct-line-and-special-entry-darsha-rs-300-closed/
2015-10-29,38554,23126,2015-10-29 18:45:44,month_day_year_inferred@title,,and waiting hours detail by 6pm. Sarva Darshan (Free darshan) 8 Compartments / 5 hours; Di,"About 38,554 pilgrims had Srivari Darshan from 3am to 6pm on Oct 29",https://news.tirumala.org/about-38554-pilgrims-had-srivari-darshan-from-3am-to-6pm-on-oct-29/
2015-10-30,38055,23154,2015-10-30 18:40:20,month_day_year_inferred@title,,and waiting hours detail by 6pm. Sarva Darshan (Free darshan) 13 Compartments / 5 hours; D,"About 38,055 pilgrims had Srivari Darshan from 3am to 6pm on Oct 30",https://news.tirumala.org/sarva-darshan-free-darshan-13-compartments-5-hours-divya-darshan-footpath-darshan-5-compartments-3-hours-and-special-entry-darsha-rs-300-closed/
2015-10-31,51874,23188,2015-10-31 20:06:25,month_day_year_inferred@title,,and waiting hours detail by 6pm. Sarva Darshan (Free darshan) 13 Compartments / 8 hours; D,"About 51,874 pilgrims had Srivari Darshan from 3am to 6pm on Oct 31",https://news.tirumala.org/sarva-darshan-free-darshan-13-compartments-8-hours-divya-darshan-footpath-darshan-14-compartments-6-hours-and-special-entry-darsha-rs-300-closed/
2015-11-01,50691,23228,2015-11-01 20:18:56,month_day_year_inferred@title,,and waiting hours detail by 6pm. Sarva Darshan (Free darshan) 12 Compartments / 4 hours; D,"About 50,691 pilgrims had Srivari Darshan from 3am to 6pm on Nov 1",https://news.tirumala.org/sarva-darshan-free-darshan-12-compartments-4-hours-divya-darshan-footpath-darshan-direct-line-and-special-entry-darsha-rs-300-closed/
2015-11-02,42598,23319,2015-11-02 21:51:06,month_day_year_inferred@title,,and waiting hours detail by 6pm. Sarva Darshan (Free darshan) Direct Line; Divya Darshan (,"About 42,598 pilgrims had Srivari Darshan from 3am to 6pm on Nov 2",https://news.tirumala.org/sarva-darshan-free-darshan-direct-line-divya-darshan-footpath-darshan-direct-line-and-special-entry-darsha-rs-300-closed-11/
2015-11-03,44423,23390,2015-11-03 18:48:08,month_day_year_inferred@title,,and waiting hours detail by 6pm. Sarva Darshan (Free darshan) Direct Line; Divya Darshan (,"About 44,423 pilgrims had Srivari Darshan from 3am to 6pm on Nov 3",https://news.tirumala.org/sarva-darshan-free-darshan-direct-line-divya-darshan-footpath-darshan-direct-line-and-special-entry-darsha-rs-300-closed-12/
2015-11-04,33802,23402,2015-11-04 19:09:22,month_day_year_inferred@title,,and waiting hours detail by 6pm. Sarva Darshan (Free darshan) Direct Line; Divya Darshan (,"About 33,802 pilgrims had Srivari Darshan from 3am to 6pm on Nov 4",https://news.tirumala.org/sarva-darshan-free-darshan-direct-line-divya-darshan-footpath-darshan-direct-line-and-special-entry-darsha-rs-300-closed-13/
2015-11-05,36521,23485,2015-11-05 19:08:22,month_day_year_inferred@title,,and waiting hours detail by 6pm. Sarva Darshan (Free darshan) 2 Compartments / 2 hours; Di,"About 36,521 pilgrims had Srivari Darshan from 3am to 6pm on Nov 5",https://news.tirumala.org/sarva-darshan-free-darshan-2-compartments-2-hours-divya-darshan-footpath-darshan-1-compartment-2-hours-and-special-entry-darsha-rs-300-closed/
2015-11-06,35879,23536,2015-11-06 18:31:04,month_day_year_inferred@title,,and waiting hours detail by 6pm. Sarva Darshan (Free darshan) 9 Compartments / 3 hours; Di,"About 35,879 pilgrims had Srivari Darshan from 3am to 6pm on Nov 6",https://news.tirumala.org/sarva-darshan-free-darshan-9-compartments-3-hours-divya-darshan-footpath-darshan-2-compartment-1-hours-and-special-entry-darsha-rs-300-closed/
2015-11-07,49550,23628,2015-11-07 19:37:03,month_day_year_inferred@title,,and waiting hours detail by 6pm. Sarva Darshan (Free darshan) 12 Compartments / 6 hours; D,"About 49,550 pilgrims had Srivari Darshan from 3am to 6pm on Nov 7",https://news.tirumala.org/sarva-darshan-free-darshan-12-compartments-6-hours-divya-darshan-footpath-darshan-6-compartment-4-hours-and-special-entry-darsha-rs-300-closed/
2015-11-08,43683,23691,2015-11-08 18:09:30,month_day_year_inferred@title,,and waiting hours detail by 6pm. Sarva Darshan (Free darshan) 9 Compartments / 4 hours; Di,"About 43,683 pilgrims had Srivari Darshan from 3am to 6pm on Nov 8",https://news.tirumala.org/sarva-darshan-free-darshan-9-compartments-4-hours-divya-darshan-footpath-darshan-4-compartment-3-hours-and-special-entry-darsha-rs-300-closed/
2015-11-09,35234,23709,2015-11-09 21:38:17,month_day_year_inferred@title,,and waiting hours detail by 6pm. Sarva Darshan (Free darshan) 10 Compartments / 5 hours; D,"About 35,234 pilgrims had Srivari Darshan from 3am to 6pm on Nov 9",https://news.tirumala.org/sarva-darshan-free-darshan-10-compartments-5-hours-divya-darshan-footpath-darshan-2-compartment-2-hours-and-special-entry-darsha-rs-300-closed/
2015-11-10,39935,23779,2015-11-10 19:11:52,month_day_year_inferred@title,,and waiting hours detail by 6pm. Sarva Darshan (Free darshan) 15 Compartments / 6 hours; D,"About 39,935 pilgrims had Srivari Darshan from 3am to 6pm on Nov 10",https://news.tirumala.org/sarva-darshan-free-darshan-15-compartments-6-hours-divya-darshan-footpath-darshan-5-compartment-3-hours-and-special-entry-darsha-rs-300-closed/
2015-11-11,36930,23798,2015-11-11 18:32:59,month_day_year_inferred@title,,and waiting hours detail by 6pm. Sarva Darshan (Free darshan) Direct Line; Divya Darshan (,"About 36,930 pilgrims had Srivari Darshan from 3am to 6pm on Nov 11",https://news.tirumala.org/about-36930-pilgrims-had-srivari-darshan-from-3am-to-6pm-on-nov-11/
2015-11-12,39423,23816,2015-11-12 18:42:24,month_day_year_inferred@title,,and waiting hours detail by 6pm. Sarva Darshan (Free darshan) 16 Compartments / 6 hours; D,"About 39,423 pilgrims had Srivari Darshan from 3am to 6pm on Nov 12",https://news.tirumala.org/sarva-darshan-free-darshan-16-compartments-6-hours-divya-darshan-footpath-darshan-4-compartments-3-hours-and-special-entry-darsha-rs-300-closed/
2015-11-13,40548,23867,2015-11-13 18:31:45,month_day_year_inferred@title,,and waiting hours detail by 6pm. Sarva Darshan (Free darshan) 25 Compartments / 10 hours;,"About 40,548 pilgrims had Srivari Darshan from 3am to 6pm on Nov 13",https://news.tirumala.org/sarva-darshan-free-darshan-25-compartments-10-hours-divya-darshan-footpath-darshan-6-compartments-4-hours-and-special-entry-darsha-rs-300-closed/
2015-11-14,51193,23892,2015-11-14 20:03:54,month_day_year_inferred@body,,and waiting hours detail by 6pm. Sarva Darshan (Free darshan) 29 Compartments / 9 hours; D,"About 51,193 pilgrims had Srivari Darshan from 3am to 6pm on Nov 13",https://news.tirumala.org/sarva-darshan-free-darshan-29-compartments-9-hours-divya-darshan-footpath-darshan-12-compartments-6-hours-and-special-entry-darsha-rs-300-closed/
2015-11-15,51193,23911,2015-11-15 20:55:38,month_day_year_inferred@title,,and waiting hours detail by 6pm. Sarva Darshan (Free darshan) 24 Compartments / 10 hours;,"About 51,193 pilgrims had Srivari Darshan from 3am to 6pm on Nov 15",https://news.tirumala.org/sarva-darshan-free-darshan-24-compartments-10-hours-divya-darshan-footpath-darshan-9-compartments-6-hours-and-special-entry-darsha-rs-300-closed/
2015-11-16,43580,23954,2015-11-16 18:47:00,month_day_year_inferred@title,,and waiting hours detail by 6pm. Sarva Darshan (Free darshan) 3 Compartments / 3 hours; Di,"About 43,580 pilgrims had Srivari Darshan from 3am to 6pm on Nov 16",https://news.tirumala.org/sarva-darshan-free-darshan-3-compartments-3-hours-divya-darshan-footpath-darshan-direct-line-and-special-entry-darsha-rs-300-closed/
2015-11-17,25677,23981,2015-11-17 20:58:41,month_day_year_inferred@title,,and waiting hours detail by 6pm. Sarva Darshan (Free darshan) Direct Line; Divya Darshan (,"About 25,677 pilgrims had Srivari Darshan from 3am to 6pm on Nov 17",https://news.tirumala.org/sarva-darshan-free-darshan-direct-line-divya-darshan-footpath-darshan-direct-line-and-special-entry-darsha-rs-300-closed-14/
2015-11-18,33498,24057,2015-11-18 22:58:33,month_day_year_inferred@title,,and waiting hours detail by 6pm. Sarva Darshan (Free darshan) Direct Line; Divya Darshan (,"About 33,498 pilgrims had Srivari Darshan from 3am to 6pm on Nov 18",https://news.tirumala.org/sarva-darshan-free-darshan-direct-line-divya-darshan-footpath-darshan-direct-line-and-special-entry-darsha-rs-300-closed-15/
2015-11-19,31865,24087,2015-11-19 18:14:00,month_day_year_inferred@title,,and waiting hours detail by 6pm. Sarva Darshan (Free darshan) Direct Line; Divya Darshan (,"About 31,865 pilgrims had Srivari Darshan from 3am to 6pm on Nov 19",https://news.tirumala.org/sarva-darshan-free-darshan-direct-line-divya-darshan-footpath-darshan-direct-line-and-special-entry-darsha-rs-300-closed-16/
2015-11-20,35034,24119,2015-11-20 19:09:54,month_day_year_inferred@title,,and waiting hours detail by 6pm. Sarva Darshan (Free darshan) Direct Line; Divya Darshan (,"About 35,034 pilgrims had Srivari Darshan from 3am to 6pm on Nov 20",https://news.tirumala.org/sarva-darshan-free-darshan-direct-line-divya-darshan-footpath-darshan-direct-line-and-special-entry-darsha-rs-300-closed-17/
2015-11-21,44797,24162,2015-11-21 20:12:52,month_day_year_inferred@title,,and waiting hours detail by 6pm. Sarva Darshan (Free darshan) Direct Line; Divya Darshan (,"About 44,797 pilgrims had Srivari Darshan from 3am to 6pm on Nov 21",https://news.tirumala.org/sarva-darshan-free-darshan-direct-line-divya-darshan-footpath-darshan-direct-line-and-special-entry-darsha-rs-300-closed-18/
2015-11-23,39292,24205,2015-11-23 18:10:42,month_day_year_inferred@title,,and waiting hours detail by 6pm. Sarva Darshan (Free darshan) Direct Line; Divya Darshan (,"About 39,292 pilgrims had Srivari Darshan from 3am to 6pm on Nov 23",https://news.tirumala.org/sarva-darshan-free-darshan-direct-line-divya-darshan-footpath-darshan-direct-line-and-special-entry-darsha-rs-300-closed-19/
2015-11-24,37546,24235,2015-11-24 18:39:45,month_day_year_inferred@title,,and waiting hours detail by 6pm. Sarva Darshan (Free darshan) Direct Line; Divya Darshan (,"About 37,546 pilgrims had Srivari Darshan from 3am to 6pm on Nov 24",https://news.tirumala.org/sarva-darshan-free-darshan-direct-line-divya-darshan-footpath-darshan-direct-line-and-special-entry-darsha-rs-300-closed-20/
2015-11-25,28263,24295,2015-11-25 18:45:48,month_day_year_inferred@title,,and waiting hours detail by 6pm. Sarva Darshan (Free darshan) 10 Compartments / 4 hours; D,"About 28,263 pilgrims had Srivari Darshan from 3am to 6pm on Nov 25",https://news.tirumala.org/sarva-darshan-free-darshan-10-compartments-4-hours-divya-darshan-footpath-darshan-4-compartments-2-hours-and-special-entry-darsha-rs-300-closed-2/
2015-11-26,35568,24321,2015-11-26 18:19:59,month_day_year_inferred@title,,and waiting hours detail by 6pm. Sarva Darshan (Free darshan) Direct Line; Divya Darshan (,"About 35,568 pilgrims had Srivari Darshan from 3am to 6pm on Nov 26",https://news.tirumala.org/sarva-darshan-free-darshan-direct-line-divya-darshan-footpath-darshan-direct-line-and-special-entry-darsha-rs-300-closed-21/
2015-11-27,35568,24351,2015-11-27 18:33:27,month_day_year_inferred@title,,and waiting hours detail by 6pm. Sarva Darshan (Free darshan) 11 Compartments / 6 hours; D,"About 35,568 pilgrims had Srivari Darshan from 3am to 6pm on Nov 27",https://news.tirumala.org/sarva-darshan-free-darshan-11-compartments-6-hours-divya-darshan-footpath-darshan-2-compartments-2-hours-and-special-entry-darsha-rs-300-closed/
2015-11-28,44814,24387,2015-11-28 18:51:05,month_day_year_inferred@title,,and waiting hours detail by 6pm. Sarva Darshan (Free darshan) 15 Compartments / 6 hours; D,"About 44,814 pilgrims had Srivari Darshan from 3am to 6pm on Nov 28",https://news.tirumala.org/sarva-darshan-free-darshan-15-compartments-6-hours-divya-darshan-footpath-darshan-9-compartments-4-hours-and-special-entry-darsha-rs-300-closed/
2015-11-29,45354,24426,2015-11-29 20:04:54,month_day_year_inferred@title,,and waiting hours detail by 6pm. Sarva Darshan (Free darshan) 9 Compartments / 4 hours; Di,"About 45,354 pilgrims had Srivari Darshan from 3am to 6pm on Nov 29",https://news.tirumala.org/sarva-darshan-free-darshan-9-compartments-4-hours-divya-darshan-footpath-darshan-2-compartments-3-hours-and-special-entry-darsha-rs-300-closed/
2015-11-30,40977,24441,2015-11-30 18:25:04,month_day_year_inferred@title,,and waiting hours detail by 6pm. Sarva Darshan (Free darshan) Direct Line; Divya Darshan (,"About 40,977 pilgrims had Srivari Darshan from 3am to 6pm on Nov 30",https://news.tirumala.org/sarva-darshan-free-darshan-direct-line-divya-darshan-footpath-darshan-direct-line-and-special-entry-darsha-rs-300-closed-22/
2015-12-01,33137,24499,2015-12-01 18:35:42,month_day_year_inferred@title,,and waiting hours detail by 6pm. Sarva Darshan (Free darshan) Direct Line; Divya Darshan (,"About 33,137 pilgrims had Srivari Darshan from 3am to 6pm on Dec 1",https://news.tirumala.org/sarva-darshan-free-darshan-direct-line-divya-darshan-footpath-darshan-direct-line-and-special-entry-darsha-rs-300-closed-23/
2015-12-02,37182,24546,2015-12-02 20:00:53,month_day_year_inferred@title,,and waiting hours detail by 6pm. Sarva Darshan (Free darshan) Direct Line; Divya Darshan (,"About 37,182 pilgrims had Srivari Darshan from 3am to 6pm on Dec 2",https://news.tirumala.org/sarva-darshan-free-darshan-direct-line-divya-darshan-footpath-darshan-direct-line-and-special-entry-darsha-rs-300-closed-24/
2015-12-03,31871,24553,2015-12-03 18:27:16,month_day_year_inferred@title,,and waiting hours detail by 6pm. Sarva Darshan (Free darshan) 4 Compartments / 1 hour ; Di,"About 31,871 pilgrims had Srivari Darshan from 3am to 6pm on Dec 3",https://news.tirumala.org/arva-darshan-free-darshan-4-compartments-1-hour-divya-darshan-footpath-darshan-2-compartments-1-hour-and-special-entry-darshan-rs-300-closed/
2015-12-04,31200,24577,2015-12-04 18:48:31,month_day_year_inferred@title,,and waiting hours detail by 6pm. Sarva Darshan (Free darshan) Direct Line ; Divya Darshan,"About 31,200 pilgrims had Srivari Darshan from 3am to 6pm on Dec 4",https://news.tirumala.org/sarva-darshan-free-darshan-direct-line-divya-darshan-footpath-darshan-direct-line-and-special-entry-darshan-rs-300-closed-6/
2015-12-05,38773,24592,2015-12-05 18:27:41,month_day_year_inferred@title,,and waiting hours detail by 6pm. Sarva Darshan (Free darshan) 13 Compartments / 5 hours ;,"About 38,773 pilgrims had Srivari Darshan from 3am to 6pm on Dec 5",https://news.tirumala.org/sarva-darshan-free-darshan-13-compartments-5-hours-divya-darshan-footpath-darshan-4-compartments-3-hours-and-special-entry-darshan-rs-300-closed/
2015-12-06,48028,24633,2015-12-06 18:20:25,month_day_year_inferred@title,,and waiting hours detail by 6pm. Sarva Darshan (Free darshan) Direct Line ; Divya Darshan,"About 48,028 pilgrims had Srivari Darshan from 3am to 6pm on Dec 6",https://news.tirumala.org/sarva-darshan-free-darshan-direct-line-divya-darshan-footpath-darshan-direct-line-and-special-entry-darshan-rs-300-closed-7/
2015-12-07,43169,24689,2015-12-07 19:06:04,month_day_year_inferred@title,,and waiting hours detail by 6pm. Sarva Darshan (Free darshan) Direct Line ; Divya Darshan,"About 43,169 pilgrims had Srivari Darshan from 3am to 6pm on Dec 7",https://news.tirumala.org/sarva-darshan-free-darshan-direct-line-divya-darshan-footpath-darshan-direct-line-and-special-entry-darshan-rs-300-closed-8/
2015-12-08,40207,24754,2015-12-08 20:20:12,month_day_year_inferred@title,,and waiting hours detail by 6pm. Sarva Darshan (Free darshan) Direct Line ; Divya Darshan,"About 40,207 pilgrims had Srivari Darshan from 3am to 6pm on Dec 8",https://news.tirumala.org/sarva-darshan-free-darshan-direct-line-divya-darshan-footpath-darshan-direct-line-and-special-entry-darshan-rs-300-closed-9/
2015-12-09,38261,24858,2015-12-09 18:45:03,month_day_year_inferred@title,,and waiting hours detail by 6pm. Sarva Darshan (Free darshan) 4 Compartments / 3 hours ; D,"About 38,261 pilgrims had Srivari Darshan from 3am to 6pm on Dec 9",https://news.tirumala.org/sarva-darshan-free-darshan-4-compartments-3-hours-divya-darshan-footpath-darshan-direct-line-and-special-entry-darshan-rs-300-closed/
2015-12-10,38044,24924,2015-12-10 18:25:46,month_day_year_inferred@title,,and waiting hours detail by 6pm. Sarva Darshan (Free darshan) 4 Compartments / 3 hours ; D,"About 38,044 pilgrims had Srivari Darshan from 3am to 6pm on Dec 10",https://news.tirumala.org/sarva-darshan-free-darshan-4-compartments-3-hours-divya-darshan-footpath-darshan-2-compartments-1-hour-and-special-entry-darshan-rs-300-closed/
2015-12-11,34947,25011,2015-12-11 18:23:40,month_day_year_inferred@title,,and waiting hours detail by 6pm. Sarva Darshan (Free darshan) 12 Compartments / 5 hours ;,"About 34,947 pilgrims had Srivari Darshan from 3am to 6pm on Dec 11",https://news.tirumala.org/sarva-darshan-free-darshan-12-compartments-5-hours-divya-darshan-footpath-darshan-2-compartments-2-hour-and-special-entry-darshan-rs-300-closed/
2015-12-12,52048,25092,2015-12-12 18:32:49,month_day_year_inferred@title,,and waiting hours detail by 6pm. Sarva Darshan (Free darshan) 18 Compartments / 6 hours ;,"About 52,048 pilgrims had Srivari Darshan from 3am to 6pm on Dec 12",https://news.tirumala.org/sarva-darshan-free-darshan-18-compartments-6-hours-divya-darshan-footpath-darshan-10-compartments-5-hour-and-special-entry-darshan-rs-300-closed/
2015-12-13,51304,25163,2015-12-13 19:16:01,month_day_year_inferred@title,,and waiting hours detail by 6pm. Sarva Darshan (Free darshan) 16 Compartments / 6 hours ;,"About 51,304 pilgrims had Srivari Darshan from 3am to 6pm on Dec 13",https://news.tirumala.org/sarva-darshan-free-darshan-16-compartments-6-hours-divya-darshan-footpath-darshan-10-compartments-4-hour-and-special-entry-darshan-rs-300-closed/
2015-12-14,47940,25247,2015-12-14 18:29:17,month_day_year_inferred@title,,and waiting hours detail by 6pm. Sarva Darshan (Free darshan) 10 Compartments / 4 hours ;,"About 47,940 pilgrims had Srivari Darshan from 3am to 6pm on Dec 14",https://news.tirumala.org/sarva-darshan-free-darshan-10-compartments-4-hours-divya-darshan-footpath-darshan-5-compartments-3-hour-and-special-entry-darshan-rs-300-closed/
2015-12-15,37947,25323,2015-12-15 18:36:01,month_day_year_inferred@title,,and waiting hours detail by 6pm. Sarva Darshan (Free darshan) 23 Compartments / 5 hours ;,"About 37,947 pilgrims had Srivari Darshan from 3am to 6pm on Dec 15",https://news.tirumala.org/sarva-darshan-free-darshan-23-compartments-5-hours-divya-darshan-footpath-darshan-8-compartments-4-hour-and-special-entry-darshan-rs-300-closed/
2015-12-16,38551,25392,2015-12-16 19:21:31,month_day_year_inferred@title,,and waiting hours detail by 6pm. Sarva Darshan (Free darshan) 17 Compartments / 10 hours ;,"About 38,551 pilgrims had Srivari Darshan from 3am to 6pm on Dec 16",https://news.tirumala.org/sarva-darshan-free-darshan-17-compartments-10-hours-divya-darshan-footpath-darshan-6-compartments-4-hour-and-special-entry-darshan-rs-300-closed/
2015-12-17,49554,25422,2015-12-17 18:30:19,month_day_year_inferred@title,,and waiting hours detail by 6pm. Sarva Darshan (Free darshan) 21 Compartments / 8 hours ;,"About 49,554 pilgrims had Srivari Darshan from 3am to 6pm on Dec 17",https://news.tirumala.org/sarva-darshan-free-darshan-21-compartments-8-hours-divya-darshan-footpath-darshan-4-compartments-4-hour-and-special-entry-darshan-rs-300-closed/
2015-12-18,36670,25474,2015-12-18 20:07:00,month_day_year_inferred@title,,and waiting hours detail by 6pm. Sarva Darshan (Free darshan) 20 Compartments / 8 hours ;,"About 36,670 pilgrims had Srivari Darshan from 3am to 6pm on Dec 18",https://news.tirumala.org/sarva-darshan-free-darshan-20-compartments-8-hours-divya-darshan-footpath-darshan-6-compartments-3-hour-and-special-entry-darshan-rs-300-closed/
2015-12-19,52196,25486,2015-12-19 18:38:16,month_day_year_inferred@title,,and waiting hours detail by 6pm. Sarva Darshan (Free darshan) 22 Compartments / 8 hours ;,"About 52,196 pilgrims had Srivari Darshan from 3am to 6pm on Dec 19",https://news.tirumala.org/sarva-darshan-free-darshan-22-compartments-8-hours-divya-darshan-footpath-darshan-and-special-entry-darshan-rs-300-closed/
2015-12-20,45482,25541,2015-12-20 20:00:07,month_day_year_inferred@title,,and waiting hours detail by 6pm. Sarva Darshan (Free darshan) Direct Line ; Divya Darshan,"About 45,482 pilgrims had Srivari Darshan from 3am to 7pm on Dec 20",https://news.tirumala.org/sarva-darshan-free-darshan-direct-line-divya-darshan-footpath-darshan-and-special-entry-darshan-rs-300-closed/
2015-12-21,58947,25617,2015-12-21 22:06:20,month_day_year_inferred@title,,and waiting hours detail by 6pm. Sarva Darshan (Free darshan) Direct Line ; Divya Darshan,"About 58,947 pilgrims had Srivari Darshan from 3am to 6pm on Dec 21",https://news.tirumala.org/about-58947-pilgrims-had-srivari-darshan-from-3am-to-6pm-on-dec-21/
2015-12-22,54748,25659,2015-12-22 21:30:20,month_day_year_inferred@title,,and waiting hours detail by 6pm. Sarva Darshan (Free darshan) 24 Compartments / 12 hours ;,"About 54,748 pilgrims had Srivari Darshan from 3am to 7pm on Dec 22",https://news.tirumala.org/sarva-darshan-free-darshan-24-compartments-12-hours-divya-darshan-footpath-darshan-and-special-entry-darshan-rs-300-closed/
2015-12-23,40495,25701,2015-12-23 20:05:47,month_day_year_inferred@title,,and waiting hours detail by 6pm. Sarva Darshan (Free darshan) 15 Compartments / 6 hours ;,"About 40,495 pilgrims had Srivari Darshan from 3am to 7pm on Dec 23",https://news.tirumala.org/sarva-darshan-free-darshan-15-compartments-6-hours-divya-darshan-footpath-darshan-4-compartments-3-hours-and-special-entry-darshan-rs-300-closed/
2015-12-24,45822,25738,2015-12-24 19:14:16,month_day_year_inferred@title,,and waiting hours detail by 6pm. Sarva Darshan (Free darshan) 31 Compartments / 10 hours ;,"About 45,822 pilgrims had Srivari Darshan from 3am to 7pm on Dec 24",https://news.tirumala.org/sarva-darshan-free-darshan-31-compartments-10-hours-divya-darshan-footpath-darshan-14-compartments-7-hours-and-special-entry-darshan-rs-300-closed/
2015-12-25,40380,25784,2015-12-25 20:03:25,month_day_year_inferred@title,,and waiting hours detail by 6pm. Sarva Darshan (Free darshan) 31 Compartments / 18 hours ;,"About 40,380 pilgrims had Srivari Darshan from 3am to 7pm on Dec 25",https://news.tirumala.org/sarva-darshan-free-darshan-31-compartments-18-hours-divya-darshan-footpath-darshan-16-compartments-10-hours-and-special-entry-darshan-rs-300-closed/
2015-12-27,35139,25854,2015-12-27 13:32:13,month_day_year_inferred@title,,and waiting hours detail by 12noon. Sarva Darshan (Free darshan) 28 Compartments / 8 hours,"About 35,139 pilgrims had Srivari Darshan from 5am to 12noon on Dec 27",https://news.tirumala.org/sarva-darshan-free-darshan-28-compartments-8-hours-divya-darshan-footpath-darshan-14-compartments-5-hours/
2015-12-27,65354,25858,2015-12-27 22:10:40,month_day_year_inferred@title,,and waiting hours detail by 6pm. Sarva Darshan (Free darshan) 31 compartments / 10 hours ;,"About 65,354 pilgrims had Srivari Darshan from 3am to 6pm on Dec 27",https://news.tirumala.org/sarva-darshan-free-darshan-31-compartments-10-hours-divya-darshan-footpath-darshan-12-compartments-6-hours-and-special-entry-darshan-rs-300-closed/
2015-12-28,54614,25870,2015-12-28 19:36:26,month_day_year_inferred@title,,and waiting hours detail by 6pm. Sarva Darshan (Free darshan) 18 compartments / 6 hours ;,"About 54,614 pilgrims had Srivari Darshan from 3am to 6pm on Dec 28",https://news.tirumala.org/sarva-darshan-free-darshan-18-compartments-6-hours-divya-darshan-footpath-darshan-4-compartments-3-hours-and-special-entry-darshan-rs-300-closed/
2015-12-29,47349,25896,2015-12-29 18:26:55,month_day_year_inferred@title,,and waiting hours detail by 6pm. Sarva Darshan (Free darshan) 19 compartments / 6 hours ;,"About 47,349 pilgrims had Srivari Darshan from 3am to 6pm on Dec 29",https://news.tirumala.org/sarva-darshan-free-darshan-19-compartments-6-hours-divya-darshan-footpath-darshan-6-compartments-4-hours-and-special-entry-darshan-rs-300-closed/
2015-12-30,46047,25939,2015-12-30 23:31:43,month_day_year_inferred@title,,and waiting hours detail by 6pm. Sarva Darshan (Free darshan) 12 compartments / 5 hours ;,"About 46,047 pilgrims had Srivari Darshan from 3am to 6pm on Dec 30",https://news.tirumala.org/sarva-darshan-free-darshan-12-compartments-5-hours-divya-darshan-footpath-darshan-direct-line-and-special-entry-darshan-rs-300-closed/
2015-12-31,44042,25943,2015-12-31 18:58:07,month_day_year_inferred@title,,and waiting hours detail by 6pm. Sarva Darshan (Free darshan) 8 compartments / 2 hours ; D,"About 44,042 pilgrims had Srivari Darshan from 3am to 6pm on Dec 31",https://news.tirumala.org/about-44042-pilgrims-had-srivari-darshan-from-3am-to-6pm-on-dec-31/
2016-01-03,52130,26033,2016-01-03 22:14:06,month_day_year_inferred@title,,and waiting hours detail by 6pm. Sarva Darshan (Free darshan) 7 Compartments / 3 hours ; D,"About 52,130 pilgrims had Srivari Darshan from 3am to 6pm on Jan 3",https://news.tirumala.org/sarva-darshan-free-darshan-7-compartments-3-hours-divya-darshan-footpath-darshan-direct-line-and-special-entry-darshan-rs-300-closed/
2016-01-04,46213,26040,2016-01-04 18:47:52,month_day_year_inferred@title,,and waiting hours detail by 6pm. Sarva Darshan (Free darshan) Direct Line ; Divya Darshan,"About 46,213 pilgrims had Srivari Darshan from 3am to 6pm on Jan 4",https://news.tirumala.org/sarva-darshan-free-darshan-direct-line-divya-darshan-footpath-darshan-direct-line-and-special-entry-darshan-rs-300-closed-11/
2016-01-05,45270,26077,2016-01-05 18:42:59,month_day_year_inferred@title,,and waiting hours detail by 6pm. Sarva Darshan (Free darshan) 4 Compartments / 3 hours ; D,"About 45,270 pilgrims had Srivari Darshan from 3am to 6pm on Jan 5",https://news.tirumala.org/sarva-darshan-free-darshan-4-compartments-3-hours-divya-darshan-footpath-darshan-direct-line-and-special-entry-darshan-rs-300-closed-2/
2016-01-06,39319,26100,2016-01-06 18:47:20,month_day_year_inferred@title,,and waiting hours detail by 6pm. Sarva Darshan (Free darshan) 6 Compartments / 4 hours ; D,"About 39,319 pilgrims had Srivari Darshan from 3am to 6pm on Jan 6",https://news.tirumala.org/sarva-darshan-free-darshan-6-compartments-4-hours-divya-darshan-footpath-darshan-direct-line-and-special-entry-darshan-rs-300-closed-2/
2016-01-07,43149,26136,2016-01-07 20:12:11,month_day_year_inferred@title,,and waiting hours detail by 6pm. Sarva Darshan (Free darshan) 5 Compartments / 3 hours ; D,"About 43,149 pilgrims had Srivari Darshan from 3am to 6pm on Jan 7",https://news.tirumala.org/sarva-darshan-free-darshan-5-compartments-3-hours-divya-darshan-footpath-darshan-2-compartments-2-hours-and-special-entry-darshan-rs-300-closed/
2016-01-08,37918,26176,2016-01-08 19:14:51,month_day_year_inferred@title,,and waiting hours detail by 6pm. Sarva Darshan (Free darshan) 9 Compartments / 6 hours ; D,"About 37,918 pilgrims had Srivari Darshan from 3am to 6pm on Jan 8",https://news.tirumala.org/sarva-darshan-free-darshan-9-compartments-6-hours-divya-darshan-footpath-darshan-4-compartments-4-hours-and-special-entry-darshan-rs-300-closed/
2016-01-09,51571,26190,2016-01-09 18:11:50,month_day_year_inferred@title,,and waiting hours detail by 6pm. Sarva Darshan (Free darshan) 11 Compartments / 6 hours ;,"About 51,571 pilgrims had Srivari Darshan from 3am to 6pm on Jan 9",https://news.tirumala.org/sarva-darshan-free-darshan-11-compartments-6-hours-divya-darshan-footpath-darshan-8-compartments-3-hours-and-special-entry-darshan-rs-300-closed/
2016-01-10,52022,26201,2016-01-10 18:16:41,month_day_year_inferred@title,,and waiting hours detail by 6pm. Sarva Darshan (Free darshan) 7 Compartments / 4 hours ; D,"About 52,022 pilgrims had Srivari Darshan from 3am to 6pm on Jan 10",https://news.tirumala.org/about-52022-pilgrims-had-srivari-darshan-from-3am-to-6pm-on-jan-10/
2016-01-11,45525,26226,2016-01-11 19:07:29,month_day_year_inferred@title,,and waiting hours detail by 6pm. Sarva Darshan (Free darshan) Direct Line ; Divya Darshan,"About 45,525 pilgrims had Srivari Darshan from 3am to 6pm on Jan 11",https://news.tirumala.org/sarva-darshan-free-darshan-direct-line-divya-darshan-footpath-darshan-direct-line-and-special-entry-darshan-rs-300-closed-12/
2016-01-12,40781,26260,2016-01-12 18:12:06,month_day_year_inferred@title,,and waiting hours detail by 6pm. Sarva Darshan (Free darshan) 6 compartments / 4 hours ; D,"About 40,781 pilgrims had Srivari Darshan from 3am to 6pm on Jan 12",https://news.tirumala.org/sarva-darshan-free-darshan-6-compartments-4-hours-divya-darshan-footpath-darshan-2-compartments-2-hours-and-special-entry-darshan-rs-300-closed-2/
2016-01-13,37419,26302,2016-01-13 18:28:13,month_day_year_inferred@title,,and waiting hours detail by 6pm. Sarva Darshan (Free darshan) Direct Line ; Divya Darshan,"About 37,419 pilgrims had Srivari Darshan from 3am to 6pm on Jan 13",https://news.tirumala.org/sarva-darshan-free-darshan-direct-line-divya-darshan-footpath-darshan-direct-line-and-special-entry-darshan-rs-300-closed-13/
2016-01-15,42558,26323,2016-01-15 19:00:17,month_day_year_inferred@title,13,and waiting hours detail by 6pm. Sarva Darshan (Free darshan) Line Outside / 13 hours ; Di,"About 42,558 pilgrims had Srivari Darshan from 3am to 6pm on Jan 15",https://news.tirumala.org/about-42558-pilgrims-had-srivari-darshan-from-3am-to-6pm-on-jan-15/
2016-01-16,57831,26327,2016-01-16 19:02:42,month_day_year_inferred@title,,and waiting hours detail by 6pm. Sarva Darshan (Free darshan) 31 Compartments / 10 hours ;,"About 57,831 pilgrims had Srivari Darshan from 3am to 6pm on Jan 16",https://news.tirumala.org/about-57831-pilgrims-had-srivari-darshan-from-3am-to-6pm-on-jan-16/
2016-01-17,62668,26331,2016-01-17 19:05:38,month_day_year_inferred@title,,and waiting hours detail by 6pm. Sarva Darshan (Free darshan) 19 Compartments / 10 hours ;,"About 62,668 pilgrims had Srivari Darshan from 3am to 6pm on Jan 17",https://news.tirumala.org/about-62668-pilgrims-had-srivari-darshan-from-3am-to-6pm-on-jan-17/
2016-01-18,51383,26401,2016-01-18 19:10:33,month_day_year_inferred@title,,and waiting hours detail by 6pm. Sarva Darshan (Free darshan) Direct Line ; Divya Darshan,"About 51,383 pilgrims had Srivari Darshan from 3am to 6pm on Jan 18",https://news.tirumala.org/sarva-darshan-free-darshan-direct-line-divya-darshan-footpath-darshan-direct-line-and-special-entry-darshan-rs-300-closed-14/
2016-01-19,52983,26410,2016-01-19 18:24:40,month_day_year_inferred@title,,and waiting hours detail by 6pm. Sarva Darshan (Free darshan) Direct Line ; Divya Darshan,"About 52,983 pilgrims had Srivari Darshan from 3am to 6pm on Jan 19",https://news.tirumala.org/sarva-darshan-free-darshan-direct-line-divya-darshan-footpath-darshan-direct-line-and-special-entry-darshan-rs-300-closed-15/
2016-01-20,38912,26430,2016-01-20 18:46:06,month_day_year_inferred@title,,and waiting hours detail by 6pm. Sarva Darshan (Free darshan) 9 Compartments / 4 hours ; D,"About 38,912 pilgrims had Srivari Darshan from 3am to 6pm on Jan 20",https://news.tirumala.org/sarva-darshan-free-darshan-9-compartments-4-hours-divya-darshan-footpath-darshan-4-compartments-3-hours-and-special-entry-darshan-rs-300-closed/
2016-01-21,37780,26445,2016-01-21 18:22:31,month_day_year_inferred@title,,and waiting hours detail by 6pm. Sarva Darshan (Free darshan) 11 Compartments / 5 hours ;,"About 37,780 pilgrims had Srivari Darshan from 3am to 6pm on Jan 21",https://news.tirumala.org/sarva-darshan-free-darshan-11-compartments-5-hours-divya-darshan-footpath-darshan-4-compartments-3-hours-and-special-entry-darshan-rs-300-closed/
2016-01-22,40050,26464,2016-01-22 18:56:42,month_day_year_inferred@title,,and waiting hours detail by 6pm. Sarva Darshan (Free darshan) 10 Compartments / 4 hours ;,"About 40,050 pilgrims had Srivari Darshan from 3am to 6pm on Jan 22",https://news.tirumala.org/sarva-darshan-free-darshan-10-compartments-4-hours-divya-darshan-footpath-darshan-3-compartments-2-hours-and-special-entry-darshan-rs-300-closed/
2016-01-23,51654,26486,2016-01-23 19:19:20,month_day_year_inferred@title,,and waiting hours detail by 6pm. Sarva Darshan (Free darshan) 21 Compartments / 7 hours ;,"About 51,654 pilgrims had Srivari Darshan from 3am to 6pm on Jan 23",https://news.tirumala.org/sarva-darshan-free-darshan-21-compartments-7-hours-divya-darshan-footpath-darshan-8-compartments-4-hours-and-special-entry-darshan-rs-300-closed/
2016-01-24,54179,26542,2016-01-24 21:11:23,month_day_year_inferred@title,,and waiting hours detail by 6pm. Sarva Darshan (Free darshan) 25 Compartments / 10 hours ;,"About 54,179 pilgrims had Srivari Darshan from 3am to 6pm on Jan 24",https://news.tirumala.org/sarva-darshan-free-darshan-25-compartments-10-hours-divya-darshan-footpath-darshan-12-compartments-6-hours-and-special-entry-darshan-rs-300-closed/
2016-01-25,55887,26553,2016-01-25 18:28:45,month_day_year_inferred@title,,and waiting hours detail by 6pm. Sarva Darshan (Free darshan) 15 Compartments / 5 hours ;,"About 55,887 pilgrims had Srivari Darshan from 3am to 6pm on Jan 25",https://news.tirumala.org/sarva-darshan-free-darshan-15-compartments-5-hours-divya-darshan-footpath-darshan-9-compartments-4-hours-and-special-entry-darshan-rs-300-closed/
2016-01-26,50306,26626,2016-01-26 18:48:41,month_day_year_inferred@title,,and waiting hours detail by 6pm. Sarva Darshan (Free darshan) 17 Compartments / 8 hours ;,"About 50,306 pilgrims had Srivari Darshan from 3am to 6pm on Jan 26",https://news.tirumala.org/sarva-darshan-free-darshan-17-compartments-8-hours-divya-darshan-footpath-darshan-10-compartments-6-hours-and-special-entry-darshan-rs-300-closed/
2016-01-27,40758,26654,2016-01-27 21:24:50,month_day_year_inferred@title,,and waiting hours detail by 6pm. Sarva Darshan (Free darshan) 4 Compartments / 2 hours ; D,"About 40,758 pilgrims had Srivari Darshan from 3am to 6pm on Jan 27",https://news.tirumala.org/sarva-darshan-free-darshan-4-compartments-2-hours-divya-darshan-footpath-darshan-direct-line-and-special-entry-darshan-rs-300-closed/
2016-01-28,40758,26682,2016-01-28 18:16:58,month_day_year_inferred@title,,and waiting hours detail by 6pm. Sarva Darshan (Free darshan) 5 Compartments / 4 hours ; D,"About 40,758 pilgrims had Srivari Darshan from 3am to 6pm on Jan 28",https://news.tirumala.org/sarva-darshan-free-darshan-5-compartments-4-hours-divya-darshan-footpath-darshan-2-compartments-3-hours-and-special-entry-darshan-rs-300-closed/
2016-01-29,37755,26714,2016-01-29 18:34:53,month_day_year_inferred@title,,and waiting hours detail by 6pm. Sarva Darshan (Free darshan) 8 Compartments / 4 hours ; D,"About 37,755 pilgrims had Srivari Darshan from 3am to 6pm on Jan 29",https://news.tirumala.org/sarva-darshan-free-darshan-8-compartments-4-hours-divya-darshan-footpath-darshan-4-compartments-3-hours-and-special-entry-darshan-rs-300-closed/
2016-01-30,49700,26762,2016-01-30 18:34:55,month_day_year_inferred@title,,and waiting hours detail by 6pm. Sarva Darshan (Free darshan) 16 Compartments / 6 hours ;,"About 49,700 pilgrims had Srivari Darshan from 3am to 6pm on Jan 30",https://news.tirumala.org/about-49700-pilgrims-had-srivari-darshan-from-3am-to-6pm-on-jan-30/
2016-01-31,51232,26770,2016-01-31 18:08:05,month_day_year_inferred@title,,and waiting hours detail by 6pm. Sarva Darshan (Free darshan) 7 Compartments / 4 hours ; D,"About 51,232 pilgrims had Srivari Darshan from 3am to 6pm on Jan 31",https://news.tirumala.org/about-51232-pilgrims-had-srivari-darshan-from-3am-to-6pm-on-jan-31/
2016-02-01,40119,26785,2016-02-01 18:55:19,month_day_year_inferred@title,,and waiting hours detail by 6pm. Sarva Darshan (Free darshan) Direct Line ; Divya Darshan,"About 40,119 pilgrims had Srivari Darshan from 3am to 6pm on Feb 1",https://news.tirumala.org/sarva-darshan-free-darshan-direct-line-divya-darshan-footpath-darshan-direct-line-and-special-entry-darshan-rs-300-closed-16/
2016-02-02,41654,26801,2016-02-02 19:36:42,month_day_year_inferred@title,,and waiting hours detail by 6pm. Sarva Darshan (Free darshan) Direct Line ; Divya Darshan,"About 41,654 pilgrims had Srivari Darshan from 3am to 6pm on Feb 2",https://news.tirumala.org/sarva-darshan-free-darshan-direct-line-divya-darshan-footpath-darshan-direct-line-and-special-entry-darshan-rs-300-closed-17/
2016-02-03,32638,26844,2016-02-03 18:52:55,month_day_year_inferred@title,,and waiting hours detail by 6pm. Sarva Darshan (Free darshan) 16 Compartments / 5 hours ;,"About 32,638 pilgrims had Srivari Darshan from 3am to 6pm on Feb 3",https://news.tirumala.org/sarva-darshan-free-darshan-16-compartments-5-hours-divya-darshan-footpath-darshan-3-compartments-2-hours-and-special-entry-darshan-rs-300-closed/
2016-02-04,37889,26888,2016-02-04 19:09:05,month_day_year_inferred@title,,and waiting hours detail by 6pm. Sarva Darshan (Free darshan) 13 Compartments / 6 hours ;,"About 37,889 pilgrims had Srivari Darshan from 3am to 6pm on Feb 4",https://news.tirumala.org/sarva-darshan-free-darshan-13-compartments-6-hours-divya-darshan-footpath-darshan-6-compartments-4-hours-and-special-entry-darshan-rs-300-closed/
2016-02-05,35588,26924,2016-02-05 19:07:03,month_day_year_inferred@title,,and waiting hours detail by 6pm. Sarva Darshan (Free darshan) 9 Compartments / 4 hours ; D,"About 35,588 pilgrims had Srivari Darshan from 3am to 6pm on Feb 5",https://news.tirumala.org/sarva-darshan-free-darshan-9-compartments-4-hours-divya-darshan-footpath-darshan-4-compartments-3-hours-and-special-entry-darshan-rs-300-closed-2/
2016-02-06,49352,26936,2016-02-06 18:41:32,month_day_year_inferred@title,,and waiting hours detail by 6pm. Sarva Darshan (Free darshan) 20 Compartments / 7 hours ;,"About 49,352 pilgrims had Srivari Darshan from 3am to 6pm on Feb 6",https://news.tirumala.org/sarva-darshan-free-darshan-20-compartments-7-hours-divya-darshan-footpath-darshan-10-compartments-4-hours-and-special-entry-darshan-rs-300-closed/
2016-02-07,51512,26988,2016-02-07 20:03:04,month_day_year_inferred@title,,and waiting hours detail by 6pm. Sarva Darshan (Free darshan) 14 Compartments / 7 hours ;,"About 51,512 pilgrims had Srivari Darshan from 3am to 6pm on Feb 7",https://news.tirumala.org/sarva-darshan-free-darshan-14-compartments-7-hours-divya-darshan-footpath-darshan-10-compartments-4-hours-and-special-entry-darshan-rs-300-closed/
2016-02-08,38220,27053,2016-02-08 20:07:57,month_day_year_inferred@title,,and waiting hours detail by 6pm. Sarva Darshan (Free darshan) Direct Line ; Divya Darshan,"About 38,220 pilgrims had Srivari Darshan from 3am to 6pm on Feb 8",https://news.tirumala.org/sarva-darshan-free-darshan-direct-line-divya-darshan-footpath-darshan-direct-line-and-special-entry-darshan-rs-300-closed-18/
2016-02-09,40759,27119,2016-02-09 18:22:55,month_day_year_inferred@title,,and waiting hours detail by 6pm. Sarva Darshan (Free darshan) Direct Line ; Divya Darshan,"About 40,759 pilgrims had Srivari Darshan from 3am to 6pm on Feb 9",https://news.tirumala.org/sarva-darshan-free-darshan-direct-line-divya-darshan-footpath-darshan-direct-line-and-special-entry-darshan-rs-300-closed-19/
2016-02-10,40759,27212,2016-02-10 18:44:40,month_day_year_inferred@title,,and waiting hours detail by 6pm. Sarva Darshan (Free darshan) 13 Compartments / 4 hours ;,"About 40,759 pilgrims had Srivari Darshan from 3am to 6pm on Feb 10",https://news.tirumala.org/about-40759-pilgrims-had-srivari-darshan-from-3am-to-6pm-on-feb-10/
2016-02-11,39206,27277,2016-02-11 22:23:23,month_day_year_inferred@title,,and waiting hours detail by 6pm. Sarva Darshan (Free darshan) 12 Compartments / 4 hours ;,"About 39,206 pilgrims had Srivari Darshan from 3am to 6pm on Feb 11",https://news.tirumala.org/sarva-darshan-free-darshan-12-compartments-4-hours-divya-darshan-footpath-darshan-6-compartments-3-hours-and-special-entry-darshan-rs-300-closed/
2016-02-12,38674,27325,2016-02-12 18:24:20,month_day_year_inferred@title,,and waiting hours detail by 6pm. Sarva Darshan (Free darshan) 17 Compartments / 6 hours ;,"About 38,674 pilgrims had Srivari Darshan from 3am to 6pm on Feb 12",https://news.tirumala.org/sarva-darshan-free-darshan-17-compartments-6-hours-divya-darshan-footpath-darshan-7-compartments-3-hours-and-special-entry-darshan-rs-300-closed/
2016-02-13,62733,27349,2016-02-13 18:32:18,month_day_year_inferred@title,,and waiting hours detail by 6pm. Sarva Darshan (Free darshan) 31 Compartments / 12 hours ;,"About 62,733 pilgrims had Srivari Darshan from 3am to 6pm on Feb 13",https://news.tirumala.org/about-62733-pilgrims-had-srivari-darshan-from-3am-to-6pm-on-feb-13/
2016-02-15,47989,27463,2016-02-15 18:58:06,month_day_year_inferred@title,,and waiting hours detail by 6pm. Sarva Darshan (Free darshan) 15 Compartments / 6 hours ;,"About 47,989 pilgrims had Srivari Darshan from 3am to 6pm on Feb 15",https://news.tirumala.org/about-47989-pilgrims-had-srivari-darshan-from-3am-to-6pm-on-feb-15/
2016-02-16,45381,27480,2016-02-16 18:35:57,month_day_year_inferred@title,,and waiting hours detail by 6pm. Sarva Darshan (Free darshan) Direct Line ; Divya Darshan,"About 45,381 pilgrims had Srivari Darshan from 3am to 6pm on Feb 16",https://news.tirumala.org/sarva-darshan-free-darshan-direct-line-divya-darshan-footpath-darshan-direct-line-and-special-entry-darshan-rs-300-closed-20/
2016-02-17,40049,27497,2016-02-17 18:38:51,month_day_year_inferred@title,,and waiting hours detail by 6pm. Sarva Darshan (Free darshan) 11 Compartments / 4 Hours ;,"About 40,049 pilgrims had Srivari Darshan from 3am to 6pm on Feb 17",https://news.tirumala.org/sarva-darshan-free-darshan-11-compartments-4-hours-divya-darshan-footpath-darshan-5-compartments-2-hours-and-special-entry-darshan-rs-300-closed/
2016-02-18,38377,27534,2016-02-18 19:02:33,month_day_year_inferred@title,,and waiting hours detail by 6pm. Sarva Darshan (Free darshan) 17 Compartments / 6 Hours ;,"About 38,377 pilgrims had Srivari Darshan from 3am to 6pm on Feb 18",https://news.tirumala.org/sarva-darshan-free-darshan-17-compartments-6-hours-divya-darshan-footpath-darshan-5-compartments-3-hours-and-special-entry-darshan-rs-300-closed/
2016-02-19,38818,27552,2016-02-19 19:04:24,month_day_year_inferred@title,,and waiting hours detail by 6pm. Sarva Darshan (Free darshan) 18 Compartments / 7 Hours ;,"About 38,818 pilgrims had Srivari Darshan from 3am to 6pm on Feb 19",https://news.tirumala.org/sarva-darshan-free-darshan-18-compartments-7-hours-divya-darshan-footpath-darshan-8-compartments-4-hours-and-special-entry-darshan-rs-300-closed/
2016-02-20,53396,27580,2016-02-20 18:31:11,month_day_year_inferred@title,,and waiting hours detail by 6pm. Sarva Darshan (Free darshan) 26 Compartments / 10 Hours ;,"About 53,396 pilgrims had Srivari Darshan from 3am to 6pm on Feb 20",https://news.tirumala.org/about-53396-pilgrims-had-srivari-darshan-from-3am-to-6pm-on-feb-20/
2016-02-21,55408,27586,2016-02-21 18:36:29,month_day_year_inferred@title,,and waiting hours detail by 6pm. Sarva Darshan (Free darshan) 22 Compartments / 6 Hours ;,"About 55,408 pilgrims had Srivari Darshan from 3am to 6pm on Feb 21",https://news.tirumala.org/sarva-darshan-free-darshan-22-compartments-6-hours-divya-darshan-footpath-darshan-10-compartments-4-hours-and-special-entry-darshan-rs-300-closed/
2016-02-22,48116,27645,2016-02-22 18:28:17,month_day_year_inferred@title,,and waiting hours detail by 6pm. Sarva Darshan (Free darshan) 10 Compartments / 4 Hours ;,"About 48,116 pilgrims had Srivari Darshan from 3am to 6pm on Feb 22",https://news.tirumala.org/sarva-darshan-free-darshan-10-compartments-4-hours-divya-darshan-footpath-darshan-2-compartments-2-hours-and-special-entry-darshan-rs-300-closed/
2016-02-23,43482,27734,2016-02-23 19:04:23,month_day_year_inferred@title,,and waiting hours detail by 6pm. Sarva Darshan (Free darshan) Direct Line ; Divya Darshan,"About 43,482 pilgrims had Srivari Darshan from 3am to 6pm on Feb 23",https://news.tirumala.org/about-43482-pilgrims-had-srivari-darshan-from-3am-to-6pm-on-feb-23/
2016-02-24,40596,27747,2016-02-24 18:17:27,month_day_year_inferred@title,,and waiting hours detail by 6pm. Sarva Darshan (Free darshan) Direct Line ; Divya Darshan,"About 40,596 pilgrims had Srivari Darshan from 3am to 6pm on Feb 24",https://news.tirumala.org/about-40596-pilgrims-had-srivari-darshan-from-3am-to-6pm-on-feb-24/
2016-02-26,37502,27769,2016-02-26 18:43:08,month_day_year_inferred@title,,and waiting hours detail by 6pm. Sarva Darshan (Free darshan) 20 Compartments / 8 hours ;,"About 37,502 pilgrims had Srivari Darshan from 3am to 6pm on Feb 26",https://news.tirumala.org/sarva-darshan-free-darshan-20-compartments-8-hours-divya-darshan-footpath-darshan-6-hours-4-hours-and-special-entry-darshan-rs-300-closed/
2016-02-27,53564,27866,2016-02-27 18:21:08,month_day_year_inferred@title,,and waiting hours detail by 6pm. Sarva Darshan (Free darshan) 26 Compartments / 8 hours ;,"About 53,564 pilgrims had Srivari Darshan from 3am to 6pm on Feb 27",https://news.tirumala.org/sarva-darshan-free-darshan-26-compartments-8-hours-divya-darshan-footpath-darshan-6-hours-6-hours-and-special-entry-darshan-rs-300-closed/
2016-02-28,54605,27910,2016-02-28 18:25:19,month_day_year_inferred@title,,and waiting hours detail by 6pm. Sarva Darshan (Free darshan) 27 Compartments / 8 hours ;,"About 54,605 pilgrims had Srivari Darshan from 3am to 6pm on Feb 28",https://news.tirumala.org/sarva-darshan-free-darshan-27-compartments-8-hours-divya-darshan-footpath-darshan-12-hours-4-hours-and-special-entry-darshan-rs-300-closed/
2016-02-29,51330,27977,2016-02-29 18:29:13,month_day_year_inferred@title,,and waiting hours detail by 6pm. Sarva Darshan (Free darshan) Direct Line ; Divya Darshan,"About 51,330 pilgrims had Srivari Darshan from 3am to 6pm on Feb 29.",https://news.tirumala.org/about-51330-pilgrims-had-srivari-darshan-from-3am-to-6pm-on-feb-29/
2016-03-01,43732,28031,2016-03-01 18:30:09,month_day_year_inferred@title,,and waiting hours detail by 6pm. Sarva Darshan (Free darshan) Direct Line ; Divya Darshan,"About 43,732 pilgrims had Srivari Darshan from 3am to 6pm on March 1",https://news.tirumala.org/about-43732-pilgrims-had-srivari-darshan-from-3am-to-6pm-on-march-1/
2016-03-02,39253,28086,2016-03-02 21:21:04,month_day_year_inferred@title,,and waiting hours detail by 6pm. Sarva Darshan (Free darshan) Direct Line ; Divya Darshan,"About 39,253 pilgrims had Srivari Darshan from 3am to 6pm on Mar 2",https://news.tirumala.org/sarva-darshan-free-darshan-direct-line-divya-darshan-footpath-darshan-direct-line-and-special-entry-darshan-rs-300-closed-21/
2016-03-03,38467,28135,2016-03-03 20:02:09,month_day_year_inferred@title,,and waiting hours detail by 6pm. Sarva Darshan (Free darshan) 8 Compartments / 4 hours ; D,"About 38,467 pilgrims had Srivari Darshan from 3am to 6pm on Mar 3",https://news.tirumala.org/sarva-darshan-free-darshan-8-compartments-4-hours-divya-darshan-footpath-darshan-6-compartments-3-hours-and-special-entry-darshan-rs-300-closed/
2016-03-04,36777,28216,2016-03-04 21:14:37,month_day_year_inferred@title,,and waiting hours detail by 6pm. Sarva Darshan (Free darshan) 11 Compartments / 4 hours ;,"About 36,777 pilgrims had Srivari Darshan from 3am to 6pm on Mar 4",https://news.tirumala.org/sarva-darshan-free-darshan-11-compartments-4-hours-divya-darshan-footpath-darshan-4-compartments-3-hours-and-special-entry-darshan-rs-300-closed/
2016-03-05,52756,28287,2016-03-05 18:32:40,month_day_year_inferred@title,,and waiting hours detail by 6pm. Sarva Darshan (Free darshan) 25 Compartments / 7 hours ;,"About 52,756 pilgrims had Srivari Darshan from 3am to 6pm on Mar 5",https://news.tirumala.org/sarva-darshan-free-darshan-25-compartments-7-hours-divya-darshan-footpath-darshan-14-compartments-5-hours-and-special-entry-darshan-rs-300-closed/
2016-03-06,57006,28360,2016-03-06 18:28:57,month_day_year_inferred@title,,and waiting hours detail by 6pm. Sarva Darshan (Free darshan) 26 Compartments / 6 hours ;,"About 57,006 pilgrims had Srivari Darshan from 3am to 6pm on Mar 6",https://news.tirumala.org/sarva-darshan-free-darshan-26-compartments-6-hours-divya-darshan-footpath-darshan-14-compartments-3-hours-and-special-entry-darshan-rs-300-closed/
2016-03-07,50096,28409,2016-03-07 19:16:00,month_day_year_inferred@title,,and waiting hours detail by 6pm. Sarva Darshan (Free darshan) 2 Compartments / 2 hours ; D,"About 50,096 pilgrims had Srivari Darshan from 3am to 6pm on Mar 7",https://news.tirumala.org/sarva-darshan-free-darshan-2-compartments-2-hours-divya-darshan-footpath-darshan-direct-line-and-special-entry-darshan-rs-300-closed-2/
2016-03-08,40513,28435,2016-03-08 18:58:35,month_day_year_inferred@title,,and waiting hours detail by 6pm. Temple Doors will be closed today from 8.30pm and reopens,"About 40,513 pilgrims had Srivari Darshan from 3am to 6pm on Mar 8",https://news.tirumala.org/sarva-darshan-free-darshan-2-compartments-2-hours-divya-darshan-footpath-darshan-direct-line-and-special-entry-darshan-rs-300-closed-3/
2016-03-09,23263,28514,2016-03-09 18:25:37,month_day_year_inferred@title,,and waiting hours detail by 6pm. Sarva Darshan (Free darshan) Direct Line ; Divya Darshan,"About 23,263 pilgrims had Srivari Darshan from 3am to 6pm on Mar 9",https://news.tirumala.org/sarva-darshan-free-darshan-direct-line-divya-darshan-footpath-darshan-direct-line-and-special-entry-darshan-rs-300-closed-22/
2016-03-10,36928,28538,2016-03-10 19:17:07,month_day_year_inferred@title,,and waiting hours detail by 6pm. Sarva Darshan (Free darshan) 8 Compartments / 4 hours ; D,"About 36,928 pilgrims had Srivari Darshan from 3am to 6pm on Mar 10",https://news.tirumala.org/sarva-darshan-free-darshan-8-compartments-4-hours-divya-darshan-footpath-darshan-2-compartments-2-hours-and-special-entry-darshan-rs-300-closed-2/
2016-03-11,35952,28558,2016-03-11 19:27:51,month_day_year_inferred@title,,and waiting hours detail by 6pm. Sarva Darshan (Free darshan) 26 Compartments / 8 hours ;,"About 35,952 pilgrims had Srivari Darshan from 3am to 6pm on Mar 11",https://news.tirumala.org/sarva-darshan-free-darshan-26-compartments-8-hours-divya-darshan-footpath-darshan-8-compartments-4-hours-and-special-entry-darshan-rs-300-closed/
2016-03-12,55255,28575,2016-03-12 18:28:53,month_day_year_inferred@title,,and waiting hours detail by 6pm. Sarva Darshan (Free darshan) 27 Compartments / 10 hours ;,"About 55,255 pilgrims had Srivari Darshan from 3am to 6pm on Mar 12.",https://news.tirumala.org/about-55255-pilgrims-had-srivari-darshan-from-3am-to-6pm-on-mar-12/
2016-03-13,58224,28588,2016-03-13 18:23:43,month_day_year_inferred@title,,and waiting hours detail by 6pm. Sarva Darshan (Free darshan) 29 Compartments / 10 hours ;,"About 58,224 pilgrims had Srivari Darshan from 3am to 6pm on Mar 13",https://news.tirumala.org/sarva-darshan-free-darshan-29-compartments-10-hours-divya-darshan-footpath-darshan-16-compartments-7-hours-and-special-entry-darshan-rs-300-closed/
2016-03-14,50605,28615,2016-03-14 18:31:34,month_day_year_inferred@title,,and waiting hours detail by 6pm. Sarva Darshan (Free darshan) 3 Compartments / 2 hours ; D,"About 50,605 pilgrims had Srivari Darshan from 3am to 6pm on Mar 14",https://news.tirumala.org/sarva-darshan-free-darshan-3-compartments-2-hours-divya-darshan-footpath-darshan-direct-line-and-special-entry-darshan-rs-300-closed/
2016-03-15,40754,28649,2016-03-15 18:39:26,month_day_year_inferred@title,,and waiting hours detail by 6pm. Sarva Darshan (Free darshan) 4 Compartments / 2 hours ; D,"About 40,754 pilgrims had Srivari Darshan from 3am to 6pm on Mar 15",https://news.tirumala.org/about-40754-pilgrims-had-srivari-darshan-from-3am-to-6pm-on-mar-15/
2016-03-16,38091,28674,2016-03-16 18:47:40,month_day_year_inferred@title,,and waiting hours detail by 6pm. Sarva Darshan (Free darshan) 4 Compartments / 2 hours ; D,"About 38,091 pilgrims had Srivari Darshan from 3am to 6pm on Mar 16",https://news.tirumala.org/sarva-darshan-free-darshan-4-compartments-2-hours-divya-darshan-footpath-darshan-2-compartments-1-hour-and-special-entry-darshan-rs-300-closed/
2016-03-17,37109,28701,2016-03-17 19:15:18,month_day_year_inferred@title,,and waiting hours detail by 6pm. Sarva Darshan (Free darshan) 20 Compartments / 6 hours ;,"About 37,109 pilgrims had Srivari Darshan from 3am to 6pm on Mar 17",https://news.tirumala.org/sarva-darshan-free-darshan-20-compartments-6-hours-divya-darshan-footpath-darshan-4-compartments-3-hour-and-special-entry-darshan-rs-300-closed/
2016-03-18,36196,28730,2016-03-18 18:52:13,month_day_year_inferred@title,,and waiting hours detail by 6pm. Sarva Darshan (Free darshan) 22 Compartments / 8 hours ;,"About 36,196 pilgrims had Srivari Darshan from 3am to 6pm on Mar 18",https://news.tirumala.org/about-36196-pilgrims-had-srivari-darshan-from-3am-to-6pm-on-mar-18/
2016-03-19,53299,28770,2016-03-19 20:46:41,month_day_year_inferred@title,,and waiting hours detail by 6pm. Sarva Darshan (Free darshan) 31 Compartments / 8 hours ;,"About 53,299 pilgrims had Srivari Darshan from 3am to 6pm on Mar 19",https://news.tirumala.org/sarva-darshan-free-darshan-31-compartments-8-hours-divya-darshan-footpath-darshan-10-compartments-5-hour-and-special-entry-darshan-rs-300-closed/
2016-03-20,57150,28786,2016-03-20 18:30:38,month_day_year_inferred@title,,and waiting hours detail by 6pm. Sarva Darshan (Free darshan) 24 Compartments / 6 hours ;,"About 57,150 pilgrims had Srivari Darshan from 3am to 6pm on Mar 20",https://news.tirumala.org/sarva-darshan-free-darshan-24-compartments-6-hours-divya-darshan-footpath-darshan-12-compartments-4-hour-and-special-entry-darshan-rs-300-closed/
2016-03-21,48518,28824,2016-03-21 19:43:01,month_day_year_inferred@title,,and waiting hours detail by 6pm. Sarva Darshan (Free darshan) 7 Compartments / 2 hours ; D,"About 48,518 pilgrims had Srivari Darshan from 3am to 6pm on Mar 21",https://news.tirumala.org/sarva-darshan-free-darshan-7-compartments-2-hours-divya-darshan-footpath-darshan-direct-line-and-special-entry-darshan-rs-300-closed/
2016-03-22,43740,28865,2016-03-22 20:46:04,month_day_year_inferred@title,,and waiting hours detail by 6pm. Sarva Darshan (Free darshan) 11 Compartments / 4 hours ;,"About 43,740 pilgrims had Srivari Darshan from 3am to 6pm on Mar 22",https://news.tirumala.org/sarva-darshan-free-darshan-11-compartments-4-hours-divya-darshan-footpath-darshan-7-compartments-3-hours-and-special-entry-darshan-rs-300-closed/
2016-03-23,42120,28955,2016-03-23 19:52:23,month_day_year_inferred@title,,and waiting hours detail by 6pm. Sarva Darshan (Free darshan) 17 Compartments / 5 hours ;,"About 42,120 pilgrims had Srivari Darshan from 3am to 6pm on Mar 23",https://news.tirumala.org/sarva-darshan-free-darshan-17-compartments-5-hours-divya-darshan-footpath-darshan-4-compartments-3-hours-and-special-entry-darshan-rs-300-closed/
2016-03-24,270,29006,2016-03-24 18:47:38,month_day_year_inferred@title,,and waiting hours detail by 6pm. Sarva Darshan (Free darshan) 26 Compartments / 6 hours ;,"About 46,0270 pilgrims had Srivari Darshan from 3am to 6pm on Mar 24",https://news.tirumala.org/sarva-darshan-free-darshan-26-compartments-6-hours-divya-darshan-footpath-darshan-14-compartments-5-hours-and-special-entry-darshan-rs-300-closed/
2016-03-24,36198,29039,2016-03-25 18:29:56,month_day_year_inferred@title,12,and waiting hours detail by 6pm. Sarva Darshan (Free darshan) Line Outside / 12 hours ; Di,"About 36,198 pilgrims had Srivari Darshan from 3am to 6pm on Mar 24",https://news.tirumala.org/about-36198-pilgrims-had-srivari-darshan-from-3am-to-6pm-on-mar-24/
2016-03-26,56272,29057,2016-03-26 21:10:18,month_day_year_inferred@title,10,and waiting hours detail by 6pm. Sarva Darshan (Free darshan) Line Outside / 10 hours ; Di,"About 56,272 pilgrims had Srivari Darshan from 3am to 6pm on Mar 26",https://news.tirumala.org/sarva-darshan-free-darshan-line-outside-10-hours-divya-darshan-footpath-darshan-line-outside-8-hours-and-special-entry-darshan-rs-300-closed/
2016-03-26,60915,29100,2016-03-27 18:41:12,month_day_year_inferred@title,,and waiting hours detail by 6pm. Sarva Darshan (Free darshan) 26 Compartments / 8 hours ;,"About 60,915 pilgrims had Srivari Darshan from 3am to 6pm on Mar 26",https://news.tirumala.org/sarva-darshan-free-darshan-26-compartments-8-hours-divya-darshan-footpath-darshan-16-compartments-6-hours-and-special-entry-darshan-rs-300-closed/
2016-03-28,60905,29130,2016-03-28 18:30:55,month_day_year_inferred@title,,and waiting hours detail by 6pm. Sarva Darshan (Free darshan) 4 Compartments / 2 hours ; D,"About 60,905 pilgrims had Srivari Darshan from 3am to 6pm on Mar 28",https://news.tirumala.org/about-60905-pilgrims-had-srivari-darshan-from-3am-to-6pm-on-mar-28/
2016-03-29,45941,29162,2016-03-29 20:12:06,month_day_year_inferred@title,,and waiting hours detail by 6pm. Sarva Darshan (Free darshan) Direct line ; Divya Darshan,"About 45,941 pilgrims had Srivari Darshan from 3am to 6pm on Mar 29",https://news.tirumala.org/sarva-darshan-free-darshan-direct-line-divya-darshan-footpath-darshan-direct-line-and-special-entry-darshan-rs-300-closed-23/
2016-04-01,35244,29240,2016-04-01 19:51:43,month_day_year_inferred@title,,and waiting hours detail by 6pm. Sarva Darshan (Free darshan) 11 Compartments / 4 Hours ;,"About 35,244 pilgrims had Srivari Darshan from 3am to 6pm on April 1",https://news.tirumala.org/about-35244-pilgrims-had-srivari-darshan-from-3am-to-6pm-on-april-1/
2016-04-02,52664,29242,2016-04-02 19:53:23,month_day_year_inferred@title,,and waiting hours detail by 6pm. Sarva Darshan (Free darshan) 19 Compartments / 6 Hours ;,"About 52,664 pilgrims had Srivari Darshan from 3am to 6pm on April 2",https://news.tirumala.org/about-52664-pilgrims-had-srivari-darshan-from-3am-to-6pm-on-april-2/
2016-04-03,55158,29244,2016-04-03 19:54:43,month_day_year_inferred@title,,and waiting hours detail by 6pm. Sarva Darshan (Free darshan) 17 Compartments / 6 Hours ;,"About 55,158 pilgrims had Srivari Darshan from 3am to 6pm on April 3",https://news.tirumala.org/sarva-darshan-free-darshan-17-compartments-6-hours-divya-darshan-footpath-darshan-5-compartments-3-hours-and-special-entry-darshan-rs-300-closed-2/
2016-04-05,39889,29451,2016-04-05 19:03:49,month_day_year_inferred@title,,and waiting hours detail by 6pm. Sarva Darshan (Free darshan) 8 Compartments / 3 Hours ; D,"About 39,889 pilgrims had Srivari Darshan from 3am to 6pm on April 5",https://news.tirumala.org/about-39889-pilgrims-had-srivari-darshan-from-3am-to-6pm-on-april-5/
2016-04-06,36629,29516,2016-04-06 22:06:26,month_day_year_inferred@title,,and waiting hours detail by 6pm. Sarva Darshan (Free darshan) 15 Compartments / 6 Hours ;,"About 36,629 pilgrims had Srivari Darshan from 3am to 6pm on April 6",https://news.tirumala.org/about-36629-pilgrims-had-srivari-darshan-from-3am-to-6pm-on-april-6/
2016-04-07,41672,29573,2016-04-07 18:20:35,month_day_year_inferred@title,,and waiting hours detail by 6pm. Sarva Darshan (Free darshan) 2 Compartments / 1 Hours ; D,"About 41,672 pilgrims had Srivari Darshan from 3am to 6pm on April 7",https://news.tirumala.org/sarva-darshan-free-darshan-2-compartments-1-hours-divya-darshan-footpath-darshan-3-compartments-1-hours-and-special-entry-darshan-rs-300-closed/
2016-04-08,38251,29651,2016-04-08 18:46:16,month_day_year_inferred@title,,and waiting hours detail by 6pm. Sarva Darshan (Free darshan) 27 Compartments / 8 Hours ;,"About 38,251 pilgrims had Srivari Darshan from 3am to 6pm on April 8",https://news.tirumala.org/sarva-darshan-free-darshan-27-compartments-8-hours-divya-darshan-footpath-darshan-14-compartments-6-hours-and-special-entry-darshan-rs-300-closed/
2016-04-10,58796,29772,2016-04-10 18:39:10,month_day_year_inferred@title,,and waiting hours detail by 6pm. Sarva Darshan (Free darshan) 27 Compartments / 12 Hours ;,"About 58,796 pilgrims had Srivari Darshan from 3am to 6pm on April 10",https://news.tirumala.org/about-58796-pilgrims-had-srivari-darshan-from-3am-to-6pm-on-april-10/
2016-04-11,48988,29811,2016-04-11 18:26:37,month_day_year_inferred@title,,and waiting hours detail by 6pm. Sarva Darshan (Free darshan) 6 Compartments / 2 Hours ; D,"About 48,988 pilgrims had Srivari Darshan from 3am to 6pm on April 11",https://news.tirumala.org/about-48988-pilgrims-had-srivari-darshan-from-3am-to-6pm-on-april-11/
2016-04-12,45748,29846,2016-04-12 19:09:13,month_day_year_inferred@title,,and waiting hours detail by 6pm. Sarva Darshan (Free darshan) 3 Compartments / 2 Hours ; D,"About 45,748 pilgrims had Srivari Darshan from 3am to 6pm on April 12",https://news.tirumala.org/sarva-darshan-free-darshan-3-compartments-2-hours-divya-darshan-footpath-darshan-direct-line-and-special-entry-darshan-rs-300-closed-2/
2016-04-13,42226,29870,2016-04-13 19:17:37,month_day_year_inferred@title,,and waiting hours detail by 6pm. Sarva Darshan (Free darshan) 8 Compartments / 3 Hours ; D,"About 42,226 pilgrims had Srivari Darshan from 3am to 6pm on April 13",https://news.tirumala.org/sarva-darshan-free-darshan-8-compartments-3-hours-divya-darshan-footpath-darshan-1-compartment-2-hours-and-special-entry-darshan-rs-300-closed/
2016-04-14,44134,29905,2016-04-14 18:42:30,month_day_year_inferred@body,11,and waiting hours detail by 6pm. Sarva Darshan (Free darshan) Line Outside / 11 Hours ; Di,"About 44,134 pilgrims had Srivari Darshan from 3am to 6pm on April 13",https://news.tirumala.org/about-44134-pilgrims-had-srivari-darshan-from-3am-to-6pm-on-april-13/
2016-04-15,46635,29962,2016-04-15 18:50:53,month_day_year_inferred@title,,and waiting hours detail by 6pm. Sarva Darshan (Free darshan) 19 Compartments / 8 Hours ;,"About 46,635 pilgrims had Srivari Darshan from 3am to 6pm on April 15",https://news.tirumala.org/sarva-darshan-free-darshan-19-compartments-8-hours-divya-darshan-footpath-darshan-4-compartments-8-hours-and-special-entry-darshan-rs-300-closed/
2016-04-16,54842,29991,2016-04-16 18:29:24,month_day_year_inferred@title,,and waiting hours detail by 6pm. Sarva Darshan (Free darshan) 20 Compartments / 8 Hours ;,"About 54,842 pilgrims had Srivari Darshan from 3am to 6pm on April 16",https://news.tirumala.org/sarva-darshan-free-darshan-20-compartments-8-hours-divya-darshan-footpath-darshan-12-compartments-4-hours-and-special-entry-darshan-rs-300-closed/
2016-04-17,58130,29994,2016-04-17 18:37:59,month_day_year_inferred@title,,and waiting hours detail by 6pm. Sarva Darshan (Free darshan) 14 Compartments / 6 Hours ;,"About 58,130 pilgrims had Srivari Darshan from 3am to 6pm on April 17",https://news.tirumala.org/sarva-darshan-free-darshan-14-compartments-6-hours-divya-darshan-footpath-darshan-8-compartments-4-hours-and-special-entry-darshan-rs-300-closed/
2016-04-18,50087,30042,2016-04-18 18:35:55,month_day_year_inferred@title,,and waiting hours detail by 6pm. Sarva Darshan (Free darshan) Direct Line ; Divya Darshan,"About 50,087 pilgrims had Srivari Darshan from 3am to 6pm on April 18",https://news.tirumala.org/about-50087-pilgrims-had-srivari-darshan-from-3am-to-6pm-on-april-18/
2016-04-19,46639,30105,2016-04-19 18:58:10,month_day_year_inferred@title,,and waiting hours detail by 6pm. Sarva Darshan (Free darshan) 7 Compartments / Direct Line,"About 46,639 pilgrims had Srivari Darshan from 3am to 6pm on April 19.",https://news.tirumala.org/about-46639-pilgrims-had-srivari-darshan-from-3am-to-6pm-on-april-19/
2016-04-20,41948,30191,2016-04-20 18:53:49,month_day_year_inferred@title,,and waiting hours detail by 6pm. Sarva Darshan (Free darshan) Direct Line ; Divya Darshan,"About 41,948 pilgrims had Srivari Darshan from 3am to 6pm on April 20",https://news.tirumala.org/about-41948-pilgrims-had-srivari-darshan-from-3am-to-6pm-on-april-20/
2016-04-21,44036,30199,2016-04-21 19:23:37,month_day_year_inferred@title,,and waiting hours detail by 6pm. Sarva Darshan (Free darshan) 7 Compartments / 4 Hours ; D,"About 44,036 pilgrims had Srivari Darshan from 3am to 6pm on April 21",https://news.tirumala.org/sarva-darshan-free-darshan-7-compartments-4-hours-divya-darshan-footpath-darshan-2-compartments-3-hours-and-special-entry-darshan-rs-300-closed/
2016-04-22,40082,30241,2016-04-22 18:51:20,month_day_year_inferred@title,,and waiting hours detail by 6pm. Sarva Darshan (Free darshan) 15 Compartments / 6 Hours ;,"About 40,082 pilgrims had Srivari Darshan from 3am to 6pm on April 22",https://news.tirumala.org/about-40082-pilgrims-had-srivari-darshan-from-3am-to-6pm-on-april-22/
2016-04-23,54365,30253,2016-04-23 18:32:18,month_day_year_inferred@title,,and waiting hours detail by 6pm. Sarva Darshan (Free darshan) 20 Compartments / 8 Hours ;,"About 54,365 pilgrims had Srivari Darshan from 3am to 6pm on April 23",https://news.tirumala.org/sarva-darshan-free-darshan-20-compartments-8-hours-divya-darshan-footpath-darshan-14-compartments-6-hours-and-special-entry-darshan-rs-300-closed/
2016-04-24,56653,30267,2016-04-24 18:36:26,month_day_year_inferred@title,,and waiting hours detail by 6pm. Sarva Darshan (Free darshan) 19 Compartments / 8 Hours ;,"About 56,653 pilgrims had Srivari Darshan from 3am to 6pm on April 24",https://news.tirumala.org/about-56653-pilgrims-had-srivari-darshan-from-3am-to-6pm-on-april-24/
2016-04-25,50879,30271,2016-04-25 18:45:21,month_day_year_inferred@title,,and waiting hours detail by 6pm. Sarva Darshan (Free darshan) 8 Compartments / 4 Hours ; D,"About 50,879 pilgrims had Srivari Darshan from 3am to 6pm on April 25",https://news.tirumala.org/sarva-darshan-free-darshan-8-compartments-4-hours-divya-darshan-footpath-darshan-2-compartments-2-hours-and-special-entry-darshan-rs-300-closed-3/
2016-04-26,45983,30301,2016-04-26 18:39:05,month_day_year_inferred@title,,and waiting hours detail by 6pm. Sarva Darshan (Free darshan) 11 Compartments / 4 Hours ;,"About 45,983 pilgrims had Srivari Darshan from 3am to 6pm on April 26",https://news.tirumala.org/about-45983-pilgrims-had-srivari-darshan-from-3am-to-6pm-on-april-26/
2016-04-27,40036,30306,2016-04-27 18:30:14,month_day_year_inferred@title,,and waiting hours detail by 6pm. Sarva Darshan (Free darshan) 13 Compartments / 6 Hours ;,"About 40,036 pilgrims had Srivari Darshan from 3am to 6pm on April 27",https://news.tirumala.org/sarva-darshan-free-darshan-13-compartments-6-hours-divya-darshan-footpath-darshan-6-compartments-3-hours-and-special-entry-darshan-rs-300-closed/
2016-04-28,42257,30329,2016-04-28 18:24:08,month_day_year_inferred@title,,and waiting hours detail by 6pm. Sarva Darshan (Free darshan) 18 Compartments / 8 Hours ;,"About 42,257 pilgrims had Srivari Darshan from 3am to 6pm on April 28",https://news.tirumala.org/sarva-darshan-free-darshan-18-compartments-8-hours-divya-darshan-footpath-darshan-12-compartments-6-hours-and-special-entry-darshan-rs-300-closed/
2016-04-29,43399,30358,2016-04-29 18:47:07,month_day_year_inferred@title,,and waiting hours detail by 6pm. Sarva Darshan (Free darshan) 16 Compartments / 8 Hours ;,"About 43,399 pilgrims had Srivari Darshan from 3am to 6pm on April 29",https://news.tirumala.org/sarva-darshan-free-darshan-16-compartments-8-hours-divya-darshan-footpath-darshan-8-compartments-6-hours-and-special-entry-darshan-rs-300-closed/
2016-04-30,59129,30371,2016-04-30 18:40:41,month_day_year_inferred@title,10,and waiting hours detail by 6pm. Sarva Darshan (Free darshan) Line Outside / 10 Hours ; Di,"About 59,129 pilgrims had Srivari Darshan from 3am to 6pm on April 30",https://news.tirumala.org/sarva-darshan-free-darshan-line-outside-10-hours-divya-darshan-footpath-darshan-line-outside-8-hours-and-special-entry-darshan-rs-300-closed-2/
2016-05-01,60078,30390,2016-05-01 18:17:46,month_day_year_inferred@title,,and waiting hours detail by 6pm. Sarva Darshan (Free darshan) 31 Compartments / 12 Hours ;,"About 60,078 pilgrims had Srivari Darshan from 3am to 6pm on May 1",https://news.tirumala.org/about-60078-pilgrims-had-srivari-darshan-from-3am-to-6pm-on-may-1/
2016-05-02,57598,30401,2016-05-02 18:28:11,month_day_year_inferred@title,,and waiting hours detail by 6pm. Sarva Darshan (Free darshan) 17 Compartments / 6 Hours ;,"About 57,598 pilgrims had Srivari Darshan from 3am to 6pm on May 2",https://news.tirumala.org/sarva-darshan-free-darshan-17-compartments-direct-line-divya-darshan-footpath-darshan-6-compartments-direct-line-and-special-entry-darshan-rs-300-closed/
2016-05-03,47121,30412,2016-05-03 18:53:09,month_day_year_inferred@title,,and waiting hours detail by 6pm. Sarva Darshan (Free darshan) 24 Compartments / 8 Hours ;,"About 47,121 pilgrims had Srivari Darshan from 3am to 6pm on May 3",https://news.tirumala.org/about-47121-pilgrims-had-srivari-darshan-from-3am-to-6pm-on-may-3/
2016-05-04,46999,30478,2016-05-04 19:24:10,month_day_year_inferred@title,,and waiting hours detail by 6pm. Sarva Darshan (Free darshan) 16 Compartments / 8 Hours ;,"About 46,999 pilgrims had Srivari Darshan from 3am to 6pm on May 4",https://news.tirumala.org/sarva-darshan-free-darshan-16-compartments-8-hours-divya-darshan-footpath-darshan-12-compartments-6-hours-and-special-entry-darshan-rs-300-closed/
2016-05-05,43852,30495,2016-05-05 18:36:16,month_day_year_inferred@title,,and waiting hours detail by 6pm. Sarva Darshan (Free darshan) 31 Compartments / 12 Hours ;,"About 43,852 pilgrims had Srivari Darshan from 3am to 6pm on May 5",https://news.tirumala.org/sarva-darshan-free-darshan-31-compartments-12-hours-divya-darshan-footpath-darshan-14-compartments-8-hours-and-special-entry-darshan-rs-300-closed/
2016-05-06,43373,30518,2016-05-06 20:24:22,month_day_year_inferred@title,,and waiting hours detail by 6pm. Sarva Darshan (Free darshan) 14 Compartments / 7 Hours ;,"About 43,373 pilgrims had Srivari Darshan from 3am to 6pm on May 6",https://news.tirumala.org/sarva-darshan-free-darshan-14-compartments-7-hours-divya-darshan-footpath-darshan-7-compartments-5-hours-and-special-entry-darshan-rs-300-closed/
2016-05-07,58528,30551,2016-05-07 18:32:07,month_day_year_inferred@title,,and waiting hours detail by 6pm. Sarva Darshan (Free darshan) 16 Compartments / 8 Hours ;,"About 58,528 pilgrims had Srivari Darshan from 3am to 6pm on May 7",https://news.tirumala.org/sarva-darshan-free-darshan-16-compartments-8-hours-divya-darshan-footpath-darshan-10-compartments-6-hours-and-special-entry-darshan-rs-300-closed/
2016-05-08,58528,30580,2016-05-08 21:24:54,month_day_year_inferred@title,,and waiting hours detail by 6pm. Sarva Darshan (Free darshan) 20 Compartments / 9 Hours ;,"About 58,528 pilgrims had Srivari Darshan from 3am to 6pm on May 8",https://news.tirumala.org/sarva-darshan-free-darshan-20-compartments-9-hours-divya-darshan-footpath-darshan-12-compartments-6-hours-and-special-entry-darshan-rs-300-closed/
2016-05-09,54089,30627,2016-05-09 18:57:31,month_day_year_inferred@title,,and waiting hours detail by 6pm. Sarva Darshan (Free darshan) 20 Compartments / 9 Hours ;,"About 54,089 pilgrims had Srivari Darshan from 3am to 6pm on May 9",https://news.tirumala.org/sarva-darshan-free-darshan-20-compartments-9-hours-divya-darshan-footpath-darshan-12-compartments-6-hours-and-special-entry-darshan-rs-300-closed-2/
2016-05-10,54320,30684,2016-05-10 19:22:20,month_day_year_inferred@title,,and waiting hours detail by 6pm. Sarva Darshan (Free darshan) 28 Compartments / 12 Hours ;,"About 54,320 pilgrims had Srivari Darshan from 3am to 6pm on May 10",https://news.tirumala.org/sarva-darshan-free-darshan-28-compartments-12-hours-divya-darshan-footpath-darshan-10-compartments-6-hours-and-special-entry-darshan-rs-300-closed/
2016-05-11,47173,30715,2016-05-11 18:15:43,month_day_year_inferred@title,,and waiting hours detail by 6pm. Sarva Darshan (Free darshan) 27 Compartments / 8 Hours ;,"About 47,173 pilgrims had Srivari Darshan from 3am to 6pm on May 11",https://news.tirumala.org/about-47173-pilgrims-had-srivari-darshan-from-3am-to-6pm-on-may-11/
2016-05-12,48205,30749,2016-05-12 18:17:57,month_day_year_inferred@title,10,and waiting hours detail by 6pm. Sarva Darshan (Free darshan) Line Outside / 10 Hours ; Di,"About 48,205 pilgrims had Srivari Darshan from 3am to 6pm on May 12",https://news.tirumala.org/sarva-darshan-free-darshan-line-outside-10-hours-divya-darshan-footpath-darshan-line-outside-8-hours-and-special-entry-darshan-rs-300-closed-3/
2016-05-13,48765,30764,2016-05-13 18:52:10,month_day_year_inferred@title,,and waiting hours detail by 6pm. Sarva Darshan (Free darshan) 31 Compartments / 12 Hours ;,"About 48,765 pilgrims had Srivari Darshan from 3am to 6pm on May 13",https://news.tirumala.org/sarva-darshan-free-darshan-31-compartments-12-hours-divya-darshan-footpath-darshan-16-compartments-8-hours-and-special-entry-darshan-rs-300-closed/
2016-05-14,62659,30832,2016-05-14 20:49:33,month_day_year_inferred@title,12,and waiting hours detail by 6pm. Sarva Darshan (Free darshan) Line Outside / 12 Hours ; Di,"About 62,659 pilgrims had Srivari Darshan from 3am to 6pm on May 14",https://news.tirumala.org/sarva-darshan-free-darshan-line-outside-12-hours-divya-darshan-footpath-darshan-line-outside-8-hours-and-special-entry-darshan-rs-300-closed/
2016-05-15,62897,30915,2016-05-15 19:28:44,month_day_year_inferred@title,,and waiting hours detail by 6pm. Sarva Darshan (Free darshan) 30 Compartments / 10 Hours ;,"About 62,897 pilgrims had Srivari Darshan from 3am to 6pm on May 15",https://news.tirumala.org/sarva-darshan-free-darshan-30-compartments-10-hours-divya-darshan-footpath-darshan-14-compartments-8-hours-and-special-entry-darshan-rs-300-closed/
2016-05-16,59299,30969,2016-05-16 18:37:54,month_day_year_inferred@title,,and waiting hours detail by 6pm. Sarva Darshan (Free darshan) 16 Compartments / 5 Hours ;,"About 59,299 pilgrims had Srivari Darshan from 3am to 6pm on May 16",https://news.tirumala.org/about-59299-pilgrims-had-srivari-darshan-from-3am-to-6pm-on-may-16/
2016-05-17,54736,30994,2016-05-17 19:09:57,month_day_year_inferred@title,12,and waiting hours detail by 6pm. Sarva Darshan (Free darshan) Line Outside / 12 Hours ; Di,"About 54,736 pilgrims had Srivari Darshan from 3am to 6pm on May 17",https://news.tirumala.org/sarva-darshan-free-darshan-line-outside-12-hours-divya-darshan-footpath-darshan-line-outside-8-hours-and-special-entry-darshan-rs-300-closed-2/
2016-05-18,46639,31043,2016-05-18 19:22:29,month_day_year_inferred@title,,and waiting hours detail by 6pm. Sarva Darshan (Free darshan) 7 Compartments / Direct Line,"About 46,639 pilgrims had Srivari Darshan from 3am to 6pm on May 18",https://news.tirumala.org/sarva-darshan-free-darshan-7-compartments-direct-line-divya-darshan-footpath-darshan-2-compartments-direct-line-and-special-entry-darshan-rs-300-closed/
2016-05-19,47663,31077,2016-05-19 19:14:44,month_day_year_inferred@title,12,and waiting hours detail by 6pm. Sarva Darshan (Free darshan) Line Outside / 12 Hours ; Di,"About 47,663 pilgrims had Srivari Darshan from 3am to 6pm on May 19",https://news.tirumala.org/sarva-darshan-free-darshan-line-outside-12-hours-divya-darshan-footpath-darshan-line-outside-8-hours-and-special-entry-darshan-rs-300-closed-3/
2016-05-21,59533,31220,2016-05-21 18:45:01,month_day_year_inferred@title,12,and waiting hours detail by 6pm. Sarva Darshan (Free darshan) Line Outside / 12 Hours ; Di,"About 59,533 pilgrims had Srivari Darshan from 3am to 6pm on May 21",https://news.tirumala.org/sarva-darshan-free-darshan-line-outside-12-hours-divya-darshan-footpath-darshan-line-outside-8-hours-and-special-entry-darshan-rs-300-closed-4/
2016-05-22,63266,31278,2016-05-22 18:42:04,month_day_year_inferred@title,12,and waiting hours detail by 6pm. Sarva Darshan (Free darshan) Line Outside / 12 Hours ; Di,"About 63,266 pilgrims had Srivari Darshan from 3am to 6pm on May 22",https://news.tirumala.org/sarva-darshan-free-darshan-line-outside-12-hours-divya-darshan-footpath-darshan-line-outside-9-hours-and-special-entry-darshan-rs-300-closed/
2016-05-23,58278,31311,2016-05-23 18:42:04,month_day_year_inferred@title,12,and waiting hours detail by 6pm. Sarva Darshan (Free darshan) Line Outside / 12 Hours ; Di,"About 58,278 pilgrims had Srivari Darshan from 3am to 6pm on May 23",https://news.tirumala.org/sarva-darshan-free-darshan-line-outside-12-hours-divya-darshan-footpath-darshan-line-outside-8-hours-and-special-entry-darshan-rs-300-closed-5/
2016-05-24,52910,31346,2016-05-24 19:25:32,month_day_year_inferred@title,12,and waiting hours detail by 6pm. Sarva Darshan (Free darshan) Line Outside / 12 Hours ; Di,"About 52,910 pilgrims had Srivari Darshan from 3am to 6pm on May 24",https://news.tirumala.org/rshan-footpath-darshan-line-outside-8-hours-and-special-entry-darshan-rs-300-closed/
2016-05-24,52920,31363,2016-05-25 18:59:14,month_day_year_inferred@title,14,and waiting hours detail by 6pm. Sarva Darshan (Free darshan) Line Outside / 14 Hours ; Di,"About 52,920 pilgrims had Srivari Darshan from 3am to 6pm on May 24",https://news.tirumala.org/sarva-darshan-free-darshan-line-outside-14-hours-divya-darshan-footpath-darshan-line-outside-8-hours-and-special-entry-darshan-rs-300-closed/
2016-05-26,60289,31370,2016-05-26 19:04:20,month_day_year_inferred@body,14,and waiting hours detail by 6pm. Sarva Darshan (Free darshan) Line Outside / 14 Hours ; Di,"About 60,289 pilgrims had Srivari Darshan from 3am to 6pm on May 25",https://news.tirumala.org/about-60289-pilgrims-had-srivari-darshan-from-3am-to-6pm-on-may-25/
2016-05-27,53274,31379,2016-05-27 18:17:36,month_day_year_inferred@title,12,and waiting hours detail by 6pm. Sarva Darshan (Free darshan) Line Outside / 12 Hours ; Di,"About 53,274 pilgrims had Srivari Darshan from 3am to 6pm on May 27",https://news.tirumala.org/about-53274-pilgrims-had-srivari-darshan-from-3am-to-6pm-on-may-27/
2016-05-28,64405,31418,2016-05-28 19:44:38,month_day_year_inferred@title,14,and waiting hours detail by 6pm. Sarva Darshan (Free darshan) Line Outside / 14 Hours ; Di,"About 64,405 pilgrims had Srivari Darshan from 3am to 6pm on May 28",https://news.tirumala.org/sarva-darshan-free-darshan-line-outside-14-hours-divya-darshan-footpath-darshan-line-outside-12-hours-and-special-entry-darshan-rs-300-closed/
2016-05-29,71787,31472,2016-05-29 19:21:37,month_day_year_inferred@title,15,and waiting hours detail by 6pm. Sarva Darshan (Free darshan) Line Outside / 15 Hours ; Di,"About 71,787 pilgrims had Srivari Darshan from 3am to 6pm on May 29",https://news.tirumala.org/about-71787-pilgrims-had-srivari-darshan-from-3am-to-6pm-on-may-29/
2016-05-30,62774,31490,2016-05-30 20:13:41,month_day_year_inferred@title,,and waiting hours detail by 6pm. Sarva Darshan (Free darshan) 31 Compartments / 12 Hours ;,"About 62,774 pilgrims had Srivari Darshan from 3am to 6pm on May 30",https://news.tirumala.org/sarva-darshan-free-darshan-31-compartments-12-hours-divya-darshan-footpath-darshan-16-compartments-8-hours-and-special-entry-darshan-rs-300-closed-2/
2016-05-31,57665,31512,2016-05-31 18:30:05,month_day_year_inferred@title,,and waiting hours detail by 6pm. Sarva Darshan (Free darshan) 25 Compartments / 8 Hours ;,"About 57,665 pilgrims had Srivari Darshan from 3am to 6pm on May 31",https://news.tirumala.org/sarva-darshan-free-darshan-25-compartments-8-hours-divya-darshan-footpath-darshan-12-compartments-6-hours-and-special-entry-darshan-rs-300-closed/
2016-06-01,52927,31567,2016-06-01 20:09:02,month_day_year_inferred@title,,and waiting hours detail by 6pm. Sarva Darshan (Free darshan) 24 Commpartments / 10 Hours,"About 52,927 pilgrims had Srivari Darshan from 3am to 6pm on June 1",https://news.tirumala.org/about-52927-pilgrims-had-srivari-darshan-from-3am-to-6pm-on-june-2/
2016-06-02,48913,31563,2016-06-02 20:06:50,month_day_year_inferred@title,8,and waiting hours detail by 6pm. Sarva Darshan (Free darshan) Line Outside / 8 Hours ; Div,"About 48,913 pilgrims had Srivari Darshan from 3am to 6pm on June 2",https://news.tirumala.org/sarva-darshan-free-darshan-line-outside-8-hours-divya-darshan-footpath-darshan-line-outside-8-hours-and-special-entry-darshan-rs-300-closed/
2016-06-03,55970,31584,2016-06-03 18:49:41,month_day_year_inferred@title,,and waiting hours detail by 6pm. Sarva Darshan (Free darshan) 29 Compartments / 8 Hours ;,"About 55,970 pilgrims had Srivari Darshan from 3am to 6pm on June 3",https://news.tirumala.org/sarva-darshan-free-darshan-29-compartments-8-hours-divya-darshan-footpath-darshan-10-compartments-6-hours-and-special-entry-darshan-rs-300-closed/
2016-06-04,69527,31621,2016-06-04 18:25:30,month_day_year_inferred@title,12,and waiting hours detail by 6pm. Sarva Darshan (Free darshan) Line Outside / 12 Hours ; Di,"About 69,527 pilgrims had Srivari Darshan from 3am to 6pm on June 4",https://news.tirumala.org/sarva-darshan-free-darshan-line-outside-12-hours-divya-darshan-footpath-darshan-line-outside-8-hours-and-special-entry-darshan-rs-300-closed-6/
2016-06-05,67113,31628,2016-06-05 18:56:27,month_day_year_inferred@title,,and waiting hours detail by 6pm. Sarva Darshan (Free darshan) 31 Compartmetns / 10 Hours ;,"About 67,113 pilgrims had Srivari Darshan from 3am to 6pm on June 5",https://news.tirumala.org/about-67113-pilgrims-had-srivari-darshan-from-3am-to-6pm-on-june-5/
2016-06-06,56297,31644,2016-06-06 19:01:12,month_day_year_inferred@title,,and waiting hours detail by 6pm. Sarva Darshan (Free darshan) 9 Compartmetns / 4 Hours ; D,"About 56,297 pilgrims had Srivari Darshan from 3am to 6pm on June 6",https://news.tirumala.org/sarva-darshan-free-darshan-9-compartmetns-4-hours-divya-darshan-footpath-darshan-6-compartments-3-hours-and-special-entry-darshan-rs-300-closed/
2016-06-07,48728,31655,2016-06-07 19:40:38,month_day_year_inferred@title,,and waiting hours detail by 6pm. Sarva Darshan (Free darshan) 14 Compartmetns / 6 Hours ;,"About 48,728 pilgrims had Srivari Darshan from 3am to 6pm on June 7",https://news.tirumala.org/sarva-darshan-free-darshan-14-compartmetns-6-hours-divya-darshan-footpath-darshan-6-compartments-3-hours-and-special-entry-darshan-rs-300-closed/
2016-06-08,48817,31694,2016-06-08 18:45:59,month_day_year_inferred@title,,and waiting hours detail by 6pm. Sarva Darshan (Free darshan) 31 Compartments / 12 Hours ;,"About 48,817 pilgrims had Srivari Darshan from 3am to 6pm on June 8",https://news.tirumala.org/sarva-darshan-free-darshan-31-compartmetns-12-hours-divya-darshan-footpath-darshan-12-compartments-10-hours-and-special-entry-darshan-rs-300-closed/
2016-06-09,49529,31718,2016-06-09 18:42:10,month_day_year_inferred@title,10,and waiting hours detail by 6pm. Sarva Darshan (Free darshan) Line Outside / 10 Hours ; Di,"About 49,529 pilgrims had Srivari Darshan from 3am to 6pm on June 9",https://news.tirumala.org/sarva-darshan-free-darshan-line-outside-10-hours-divya-darshan-footpath-darshan-line-outside-8-hours-and-special-entry-darshan-rs-300-closed-4/
2016-06-10,53040,31745,2016-06-10 19:13:29,month_day_year_inferred@title,12,and waiting hours detail by 6pm. Sarva Darshan (Free darshan) Line Outside / 12 Hours ; Di,"About 53,040 pilgrims had Srivari Darshan from 3am to 6pm on June 10",https://news.tirumala.org/sarva-darshan-free-darshan-line-outside-12-hours-divya-darshan-footpath-darshan-line-outside-10-hours-and-special-entry-darshan-rs-300-closed/
2016-06-11,70040,31771,2016-06-11 21:38:04,month_day_year_inferred@title,15,and waiting hours detail by 6pm. Sarva Darshan (Free darshan) Line Outside / 15 Hours ; Di,"About 70,040 pilgrims had Srivari Darshan from 3am to 6pm on June 11",https://news.tirumala.org/sarva-darshan-free-darshan-line-outside-15-hours-divya-darshan-footpath-darshan-line-outside-10-hours-and-special-entry-darshan-rs-300-closed-2/
2016-06-12,75139,31809,2016-06-12 18:45:10,month_day_year_inferred@title,10,and waiting hours detail by 6pm. Sarva Darshan (Free darshan) Line Outside / 10 Hours ; Di,"About 75,139 pilgrims had Srivari Darshan from 3am to 6pm on June 12",https://news.tirumala.org/about-75139-pilgrims-had-srivari-darshan-from-3am-to-6pm-on-june-12/
2016-06-13,63772,31851,2016-06-13 18:54:27,month_day_year_inferred@title,,and waiting hours detail by 6pm. Sarva Darshan (Free darshan) 28 Compartments / 10 Hours ;,"About 63,772 pilgrims had Srivari Darshan from 3am to 6pm on June 13",https://news.tirumala.org/sarva-darshan-free-darshan-28-compartments-10-hours-divya-darshan-footpath-darshan-12-compartments-6-hours-and-special-entry-darshan-rs-300-closed/
2016-06-14,52706,31866,2016-06-14 18:47:19,month_day_year_inferred@title,,and waiting hours detail by 6pm. Sarva Darshan (Free darshan) 22 Compartments / 8 Hours ;,"About 52,706 pilgrims had Srivari Darshan from 3am to 6pm on June 14",https://news.tirumala.org/sarva-darshan-free-darshan-22-compartments-8-hours-divya-darshan-footpath-darshan-8-compartments-5-hours-and-special-entry-darshan-rs-300-closed/
2016-06-15,46914,31885,2016-06-15 18:56:03,month_day_year_inferred@title,,and waiting hours detail by 6pm. Sarva Darshan (Free darshan) 16 Compartments / 6 Hours ;,"About 46,914 pilgrims had Srivari Darshan from 3am to 6pm on June 15",https://news.tirumala.org/sarva-darshan-free-darshan-16-compartments-6-hours-divya-darshan-footpath-darshan-6-compartments-4-hours-and-special-entry-darshan-rs-300-closed-2/
2016-06-16,49300,31924,2016-06-16 20:02:14,month_day_year_inferred@title,,and waiting hours detail by 6pm. Sarva Darshan (Free darshan) 30 Compartments / 10 Hours ;,"About 49,300 pilgrims had Srivari Darshan from 3am to 6pm on June 16",https://news.tirumala.org/sarva-darshan-free-darshan-30-compartments-10-hours-divya-darshan-footpath-darshan-16-compartments-7-hours-and-special-entry-darshan-rs-300-closed/
2016-06-17,53230,31951,2016-06-17 18:24:52,month_day_year_inferred@title,,and waiting hours detail by 6pm. Sarva Darshan (Free darshan) 22 Compartments / 8 Hours ;,"About 53,230 pilgrims had Srivari Darshan from 3am to 6pm on June 17",https://news.tirumala.org/about-53230-pilgrims-had-srivari-darshan-from-3am-to-6pm-on-june-17/
2016-06-18,75876,31955,2016-06-18 19:27:58,month_day_year_inferred@title,12,and waiting hours detail by 6pm. Sarva Darshan (Free darshan) Line outside / 12 Hours ; Di,"About 75,876 pilgrims had Srivari Darshan from 3am to 6pm on June 18",https://news.tirumala.org/about-75876-pilgrims-had-srivari-darshan-from-3am-to-6pm-on-june-18/
2016-06-19,62896,32011,2016-06-19 19:47:21,month_day_year_inferred@title,12,and waiting hours detail by 6pm. Sarva Darshan (Free darshan) Line outside / 12 Hours ; Di,"About 62,896 pilgrims had Srivari Darshan from 3am to 6pm on June 19",https://news.tirumala.org/sarva-darshan-free-darshan-line-outside-12-hours-divya-darshan-footpath-darshan-line-outside-8-hours-and-special-entry-darshan-rs-300-closed-7/
2016-06-20,63937,32037,2016-06-20 18:59:05,month_day_year_inferred@title,,and waiting hours detail by 6pm. Sarva Darshan (Free darshan) 22 Compartments / 10 Hours ;,"About 63,937 pilgrims had Srivari Darshan from 3am to 6pm on June 20",https://news.tirumala.org/sarva-darshan-free-darshan-22-compartments-10-hours-divya-darshan-footpath-darshan-12-compartments-6-hours-and-special-entry-darshan-rs-300-closed/
2016-06-21,53466,32069,2016-06-21 19:35:45,month_day_year_inferred@title,,and waiting hours detail by 6pm. Sarva Darshan (Free darshan) 27 Compartments / 10 Hours ;,"About 53,466 pilgrims had Srivari Darshan from 3am to 6pm on June 21",https://news.tirumala.org/sarva-darshan-free-darshan-27-compartments-10-hours-divya-darshan-footpath-darshan-14-compartments-6-hours-and-special-entry-darshan-rs-300-closed/
2016-06-22,55266,32099,2016-06-22 19:06:42,month_day_year_inferred@title,,and waiting hours detail by 6pm. Sarva Darshan (Free darshan) 8 Compartments / 4 Hours ; D,"About 55,266 pilgrims had Srivari Darshan from 3am to 6pm on June 22",https://news.tirumala.org/sarva-darshan-free-darshan-8-compartments-4-hours-divya-darshan-footpath-darshan-6-compartments-3-hours-and-special-entry-darshan-rs-300-closed-2/
2016-06-23,43074,32142,2016-06-23 18:37:58,month_day_year_inferred@title,,and waiting hours detail by 6pm. Sarva Darshan (Free darshan) 24 Compartments / 8 Hours ;,"About 43,074 pilgrims had Srivari Darshan from 3am to 6pm on June 23",https://news.tirumala.org/sarva-darshan-free-darshan-24-compartments-8-hours-divya-darshan-footpath-darshan-14-compartments-6-hours-and-special-entry-darshan-rs-300-closed/
2016-06-24,49022,32168,2016-06-24 18:59:08,month_day_year_inferred@title,,and waiting hours detail by 6pm. Sarva Darshan (Free darshan) 17 Compartments / 8 Hours ;,"About 49,022 pilgrims had Srivari Darshan from 3am to 6pm on June 24",https://news.tirumala.org/sarva-darshan-free-darshan-17-compartments-8-hours-divya-darshan-footpath-darshan-8-compartments-4-hours-and-special-entry-darshan-rs-300-closed/
2016-06-25,64195,32203,2016-06-25 19:58:42,month_day_year_inferred@title,12,and waiting hours detail by 6pm. Sarva Darshan (Free darshan) Line Outside / 12 Hours ; Di,"About 64,195 pilgrims had Srivari Darshan from 3am to 6pm on June 25",https://news.tirumala.org/sarva-darshan-free-darshan-line-outside-12-hours-divya-darshan-footpath-darshan-line-outside-9-hours-and-special-entry-darshan-rs-300-closed-2/
2016-06-26,63487,32218,2016-06-26 19:05:39,month_day_year_inferred@title,,and waiting hours detail by 6pm. Sarva Darshan (Free darshan) 28 Compartments / 10 Hours ;,"About 63,487 pilgrims had Srivari Darshan from 3am to 6pm on June 26",https://news.tirumala.org/about-63487-pilgrims-had-srivari-darshan-from-3am-to-6pm-on-june-26/
2016-06-27,60420,32227,2016-06-27 18:37:47,month_day_year_inferred@title,,and waiting hours detail by 6pm. Sarva Darshan (Free darshan) 17 Compartments / 8 Hours ;,"About 60,420 pilgrims had Srivari Darshan from 3am to 6pm on June 27",https://news.tirumala.org/sarva-darshan-free-darshan-17-compartments-8-hours-divya-darshan-footpath-darshan-8-compartments-6-hours-and-special-entry-darshan-rs-300-closed/
2016-06-28,55429,32257,2016-06-28 18:38:36,month_day_year_inferred@title,,and waiting hours detail by 6pm. Sarva Darshan (Free darshan) 7 Compartments / 4 Hours ; D,"About 55,429 pilgrims had Srivari Darshan from 3am to 6pm on June 28",https://news.tirumala.org/sarva-darshan-free-darshan-7-compartments-4-hours-divya-darshan-footpath-darshan-8-compartments-4-hours-and-special-entry-darshan-rs-300-closed/
2016-06-29,49889,32267,2016-06-29 19:07:10,month_day_year_inferred@title,,and waiting hours detail by 6pm. Sarva Dharshan (Free darshan) Direct Line ; Divya Dharsha,"About 49,889 pilgrims had Srivari Dharshan from 3am to 6pm on June 29",https://news.tirumala.org/sarva-darshan-free-darshan-direct-line-divya-darshan-footpath-darshan-direct-line-and-special-entry-darshan-rs-300-closed-25/
2016-06-30,42696,32290,2016-06-30 18:21:06,month_day_year_inferred@title,,and waiting hours detail by 6pm. Sarva Dharshan (Free darshan) 19 Compartments / 8 Hours ;,"About 42,696 pilgrims had Srivari Dharshan from 3am to 6pm on June 30",https://news.tirumala.org/sarva-dharshan-free-darshan-19-compartments-8-hours-divya-dharshan-footpath-darshan-10-compartments-6-hours-and-special-entry-darshan-rs-300-closed/
2016-07-01,43529,32330,2016-07-01 19:11:29,month_day_year_inferred@title,,and waiting hours detail by 6pm. Sarva Dharshan (Free darshan) 8 Compartments / 4 Hours ;,"About 43,529 pilgrims had Srivari Dharshan from 3am to 6pm on July 1",https://news.tirumala.org/sarva-dharshan-free-darshan-8-compartments-4-hours-divya-dharshan-footpath-darshan-6-compartments-3-hours-and-special-entry-darshan-rs-300-closed/
2016-07-02,55899,32369,2016-07-02 18:16:13,month_day_year_inferred@title,,and waiting hours detail by 6pm. Sarva Dharshan (Free darshan) 27 Compartments / 10 Hours,"About 55,899 pilgrims had Srivari Dharshan from 3am to 6pm on July 2",https://news.tirumala.org/sarva-dharshan-free-darshan-27-compartments-10-hours-divya-dharshan-footpath-darshan-10-compartments-8-hours-and-special-entry-darshan-rs-300-closed/
2016-07-03,58914,32374,2016-07-03 18:08:57,month_day_year_inferred@title,,and waiting hours detail by 6pm. Sarva Dharshan (Free darshan) 29 Compartments / 10 Hours,"About 58,914 pilgrims had Srivari Dharshan from 3am to 6pm on July 3",https://news.tirumala.org/sarva-dharshan-free-darshan-29-compartments-10-hours-divya-dharshan-footpath-darshan-12-compartments-6-hours-and-special-entry-darshan-rs-300-closed/
2016-07-04,58825,32433,2016-07-04 19:55:14,month_day_year_inferred@title,,and waiting hours detail by 6pm. Sarva Dharshan (Free darshan) Direct Line ; Divya Dharsha,"About 58,825 pilgrims had Srivari Dharshan from 3am to 6pm on July 4",https://news.tirumala.org/sarva-dharshan-free-darshan-direct-line-divya-dharshan-footpath-darshan-direct-line-and-special-entry-darshan-rs-300-closed/
2016-07-05,58825,32461,2016-07-05 20:27:38,month_day_year_inferred@title,,and waiting hours detail by 6pm. Sarva Dharshan (Free darshan) 7 Compartments / 4 Hours ;,"About 58,825 pilgrims had Srivari Dharshan from 3am to 6pm on July 5",https://news.tirumala.org/sarva-dharshan-free-darshan-7-compartments-4-hours-divya-dharshan-footpath-darshan-d3-compartments-3-hours-and-special-entry-darshan-rs-300-closed/
2016-07-06,41713,32483,2016-07-06 18:28:25,month_day_year_inferred@title,,and waiting hours detail by 6pm. Sarva Dharshan (Free darshan) 24 Compartments / 8 Hours ;,"About 41,713 pilgrims had Srivari Dharshan from 3am to 6pm on July 6",https://news.tirumala.org/sarva-dharshan-free-darshan-24-compartments-8-hours-divya-dharshan-footpath-darshan-12-compartments-4-hours-and-special-entry-darshan-rs-300-closed/
2016-07-07,48364,32507,2016-07-07 18:59:21,month_day_year_inferred@title,,and waiting hours detail by 6pm. Sarva Dharshan (Free darshan) Line Outside / 16 Hours ; D,"About 48,364 pilgrims had Srivari Dharshan from 3am to 6pm on July 7",https://news.tirumala.org/sarva-dharshan-free-darshan-line-outside-16-hours-divya-dharshan-footpath-darshan-line-outside-12-hours-and-special-entry-darshan-rs-300-closed/
2016-07-08,53457,32564,2016-07-08 18:50:51,month_day_year_inferred@title,,and waiting hours detail by 6pm. Sarva Dharshan (Free darshan) 22 Compartments / 10 Hours,"About 53,457 pilgrims had Srivari Dharshan from 3am to 6pm on July 8",https://news.tirumala.org/sarva-dharshan-free-darshan-22-compartments-10-hours-divya-dharshan-footpath-darshan-16-compartments-8-hours-and-special-entry-darshan-rs-300-closed/
2016-07-09,63302,32586,2016-07-09 19:02:16,month_day_year_inferred@title,,and waiting hours detail by 6pm. Sarva Dharshan (Free darshan) Line Outside / 12 Hours ; D,"About 63,302 pilgrims had Srivari Dharshan from 3am to 6pm on July 9",https://news.tirumala.org/sarva-dharshan-free-darshan-line-outside-12-hours-divya-dharshan-footpath-darshan-line-outside-8-hours-and-special-entry-darshan-rs-300-closed/
2016-07-10,65923,32626,2016-07-10 18:51:41,month_day_year_inferred@title,,and waiting hours detail by 6pm. Sarva Dharshan (Free darshan) Line Outside / 14 Hours ; D,"About 65,923 pilgrims had Srivari Dharshan from 3am to 6pm on July 10",https://news.tirumala.org/about-65923-pilgrims-had-srivari-dharshan-from-3am-to-6pm-on-july-10/
2016-07-11,56664,32647,2016-07-11 18:27:19,month_day_year_inferred@title,,and waiting hours detail by 6pm. Sarva Dharshan (Free darshan) 26 Compartments / 8 Hours ;,"About 56,664 pilgrims had Srivari Dharshan from 3am to 6pm on July 11",https://news.tirumala.org/sarva-dharshan-free-darshan-26-compartments-8-hours-divya-dharshan-footpath-darshan-8-compartments-6-hours-and-special-entry-darshan-rs-300-closed/
2016-07-12,50311,32667,2016-07-12 18:10:20,month_day_year_inferred@title,,and waiting hours detail by 6pm. Sarva Dharshan (Free darshan) 15 Compartments / 8 Hours ;,"About 50,311 pilgrims had Srivari Dharshan from 3am to 6pm on July 12",https://news.tirumala.org/about-50311-pilgrims-had-srivari-dharshan-from-3am-to-6pm-on-july-12/
2016-07-13,42574,32689,2016-07-13 18:43:50,month_day_year_inferred@title,,and waiting hours detail by 6pm. Sarva Dharshan (Free darshan) 11 Compartments / 5 Hours ;,"About 42,574 pilgrims had Srivari Dharshan from 3am to 6pm on July 13",https://news.tirumala.org/about-42574-pilgrims-had-srivari-dharshan-from-3am-to-6pm-on-july-13/
2016-07-14,41316,32720,2016-07-14 18:38:41,month_day_year_inferred@title,,and waiting hours detail by 6pm. Sarva Dharshan (Free darshan) 22 Compartments / 8 Hours ;,"About 41,316 pilgrims had Srivari Dharshan from 3am to 6pm on July 14",https://news.tirumala.org/sarva-dharshan-free-darshan-22-compartments-8-hours-divya-dharshan-footpath-darshan-10-compartments-6-hours-and-special-entry-darshan-rs-300-closed/
2016-07-15,42243,32724,2016-07-15 18:38:11,month_day_year_inferred@title,,and waiting hours detail by 6pm. Sarva Dharshan (Free darshan) 22 Compartments / 8 Hours ;,"About 42,243 pilgrims had Srivari Dharshan from 3am to 6pm on July 15",https://news.tirumala.org/about-42243-pilgrims-had-srivari-dharshan-from-3am-to-6pm-on-july-15/
2016-07-16,54481,32774,2016-07-16 18:56:22,month_day_year_inferred@title,,and waiting hours detail by 6pm. Sarva Dharshan (Free darshan) Line Outside / 10 Hours ; D,"About 54,481 pilgrims had Srivari Dharshan from 3am to 6pm on July 16",https://news.tirumala.org/sarva-dharshan-free-darshan-line-outside-10-hours-divya-dharshan-footpath-darshan-line-outside-8-hours-and-special-entry-darshan-rs-300-closed/
2016-07-17,63299,32793,2016-07-17 18:27:40,month_day_year_inferred@title,,and waiting hours detail by 6pm. Sarva Dharshan (Free darshan) Line Outside / 12 Hours ; D,"About 63,299 pilgrims had Srivari Dharshan from 3am to 6pm on July 17",https://news.tirumala.org/about-63299-pilgrims-had-srivari-dharshan-from-3am-to-6pm-on-july-17/
2016-07-18,63183,32836,2016-07-18 20:14:22,month_day_year_inferred@title,,and waiting hours detail by 6pm. Sarva Dharshan (Free darshan) 18 Compartments / 6 Hours ;,"About 63,183 pilgrims had Srivari Dharshan from 3am to 6pm on July 18",https://news.tirumala.org/sarva-dharshan-free-darshan-18-compartments-6-hours-divya-dharshan-footpath-darshan-8-compartments-6-hours-and-special-entry-darshan-rs-300-closed/
2016-07-19,53941,32888,2016-07-19 20:29:33,month_day_year_inferred@title,,and waiting hours detail by 6pm. Sarva Dharshan (Free darshan) 18 Compartments / 8 Hours ;,"About 53,941 pilgrims had Srivari Dharshan from 3am to 6pm on July 19",https://news.tirumala.org/sarva-dharshan-free-darshan-18-compartments-8-hours-divya-dharshan-footpath-darshan-10-compartments-5-hours-and-special-entry-darshan-rs-300-closed/
2016-07-20,46630,32901,2016-07-20 19:11:20,month_day_year_inferred@title,,and waiting hours detail by 6pm. Sarva Dharshan (Free darshan) 23 Compartments / 8 Hours ;,"About 46,630 pilgrims had Srivari Dharshan from 3am to 6pm on July 20",https://news.tirumala.org/sarva-dharshan-free-darshan-23-compartments-8-hours-divya-dharshan-footpath-darshan-10-compartments-6-hours-and-special-entry-darshan-rs-300-closed/
2016-07-21,41163,32930,2016-07-21 18:39:42,month_day_year_inferred@title,,and waiting hours detail by 6pm. Sarva Dharshan (Free darshan) Line Outside / 10 Hours ; D,"About 41,163 pilgrims had Srivari Dharshan from 3am to 6pm on July 21",https://news.tirumala.org/sarva-dharshan-free-darshan-line-outside-10-hours-divya-dharshan-footpath-darshan-12-compartments-7-hours-and-special-entry-darshan-rs-300-closed/
2016-07-22,45725,32943,2016-07-22 18:20:47,month_day_year_inferred@title,,and waiting hours detail by 6pm. Sarva Dharshan (Free darshan) 16 Compartments / 8 Hours ;,"About 45,725 pilgrims had Srivari Dharshan from 3am to 6pm on July 22",https://news.tirumala.org/sarva-dharshan-free-darshan-16-compartments-8-hours-divya-dharshan-footpath-darshan-8-compartments-6-hours-and-special-entry-darshan-rs-300-closed/
2016-07-23,57810,32977,2016-07-23 18:57:43,month_day_year_inferred@title,,and waiting hours detail by 6pm. Sarva Dharshan (Free darshan) 26 Compartments / 8 Hours ;,"About 57,810 pilgrims had Srivari Dharshan from 3am to 6pm on July 23",https://news.tirumala.org/sarva-dharshan-free-darshan-26-compartments-8-hours-divya-dharshan-footpath-darshan-8-compartments-6-hours-and-special-entry-darshan-rs-300-closed-2/
2016-07-24,62069,32990,2016-07-24 18:42:01,month_day_year_inferred@title,,and waiting hours detail by 6pm. Sarva Dharshan (Free darshan) 23 Compartments / 8 Hours ;,"About 62,069 pilgrims had Srivari Dharshan from 3am to 6pm on July 24",https://news.tirumala.org/sarva-dharshan-free-darshan-23-compartments-8-hours-divya-dharshan-footpath-darshan-16-compartments-6-hours-and-special-entry-darshan-rs-300-closed/
2016-07-25,55030,32994,2016-07-25 18:27:00,month_day_year_inferred@title,,and waiting hours detail by 6pm. Sarva Dharshan (Free darshan) 7 Compartments / 3 Hours ;,"About 55,030 pilgrims had Srivari Dharshan from 3am to 6pm on July 25",https://news.tirumala.org/sarva-dharshan-free-darshan-7-compartments-3-hours-divya-dharshan-footpath-darshan-2-compartments-2-hours-and-special-entry-darshan-rs-300-closed/
2016-07-26,46040,33061,2016-07-26 19:00:41,month_day_year_inferred@title,,and waiting hours detail by 6pm. Sarva Dharshan (Free darshan) 21 Compartments / 8 Hours ;,"About 46,040 pilgrims had Srivari Dharshan from 3am to 6pm on July 26",https://news.tirumala.org/sarva-dharshan-free-darshan-21-compartments-8-hours-divya-dharshan-footpath-darshan-9-compartments-5-hours-and-special-entry-darshan-rs-300-closed/
2016-07-27,43720,33105,2016-07-27 18:33:48,month_day_year_inferred@title,,and waiting hours detail by 6pm. Sarva Dharshan (Free darshan) 12 Compartments / 4 Hours ;,"About 43,720 pilgrims had Srivari Dharshan from 3am to 6pm on July 27",https://news.tirumala.org/sarva-dharshan-free-darshan-12-compartments-4-hours-divya-dharshan-footpath-darshan-4-compartments-2-hours-and-special-entry-darshan-rs-300-closed/
2016-07-28,46398,33152,2016-07-28 19:05:55,month_day_year_inferred@title,,and waiting hours detail by 6pm. Sarva Dharshan (Free darshan) 16 Compartments / 5 Hours ;,"About 46,398 pilgrims had Srivari Dharshan from 3am to 6pm on July 28",https://news.tirumala.org/sarva-dharshan-free-darshan-16-compartments-5-hours-divya-dharshan-footpath-darshan-7-compartments-3-hours-and-special-entry-darshan-rs-300-closed/
2016-07-29,39323,33175,2016-07-29 18:49:27,month_day_year_inferred@title,,and waiting hours detail by 6pm. Sarva Dharshan (Free darshan) 17 Compartments / 7 Hours ;,"About 39,323 pilgrims had Srivari Dharshan from 3am to 6pm on July 29",https://news.tirumala.org/sarva-dharshan-free-darshan-17-compartments-7-hours-divya-dharshan-footpath-darshan-10-compartments-5-hours-and-special-entry-darshan-rs-300-closed/
2016-07-30,58358,33238,2016-07-30 19:06:48,month_day_year_inferred@title,,and waiting hours detail by 6pm. Sarva Dharshan (Free darshan) 22 Compartments / 8 Hours ;,"About 58,358 pilgrims had Srivari Dharshan from 3am to 6pm on July 30",https://news.tirumala.org/sarva-dharshan-free-darshan-22-compartments-8-hours-divya-dharshan-footpath-darshan-12-compartments-6-hours-and-special-entry-darshan-rs-300-closed/
2016-07-31,60054,33242,2016-07-31 18:35:58,month_day_year_inferred@title,,and waiting hours detail by 6pm. Sarva Dharshan (Free darshan) 20 Compartments / 8 Hours ;,"About 60,054 pilgrims had Srivari Dharshan from 3am to 6pm on July 31",https://news.tirumala.org/sarva-dharshan-free-darshan-20-compartments-8-hours-divya-dharshan-footpath-darshan-10-compartments-5-hours-and-special-entry-darshan-rs-300-closed/
2016-08-01,49550,33287,2016-08-01 19:32:41,month_day_year_inferred@title,,and waiting hours detail by 6pm. Sarva Dharshan (Free darshan) Direct Line ; Divya Dharsha,"About 49,550 pilgrims had Srivari Dharshan from 3am to 6pm on Aug 1",https://news.tirumala.org/sarva-dharshan-free-darshan-direct-line-divya-dharshan-footpath-darshan-direct-line-and-special-entry-darshan-rs-300-closed-2/
2016-08-02,45839,33342,2016-08-02 19:13:00,month_day_year_inferred@title,,and waiting hours detail by 6pm. Sarva Dharshan (Free darshan) 7 Compartments / 4 hours ;,"About 45,839 pilgrims had Srivari Dharshan from 3am to 6pm on Aug 2",https://news.tirumala.org/sarva-dharshan-free-darshan-7-compartments-4-hours-divya-dharshan-footpath-darshan-4-compartments-2-hours-and-special-entry-darshan-rs-300-closed/
2016-08-03,40591,33399,2016-08-03 19:12:10,month_day_year_inferred@title,,and waiting hours detail by 6pm. Sarva Dharshan (Free darshan) Direct Line ; Divya Dharsha,"About 40,591 pilgrims had Srivari Dharshan from 3am to 6pm on Aug 3",https://news.tirumala.org/sarva-dharshan-free-darshan-direct-line-divya-dharshan-footpath-darshan-direct-line-and-special-entry-darshan-rs-300-closed-3/
2016-08-04,43053,33425,2016-08-04 19:33:34,month_day_year_inferred@title,,and waiting hours detail by 6pm. Sarva Dharshan (Free darshan) 19 Compartments / 8 Hours ;,"About 43,053 pilgrims had Srivari Dharshan from 3am to 6pm on Aug 4",https://news.tirumala.org/sarva-dharshan-free-darshan-19-compartments-8-hours-divya-dharshan-footpath-darshan-8-compartments-6-hours-and-special-entry-darshan-rs-300-closed/
2016-08-05,40514,33469,2016-08-05 18:29:12,month_day_year_inferred@title,,and waiting hours detail by 6pm. Sarva Dharshan (Free darshan) 22 Compartments / 8 Hours ;,"About 40,514 pilgrims had Srivari Dharshan from 3am to 6pm on Aug 5",https://news.tirumala.org/sarva-dharshan-free-darshan-22-compartments-8-hours-divya-dharshan-footpath-darshan-10-compartments-6-hours-and-special-entry-darshan-rs-300-closed-2/
2016-08-06,57937,33492,2016-08-06 19:01:25,month_day_year_inferred@title,,and waiting hours detail by 6pm. Sarva Dharshan (Free darshan) 26 Compartments / 10 Hours,"About 57,937 pilgrims had Srivari Dharshan from 3am to 6pm on Aug 6",https://news.tirumala.org/about-57937-pilgrims-had-srivari-dharshan-from-3am-to-6pm-on-aug-6/
2016-08-07,56099,33549,2016-08-07 21:33:09,month_day_year_inferred@title,,and waiting hours detail by 6pm. Sarva Dharshan (Free darshan) 26 Compartments / 8 Hours ;,"About 56,099 pilgrims had Srivari Dharshan from 3am to 6pm on Aug 7",https://news.tirumala.org/sarva-dharshan-free-darshan-26-compartments-8-hours-divya-dharshan-footpath-darshan-12-compartments-6-hours-and-special-entry-darshan-rs-300-closed/
2016-08-08,48988,33566,2016-08-08 18:45:33,month_day_year_inferred@title,,and waiting hours detail by 6pm. Sarva Dharshan (Free darshan) 6 Compartments / 4 Hours ;,"About 48,988 pilgrims had Srivari Dharshan from 3am to 6pm on Aug 8",https://news.tirumala.org/sarva-dharshan-free-darshan-6-compartments-4-hours-divya-dharshan-footpath-darshan-6-compartments-3-hours-and-special-entry-darshan-rs-300-closed/
2016-08-09,52646,33573,2016-08-09 19:29:09,month_day_year_inferred@title,,and waiting hours detail by 6pm. Sarva Dharshan (Free darshan) 6 Compartments / 2 Hours ;,"About 52,646 pilgrims had Srivari Dharshan from 3am to 6pm on Aug 9",https://news.tirumala.org/sarva-dharshan-free-darshan-6-compartments-2-hours-divya-dharshan-footpath-darshan-6-compartments-2-hours-and-special-entry-darshan-rs-300-closed/
2016-08-10,41966,33600,2016-08-10 18:42:20,month_day_year_inferred@title,,and waiting hours detail by 6pm. Sarva Dharshan (Free darshan) 12 Compartments / 6 Hours ;,"About 41,966 pilgrims had Srivari Dharshan from 3am to 6pm on Aug 10",https://news.tirumala.org/about-41966-pilgrims-had-srivari-dharshan-from-3am-to-6pm-on-aug-10/
2016-08-11,43642,33643,2016-08-11 18:38:10,month_day_year_inferred@title,,and waiting hours detail by 6pm. Sarva Dharshan (Free darshan) 13 Compartments / 6 Hours ;,"About 43,642 pilgrims had Srivari Dharshan from 3am to 6pm on Aug 11",https://news.tirumala.org/sarva-dharshan-free-darshan-13-compartments-6-hours-divya-dharshan-footpath-darshan-6-compartments-4-hours-and-special-entry-darshan-rs-300-closed/
2016-08-12,42934,33676,2016-08-12 19:04:42,month_day_year_inferred@title,,and waiting hours detail by 6pm. Sarva Dharshan (Free darshan) 15 Compartments / 6 Hours ;,"About 42,934 pilgrims had Srivari Dharshan from 3am to 6pm on Aug 12",https://news.tirumala.org/about-42934-pilgrims-had-srivari-dharshan-from-3am-to-6pm-on-aug-12/
2016-08-13,55129,33682,2016-08-13 19:08:44,month_day_year_inferred@title,,and waiting hours detail by 6pm. Sarva Dharshan (Free darshan) Line Outside / 12 Hours ; D,"About 55,129 pilgrims had Srivari Dharshan from 3am to 6pm on Aug 13",https://news.tirumala.org/about-55129-pilgrims-had-srivari-dharshan-from-3am-to-6pm-on-aug-13/
2016-08-14,67894,33764,2016-08-14 20:17:51,month_day_year_inferred@title,,and waiting hours detail by 6pm. Sarva Dharshan (Free darshan) Line Outside / 12 Hours ; D,"About 67,894 pilgrims had Srivari Dharshan from 3am to 6pm on Aug 14",https://news.tirumala.org/sarva-dharshan-free-darshan-line-outside-12-hours-divya-dharshan-footpath-darshan-line-outside-10-hours-and-special-entry-darshan-rs-300-closed/
2016-08-15,65739,33893,2016-08-15 18:47:00,month_day_year_inferred@title,,and waiting hours detail by 6pm. Sarva Dharshan (Free darshan) Line Outside / 12 Hours ; D,"About 65,739 pilgrims had Srivari Dharshan from 3am to 6pm on Aug 15",https://news.tirumala.org/sarva-dharshan-free-darshan-line-outside-12-hours-divya-dharshan-footpath-darshan-line-outside-8-hours-and-special-entry-darshan-rs-300-closed-2/
2016-08-16,65739,33963,2016-08-16 22:01:53,month_day_year_inferred@title,,and waiting hours detail by 6pm. Sarva Dharshan (Free darshan) 8 Compartments / 5 Hours ;,"About 65,739 pilgrims had Srivari Dharshan from 3am to 6pm on Aug 16",https://news.tirumala.org/sarva-dharshan-free-darshan-8-compartments-5-hours-divya-dharshan-footpath-darshan-5-compartments-4-hours-and-special-entry-darshan-rs-300-closed/
2016-08-17,40489,34010,2016-08-17 18:54:48,month_day_year_inferred@title,,and waiting hours detail by 6pm. Sarva Dharshan (Free darshan) 21 Compartments / 8 Hours ;,"About 40,489 pilgrims had Srivari Dharshan from 3am to 6pm on Aug 17",https://news.tirumala.org/sarva-dharshan-free-darshan-21-compartments-8-hours-divya-dharshan-footpath-darshan-8-compartments-6-hours-and-special-entry-darshan-rs-300-closed/
2016-08-18,44369,34082,2016-08-18 21:59:02,month_day_year_inferred@title,,and waiting hours detail by 6pm. Sarva Dharshan (Free darshan) 24 Compartments / 8 Hours ;,"About 44,369 pilgrims had Srivari Dharshan from 3am to 6pm on Aug 18",https://news.tirumala.org/sarva-dharshan-free-darshan-24-compartments-8-hours-divya-dharshan-footpath-darshan-14-compartments-4-hours-and-special-entry-darshan-rs-300-closed/
2016-08-19,45854,34111,2016-08-19 18:44:15,month_day_year_inferred@title,,and waiting hours detail by 6pm. Sarva Dharshan (Free darshan) 17 Compartments / 8 Hours ;,"About 45,854 pilgrims had Srivari Dharshan from 3am to 6pm on Aug 19",https://news.tirumala.org/sarva-dharshan-free-darshan-17-compartments-8-hours-divya-dharshan-footpath-darshan-8-compartments-6-hours-and-special-entry-darshan-rs-300-closed/
2016-08-20,54827,34150,2016-08-20 23:01:41,month_day_year_inferred@title,,and waiting hours detail by 6pm. Sarva Dharshan (Free darshan) 23 Compartments / 8 Hours ;,"About 54,827 pilgrims had Srivari Dharshan from 3am to 6pm on Aug 20",https://news.tirumala.org/sarva-dharshan-free-darshan-23-compartments-8-hours-divya-dharshan-footpath-darshan-12-compartments-6-hours-and-special-entry-darshan-rs-300-closed/
2016-08-21,61037,34190,2016-08-21 21:39:59,month_day_year_inferred@title,,and waiting hours detail by 6pm. Sarva Dharshan (Free darshan) 27 Compartments / 8 Hours ;,"About 61,037 pilgrims had Srivari Dharshan from 3am to 6pm on Aug 21",https://news.tirumala.org/sarva-dharshan-free-darshan-27-compartments-8-hours-divya-dharshan-footpath-darshan-8-compartments-4-hours-and-special-entry-darshan-rs-300-closed/
2016-08-22,56879,34213,2016-08-22 18:51:59,month_day_year_inferred@title,,and waiting hours detail by 6pm. Sarva Dharshan (Free darshan) 16 Compartments / 6 Hours ;,"About 56,879 pilgrims had Srivari Dharshan from 3am to 6pm on Aug 22",https://news.tirumala.org/sarva-dharshan-free-darshan-16-compartments-6-hours-divya-dharshan-footpath-darshan-3-compartments-4-hours-and-special-entry-darshan-rs-300-closed/
2016-08-23,51035,34259,2016-08-23 18:53:00,month_day_year_inferred@title,,and waiting hours detail by 6pm. Sarva Dharshan (Free darshan) 13 Compartments / 6 Hours ;,"About 51,035 pilgrims had Srivari Dharshan from 3am to 6pm on Aug 23",https://news.tirumala.org/sarva-dharshan-free-darshan-13-compartments-6-hours-divya-dharshan-footpath-darshan-6-compartments-4-hours-and-special-entry-darshan-rs-300-closed-2/
2016-08-24,44891,34321,2016-08-24 19:39:55,month_day_year_inferred@title,,and waiting hours detail by 6pm. Sarva Dharshan (Free darshan) 13 Compartments / 6 Hours ;,"About 44,891 pilgrims had Srivari Dharshan from 3am to 6pm on Aug 24",https://news.tirumala.org/sarva-dharshan-free-darshan-13-compartments-6-hours-divya-dharshan-footpath-darshan-4-compartments-3-hours-and-special-entry-darshan-rs-300-closed/
2016-08-25,39591,34364,2016-08-25 20:31:49,month_day_year_inferred@title,,and waiting hours detail by 6pm. Sarva Dharshan (Free darshan) 24 Compartments / 8 Hours ;,"About 39,591 pilgrims had Srivari Dharshan from 3am to 6pm on Aug 25",https://news.tirumala.org/sarva-dharshan-free-darshan-24-compartments-8-hours-divya-dharshan-footpath-darshan-16-compartments-6-hours-and-special-entry-darshan-rs-300-closed/
2016-08-26,48141,34398,2016-08-26 18:53:03,month_day_year_inferred@title,,and waiting hours detail by 6pm. Sarva Dharshan (Free darshan) 18 Compartments / 8 Hours ;,"About 48,141 pilgrims had Srivari Dharshan from 3am to 6pm on Aug 26",https://news.tirumala.org/sarva-dharshan-free-darshan-18-compartments-8-hours-divya-dharshan-footpath-darshan-8-compartments-6-hours-and-special-entry-darshan-rs-300-closed/
2016-08-27,57624,34415,2016-08-27 18:34:03,month_day_year_inferred@title,,and waiting hours detail by 6pm. Sarva Dharshan (Free darshan) 30 Compartments / 10 Hours,"About 57,624 pilgrims had Srivari Dharshan from 3am to 6pm on Aug 27",https://news.tirumala.org/sarva-dharshan-free-darshan-30-compartments-10-hours-divya-dharshan-footpath-darshan-16-compartments-8-hours-and-special-entry-darshan-rs-300-closed/
2016-08-28,59994,34444,2016-08-28 18:53:50,month_day_year_inferred@title,,and waiting hours detail by 6pm. Sarva Dharshan (Free darshan) Line Outside / 12 Hours ; D,"About 59,994 pilgrims had Srivari Dharshan from 3am to 6pm on Aug 28",https://news.tirumala.org/sarva-dharshan-free-darshan-line-outside-12-hours-divya-dharshan-footpath-darshan-16-compartments-8-hours-and-special-entry-darshan-rs-300-closed/
2016-08-29,57836,34477,2016-08-29 19:21:29,month_day_year_inferred@title,,and waiting hours detail by 6pm. Sarva Dharshan (Free darshan) 13 Compartments / 6 Hours ;,"About 57,836 pilgrims had Srivari Dharshan from 3am to 6pm on Aug 29",https://news.tirumala.org/sarva-dharshan-free-darshan-13-compartments-6-hours-divya-dharshan-footpath-darshan-6-compartments-3-hours-and-special-entry-darshan-rs-300-closed/
2016-08-30,49057,34495,2016-08-30 19:18:15,month_day_year_inferred@title,,and waiting hours detail by 6pm. Sarva Dharshan (Free darshan) 6 Compartments / 3 Hours ;,"About 49,057 pilgrims had Srivari Dharshan from 3am to 6pm on Aug 30",https://news.tirumala.org/sarva-dharshan-free-darshan-6-compartments-3-hours-divya-dharshan-footpath-darshan-direct-line-and-special-entry-darshan-rs-300-closed/
2016-08-31,41157,34526,2016-08-31 18:57:57,month_day_year_inferred@title,,and waiting hours detail by 6pm. Sarva Dharshan (Free darshan) 4 Compartments / 3 Hours ;,"About 41,157 pilgrims had Srivari Dharshan from 3am to 6pm on Aug 31",https://news.tirumala.org/sarva-dharshan-free-darshan-4-compartments-3-hours-divya-dharshan-footpath-darshan-direct-line-and-special-entry-darshan-rs-300-closed/
2016-09-01,41533,34587,2016-09-01 18:55:56,month_day_year_inferred@title,,and waiting hours detail by 6pm. Sarva Dharshan (Free darshan) 1 Compartments / 2 Hours ;,"About 41,533 pilgrims had Srivari Dharshan from 3am to 6pm on Sep 1",https://news.tirumala.org/sarva-dharshan-free-darshan-1-compartments-2-hours-divya-dharshan-footpath-darshan-1-compartment-1-hour-and-special-entry-darshan-rs-300-closed/
2016-09-02,41208,34624,2016-09-02 18:48:01,month_day_year_inferred@title,,and waiting hours detail by 6pm. Sarva Dharshan (Free darshan) 6 Compartments / 3 Hours ;,"About 41,208 pilgrims had Srivari Dharshan from 3am to 6pm on Sep 2",https://news.tirumala.org/sarva-dharshan-free-darshan-6-compartments-3-hours-divya-dharshan-footpath-darshan-1-compartment-2-hour-and-special-entry-darshan-rs-300-closed/
2016-09-03,50250,34663,2016-09-03 18:31:39,month_day_year_inferred@title,,and waiting hours detail by 6pm. Sarva Dharshan (Free darshan) 14 Compartments / 7 Hours ;,"About 50,250 pilgrims had Srivari Dharshan from 3am to 6pm on Sep 3",https://news.tirumala.org/sarva-dharshan-free-darshan-14-compartments-7-hours-divya-dharshan-footpath-darshan-10-compartment-6-hour-and-special-entry-darshan-rs-300-closed/
2016-09-04,58376,34667,2016-09-04 18:43:43,month_day_year_inferred@title,,and waiting hours detail by 6pm. Sarva Dharshan (Free darshan) 23 Compartments / 8 Hours ;,"About 58,376 pilgrims had Srivari Dharshan from 3am to 6pm on Sep 4",https://news.tirumala.org/about-58376-pilgrims-had-srivari-dharshan-from-3am-to-6pm-on-sep-4/
2016-09-05,57312,34709,2016-09-05 19:05:46,month_day_year_inferred@title,,and waiting hours detail by 6pm. Sarva Dharshan (Free darshan) 6 Compartments / 3 Hours ;,"About 57,312 pilgrims had Srivari Dharshan from 3am to 6pm on Sep 5",https://news.tirumala.org/about-57312-pilgrims-had-srivari-dharshan-from-3am-to-6pm-on-sep-5/
2016-09-08,46733,34775,2016-09-08 18:42:41,month_day_year_inferred@title,,and waiting hours detail by 6pm. Sarva Dharshan (Free darshan) 16 Compartments / 5 Hours ;,"About 46,733 pilgrims had Srivari Dharshan from 3am to 6pm on Sep 8",https://news.tirumala.org/sarva-dharshan-free-darshan-16-compartments-5-hours-divya-dharshan-footpath-darshan-6-compartment-3-hours-and-special-entry-darshan-rs-300-closed/
2016-09-09,42926,34796,2016-09-09 19:10:40,month_day_year_inferred@title,,and waiting hours detail by 6pm. Sarva Dharshan (Free darshan) 20 Compartments / 8 Hours ;,"About 42,926 pilgrims had Srivari Dharshan from 3am to 6pm on Sep 9",https://news.tirumala.org/sarva-dharshan-free-darshan-20-compartments-8-hours-divya-dharshan-footpath-darshan-9-compartment-6-hours-and-special-entry-darshan-rs-300-closed/
2016-09-10,59997,34804,2016-09-10 18:27:50,month_day_year_inferred@title,,and waiting hours detail by 6pm. Sarva Dharshan (Free darshan) 24 Compartments / 10 Hours,"About 59,997 pilgrims had Srivari Dharshan from 3am to 6pm on Sep 10",https://news.tirumala.org/sarva-dharshan-free-darshan-24-compartments-10-hours-divya-dharshan-footpath-darshan-12-compartment-8-hours-and-special-entry-darshan-rs-300-closed/
2016-09-11,65664,34821,2016-09-11 21:54:27,month_day_year_inferred@title,,and waiting hours detail by 6pm. Sarva Dharshan (Free darshan) Line Outside / 12 Hours ; D,"About 65,664 pilgrims had Srivari Dharshan from 3am to 6pm on Sep 11",https://news.tirumala.org/arva-dharshan-free-darshan-line-outside-12-hours-divya-dharshan-footpath-darshan-line-outside-9-hours-and-special-entry-darshan-rs-300-closed/
2016-09-12,57983,34857,2016-09-12 18:36:33,month_day_year_inferred@title,,and waiting hours detail by 6pm. Sarva Dharshan (Free darshan) 25 Compartments / 8 Hours ;,"About 57,983 pilgrims had Srivari Dharshan from 3am to 6pm on Sep 12",https://news.tirumala.org/sarva-dharshan-free-darshan-25-compartments-8-hours-divya-dharshan-footpath-darshan-7-compartments-6-hours-and-special-entry-darshan-rs-300-closed/
2016-09-13,53285,34883,2016-09-13 21:31:46,month_day_year_inferred@title,,and waiting hours detail by 6pm. Sarva Dharshan (Free darshan) 22 Compartments / 8 Hours ;,"About 53,285 pilgrims had Srivari Dharshan from 3am to 6pm on Sep 13",https://news.tirumala.org/sarva-dharshan-free-darshan-22-compartments-8-hours-divya-dharshan-footpath-darshan-8-compartments-5-hours-and-special-entry-darshan-rs-300-closed/
2016-09-14,46540,34939,2016-09-14 19:25:17,month_day_year_inferred@title,,and waiting hours detail by 6pm. Sarva Dharshan (Free darshan) 8 Compartments / 4 Hours ;,"About 46,540 pilgrims had Srivari Dharshan from 3am to 6pm on Sep 14",https://news.tirumala.org/sarva-dharshan-free-darshan-8-compartments-4-hours-divya-dharshan-footpath-darshan-6-compartments-3-hours-and-special-entry-darshan-rs-300-closed-2/
2016-09-15,43792,34991,2016-09-15 19:10:28,month_day_year_inferred@title,,and waiting hours detail by 6pm. Sarva Dharshan (Free darshan) 19 Compartments / 7 Hours ;,"About 43,792 pilgrims had Srivari Dharshan from 3am to 6pm on Sep 15",https://news.tirumala.org/sarva-dharshan-free-darshan-19-compartments-7-hours-divya-dharshan-footpath-darshan-6-compartments-4-hours-and-special-entry-darshan-rs-300-closed/
2016-09-16,44529,35035,2016-09-16 21:21:09,month_day_year_inferred@title,,and waiting hours detail by 6pm. Sarva Dharshan (Free darshan) 22 Compartments / 8 Hours ;,"About 44,529 pilgrims had Srivari Dharshan from 3am to 6pm on Sep 16",https://news.tirumala.org/sarva-dharshan-free-darshan-22-compartments-8-hours-divya-dharshan-footpath-darshan-10-compartments-6-hours-and-special-entry-darshan-rs-300-closed-3/
2016-09-17,69502,35043,2016-09-17 19:08:15,month_day_year_inferred@title,,and waiting hours detail by 6pm. Sarva Dharshan (Free darshan) Line Outside / 14 Hours ; D,"About 69,502 pilgrims had Srivari Dharshan from 3am to 6pm on Sep 17",https://news.tirumala.org/about-69502-pilgrims-had-srivari-dharshan-from-3am-to-6pm-on-sep-17/
2016-09-18,66527,35090,2016-09-18 18:23:55,month_day_year_inferred@title,,and waiting hours detail by 6pm. Sarva Dharshan (Free darshan) 29 Compartments / 10 Hours,"About 66,527 pilgrims had Srivari Dharshan from 3am to 6pm on Sep 18",https://news.tirumala.org/about-66527-pilgrims-had-srivari-dharshan-from-3am-to-6pm-on-sep-18/
2016-09-19,53769,35099,2016-09-19 19:45:26,month_day_year_inferred@title,,and waiting hours detail by 6pm. Sarva Dharshan (Free darshan) Direct Line ; Divya Dharsha,"About 53,769 pilgrims had Srivari Dharshan from 3am to 6pm on Sep 19",https://news.tirumala.org/rva-dharshan-free-darshan-direct-line-divya-dharshan-footpath-darshan-direct-line-and-special-entry-darshan-rs-300-closed/
2016-09-20,49926,35125,2016-09-20 19:12:39,month_day_year_inferred@title,,and waiting hours detail by 6pm. Sarva Dharshan (Free darshan) Direct Line ; Divya Dharsha,"About 49,926 pilgrims had Srivari Dharshan from 3am to 6pm on Sep 20",https://news.tirumala.org/sarva-dharshan-free-darshan-direct-line-divya-dharshan-footpath-darshan-direct-line-and-special-entry-darshan-rs-300-closed-5/
2016-09-21,42889,35145,2016-09-21 18:29:44,month_day_year_inferred@title,,and waiting hours detail by 6pm. Sarva Dharshan (Free darshan) 6 Compartments / 4 Hours ;,"About 42,889 pilgrims had Srivari Dharshan from 3am to 6pm on Sep 21",https://news.tirumala.org/sarva-dharshan-free-darshan-6-compartments-4-hours-divya-dharshan-footpath-darshan-2-compartments-3-hours-and-special-entry-darshan-rs-300-closed/
2016-09-22,43468,35182,2016-09-22 21:40:14,month_day_year_inferred@title,,and waiting hours detail by 6pm. Sarva Dharshan (Free darshan) 7 Compartments / 4 Hours ;,"About 43,468 pilgrims had Srivari Dharshan from 3am to 6pm on Sep 22",https://news.tirumala.org/about-43468-pilgrims-had-srivari-dharshan-from-3am-to-6pm-on-sep-22/
2016-09-23,46474,35184,2016-09-23 21:42:56,month_day_year_inferred@title,,and waiting hours detail by 6pm. Sarva Dharshan (Free darshan) 8 Compartments / 4 Hours ;,"About 46,474 pilgrims had Srivari Dharshan from 3am to 6pm on Sep 23",https://news.tirumala.org/sarva-dharshan-free-darshan-8-compartments-4-hours-divya-dharshan-footpath-darshan-direct-line-and-special-entry-darshan-rs-300-closed/
2016-09-24,61271,35212,2016-09-24 18:21:44,month_day_year_inferred@title,,and waiting hours detail by 6pm. Sarva Dharshan (Free darshan) 23 Compartments / 8 Hours ;,"About 61,271 pilgrims had Srivari Dharshan from 3am to 6pm on Sep 24",https://news.tirumala.org/about-61271-pilgrims-had-srivari-dharshan-from-3am-to-6pm-on-sep-24/
2016-09-25,62636,35241,2016-09-25 19:00:11,month_day_year_inferred@title,,and waiting hours detail by 6pm. Sarva Dharshan (Free darshan) Line Outside / 12 Hours ; D,"About 62,636 pilgrims had Srivari Dharshan from 3am to 6pm on Sep 25",https://news.tirumala.org/sarva-dharshan-free-darshan-line-outside-12-hours-divya-dharshan-footpath-darshan-line-outside-10-hours-and-special-entry-darshan-rs-300-closed-2/
2016-09-26,60443,35297,2016-09-26 18:28:52,month_day_year_inferred@title,,and waiting hours detail by 6pm. Sarva Dharshan (Free darshan) 29 Compartments / 8 Hours ;,"About 60,443 pilgrims had Srivari Dharshan from 3am to 6pm on Sep 26",https://news.tirumala.org/sarva-dharshan-free-darshan-29-compartments-8-hours-divya-dharshan-footpath-darshan-12-compartments-6-hours-and-special-entry-darshan-rs-300-closed/
2016-09-27,52454,35308,2016-09-27 18:46:24,month_day_year_inferred@title,,and waiting hours detail by 6pm. Sarva Dharshan (Free darshan) Line Outside / 10 Hours ; D,"About 52,454 pilgrims had Srivari Dharshan from 3am to 6pm on Sep 27",https://news.tirumala.org/sarva-dharshan-free-darshan-line-outside-10-hours-divya-dharshan-footpath-darshan-line-outside-8-hours-and-special-entry-darshan-rs-300-closed-2/
2016-09-28,46300,35379,2016-09-28 18:51:19,month_day_year_inferred@title,,and waiting hours detail by 6pm. Sarva Dharshan (Free darshan) Line Outside / 12 Hours ; D,"About 46,300 pilgrims had Srivari Dharshan from 3am to 6pm on Sep 28",https://news.tirumala.org/sarva-dharshan-free-darshan-line-outside-12-hours-divya-dharshan-footpath-darshan-line-outside-10-hours-and-special-entry-darshan-rs-300-closed-3/
2016-09-29,50766,35389,2016-09-29 19:01:06,month_day_year_inferred@title,,and waiting hours detail by 6pm. Sarva Dharshan (Free darshan) Line Outside / 12 Hours ; D,"About 50,766 pilgrims had Srivari Dharshan from 3am to 6pm on Sep 29",https://news.tirumala.org/sarva-dharshan-free-darshan-line-outside-12-hours-divya-dharshan-footpath-darshan-line-outside-10-hours-and-special-entry-darshan-rs-300-closed-4/
2016-09-30,49013,35425,2016-09-30 18:52:11,month_day_year_inferred@title,,and waiting hours detail by 6pm. Sarva Dharshan (Free darshan) 19 Compartments / 8 Hours ;,"About 49,013 pilgrims had Srivari Dharshan from 3am to 6pm on Sep 30",https://news.tirumala.org/sarva-dharshan-free-darshan-19-compartments-8-hours-divya-dharshan-footpath-darshan-6-compartments-6-hours-and-special-entry-darshan-rs-300-closed/
2016-10-01,63240,35457,2016-10-01 18:49:42,month_day_year_inferred@title,,and waiting hours detail by 6pm. Sarva Dharshan (Free darshan) 7 Compartments / 4 Hours ;,"About 63,240 pilgrims had Srivari Dharshan from 3am to 6pm on Oct 1",https://news.tirumala.org/sarva-dharshan-free-darshan-7-compartments-4-hours-divya-dharshan-footpath-darshan-4-compartments-4-hours-and-special-entry-darshan-rs-300-closed/
2016-10-02,63240,35486,2016-10-02 20:26:49,month_day_year_inferred@title,,and waiting hours detail by 6pm. Sarva Dharshan (Free darshan) Direct Line ; Divya Dharsha,"About 63,240 pilgrims had Srivari Dharshan from 3am to 6pm on Oct 2",https://news.tirumala.org/sarva-dharshan-free-darshan-direct-line-divya-dharshan-footpath-darshan-direct-line-and-special-entry-darshan-rs-300-closed-6/
2016-10-03,32398,35603,2016-10-03 19:22:50,month_day_year_inferred@title,,and waiting hours detail by 6pm. Sarva Dharshan (Free darshan) 23 Compartments / 10 Hours,"About 32,398 pilgrims had Srivari Dharshan from 3am to 6pm on Oct 3",https://news.tirumala.org/sarva-dharshan-free-darshan-23-compartments-10-hours-divya-dharshan-footpath-darshan-16-compartments-8-hours-and-special-entry-darshan-rs-300-closed/
2016-10-05,59093,35755,2016-10-05 18:28:24,month_day_year_inferred@title,,and waiting hours detail by 6pm. Sarva Dharshan (Free darshan) 9 Compartments / 3 Hours ;,"About 59,093 pilgrims had Srivari Dharshan from 3am to 6pm on Oct 5",https://news.tirumala.org/sarva-dharshan-free-darshan-9-compartments-3-hours-divya-dharshan-footpath-darshan-2-compartments-2-hours-and-special-entry-darshan-rs-300-closed/
2016-10-06,52985,35826,2016-10-06 18:46:06,month_day_year_inferred@title,,and waiting hours detail by 6pm. Sarva Dharshan (Free darshan) Line Outside / 12 Hours ; D,"About 52,985 pilgrims had Srivari Dharshan from 3am to 6pm on Oct 6",https://news.tirumala.org/sarva-dharshan-free-darshan-line-outside-12-hours-divya-dharshan-footpath-darshan-line-outside-10-hours-and-special-entry-darshan-rs-300-closed-5/
2016-10-07,52835,35911,2016-10-07 21:11:04,month_day_year_inferred@title,,and waiting hours detail by 6pm. Sarva Dharshan (Free darshan) Line Outside / 12 Hours ; D,"About 52,835 pilgrims had Srivari Dharshan from 3am to 6pm on Oct 7",https://news.tirumala.org/about-52835-pilgrims-had-srivari-dharshan-from-3am-to-6pm-on-oct-7/
2016-10-08,63452,35999,2016-10-08 20:25:13,month_day_year_inferred@title,,and waiting hours detail by 6pm. Sarva Dharshan (Free darshan) Line Outside / 12 Hours ; D,"About 63,452 pilgrims had Srivari Dharshan from 3am to 6pm on Oct 8",https://news.tirumala.org/sarva-dharshan-free-darshan-line-outside-12-hours-divya-dharshan-footpath-darshan-line-outside-10-hours-and-special-entry-darshan-rs-300-closed-6/
2016-10-09,71067,36125,2016-10-09 19:41:58,month_day_year_inferred@title,,and waiting hours detail by 6pm. Sarva Dharshan (Free darshan) Line Outside / 12 Hours ; D,"About 71,067 pilgrims had Srivari Dharshan from 3am to 6pm on Oct 9",https://news.tirumala.org/sarva-dharshan-free-darshan-line-outside-12-hours-divya-dharshan-footpath-darshan-line-outside-10-hours-and-special-entry-darshan-rs-300-closed-7/
2016-10-10,85342,36182,2016-10-10 18:26:37,month_day_year_inferred@title,,and waiting hours detail by 6pm. Sarva Dharshan (Free darshan) Line Outside / 12 Hours ; D,"About 85,342 pilgrims had Srivari Dharshan from 3am to 6pm on Oct 10",https://news.tirumala.org/sarva-dharshan-free-darshan-line-outside-12-hours-divya-dharshan-footpath-darshan-line-outside-10-hours-and-special-entry-darshan-rs-300-closed-8/
2016-10-11,75111,36222,2016-10-11 18:20:50,month_day_year_inferred@title,,and waiting hours detail by 6pm. Sarva Dharshan (Free darshan) Line Outside / 10 Hours ; D,"About 75,111 pilgrims had Srivari Dharshan from 3am to 6pm on Oct 11",https://news.tirumala.org/about-75111-pilgrims-had-srivari-dharshan-from-3am-to-6pm-on-oct-11/
2016-10-12,57670,36226,2016-10-12 18:23:36,month_day_year_inferred@title,,and waiting hours detail by 6pm. Sarva Dharshan (Free darshan) Line Outside / 10 Hours ; D,"About 57,670 pilgrims had Srivari Dharshan from 3am to 6pm on Oct 12",https://news.tirumala.org/about-57670-pilgrims-had-srivari-dharshan-from-3am-to-6pm-on-oct-12/
2016-10-13,45757,36230,2016-10-13 18:25:34,month_day_year_inferred@title,,and waiting hours detail by 6pm. Sarva Dharshan (Free darshan) Line Outside / 12 Hours ; D,"About 45,757 pilgrims had Srivari Dharshan from 3am to 6pm on Oct 13",https://news.tirumala.org/about-45757-pilgrims-had-srivari-dharshan-from-3am-to-6pm-on-oct-13/
2016-10-14,49997,36234,2016-10-14 18:29:16,month_day_year_inferred@title,,and waiting hours detail by 6pm. Sarva Dharshan (Free darshan) Line Outside / 12 Hours ; D,"About 49,997 pilgrims had Srivari Dharshan from 3am to 6pm on Oct 14",https://news.tirumala.org/about-49997-pilgrims-had-srivari-dharshan-from-3am-to-6pm-on-oct-14/
2016-10-15,65710,36238,2016-10-15 18:31:21,month_day_year_inferred@title,,and waiting hours detail by 6pm. Sarva Dharshan (Free darshan) Line Outside / 12 Hours ; D,"About 65,710 pilgrims had Srivari Dharshan from 3am to 6pm on Oct 15",https://news.tirumala.org/about-65710-pilgrims-had-srivari-dharshan-from-3am-to-6pm-on-oct-15/
2016-10-16,70941,36243,2016-10-16 18:35:19,month_day_year_inferred@title,,and waiting hours detail by 6pm. Sarva Dharshan (Free darshan) Line Outside / 12 Hours ; D,"About 70,941 pilgrims had Srivari Dharshan from 3am to 6pm on Oct 16",https://news.tirumala.org/about-70941-pilgrims-had-srivari-dharshan-from-3am-to-6pm-on-oct-16/
2016-10-17,67732,36391,2016-10-17 19:08:20,month_day_year_inferred@title,,and waiting hours detail by 6pm. Sarva Dharshan (Free darshan) Line Outside / 12 Hours ; D,"About 67,732 pilgrims had Srivari Dharshan from 3am to 6pm on Oct 17",https://news.tirumala.org/sarva-dharshan-free-darshan-line-outside-12-hours-divya-dharshan-footpath-darshan-16-compartments-10-hours-and-special-entry-darshan-rs-300-closed/
2016-10-18,57339,36407,2016-10-18 18:19:51,month_day_year_inferred@title,,and waiting hours detail by 6pm. Sarva Dharshan (Free darshan) 12 Compartments / 6 Hours ;,"About 57,339 pilgrims had Srivari Dharshan from 3am to 6pm on Oct 18",https://news.tirumala.org/sarva-dharshan-free-darshan-12-compartments-6-hours-divya-dharshan-footpath-darshan-4-compartments-4-hours-and-special-entry-darshan-rs-300-closed/
2016-10-19,43567,36451,2016-10-19 18:13:03,month_day_year_inferred@title,,and waiting hours detail by 6pm. Sarva Dharshan (Free darshan) 2 Compartments / 3 Hours ;,"About 43,567 pilgrims had Srivari Dharshan from 3am to 6pm on Oct 19",https://news.tirumala.org/about-43567-pilgrims-had-srivari-dharshan-from-3am-to-6pm-on-oct-19/
2016-10-20,39116,36487,2016-10-20 19:23:50,month_day_year_inferred@title,,and waiting hours detail by 6pm. Sarva Dharshan (Free darshan) 26 Compartments / 10 Hours,"About 39,116 pilgrims had Srivari Dharshan from 3am to 6pm on Oct 20",https://news.tirumala.org/sarva-dharshan-free-darshan-26-compartments-10-hours-divya-dharshan-footpath-darshan-10-compartments-8-hours-and-special-entry-darshan-rs-300-closed/
2016-10-21,41571,36515,2016-10-21 19:18:49,month_day_year_inferred@title,,and waiting hours detail by 6pm. Sarva Dharshan (Free darshan) 10 Compartments / 4 Hours ;,"About 41,571 pilgrims had Srivari Dharshan from 3am to 6pm on Oct 21",https://news.tirumala.org/sarva-dharshan-free-darshan-10-compartments-4-hours-divya-dharshan-footpath-darshan-4-compartments-3-hours-and-special-entry-darshan-rs-300-closed/
2016-10-22,53087,36537,2016-10-22 18:32:18,month_day_year_inferred@title,,and waiting hours detail by 6pm. Sarva Dharshan (Free darshan) 25 Compartments / 8 Hours ;,"About 53,087 pilgrims had Srivari Dharshan from 3am to 6pm on Oct 22",https://news.tirumala.org/sarva-dharshan-free-darshan-25-compartments-8-hours-divya-dharshan-footpath-darshan-16-compartments-6-hours-and-special-entry-darshan-rs-300-closed/
2016-10-23,58777,36541,2016-10-23 18:15:13,month_day_year_inferred@title,,and waiting hours detail by 6pm. Sarva Dharshan (Free darshan) 25 Compartments / 10 Hours,"About 58,777 pilgrims had Srivari Dharshan from 3am to 6pm on Oct 23",https://news.tirumala.org/about-58777-pilgrims-had-srivari-dharshan-from-3am-to-6pm-on-oct-23/
2016-10-24,49507,36561,2016-10-24 18:56:11,month_day_year_inferred@title,,and waiting hours detail by 6pm. Sarva Dharshan (Free darshan) Direct Line ; Divya Dharsha,"About 49,507 pilgrims had Srivari Dharshan from 3am to 6pm on Oct 24",https://news.tirumala.org/sarva-dharshan-free-darshan-direct-line-divya-dharshan-footpath-darshan-direct-line-and-special-entry-darshan-rs-300-closed-7/
2016-10-25,44716,36596,2016-10-25 18:31:59,month_day_year_inferred@title,,and waiting hours detail by 6pm. Sarva Dharshan (Free darshan) Direct Line ; Divya Dharsha,"About 44,716 pilgrims had Srivari Dharshan from 3am to 6pm on Oct 25",https://news.tirumala.org/sarva-dharshan-free-darshan-direct-line-divya-dharshan-footpath-darshan-direct-line-and-special-entry-darshan-rs-300-closed-8/
2016-10-26,40467,36650,2016-10-26 18:48:52,month_day_year_inferred@title,,and waiting hours detail by 6pm. Sarva Dharshan (Free darshan) 4 Compartment / 2 Hours ; D,"About 40,467 pilgrims had Srivari Dharshan from 3am to 6pm on Oct 26",https://news.tirumala.org/sarva-dharshan-free-darshan-4-compartment-2-hours-divya-dharshan-footpath-darshan-direct-line-and-special-entry-darshan-rs-300-closed/
2016-10-27,42919,36684,2016-10-27 18:50:07,month_day_year_inferred@title,,and waiting hours detail by 6pm. Sarva Dharshan (Free darshan) 3 Compartment / 3 Hours ; D,"About 42,919 pilgrims had Srivari Dharshan from 3am to 6pm on Oct 27",https://news.tirumala.org/sarva-dharshan-free-darshan-3-compartment-3-hours-divya-dharshan-footpath-darshan-2-compartments-2-hours-and-special-entry-darshan-rs-300-closed/
2016-10-28,41500,36697,2016-10-28 19:32:48,month_day_year_inferred@title,,and waiting hours detail by 6pm. Sarva Dharshan (Free darshan) 7 Compartment / 3 Hours ; D,"About 41,500 pilgrims had Srivari Dharshan from 3am to 6pm on Oct 28",https://news.tirumala.org/sarva-dharshan-free-darshan-7-compartment-3-hours-divya-dharshan-footpath-darshan-2-compartments-2-hours-and-special-entry-darshan-rs-300-closed/
2016-10-29,50812,36755,2016-10-29 20:15:28,month_day_year_inferred@title,,and waiting hours detail by 6pm. Sarva Dharshan (Free darshan) Line Outside / 12 Hours ; D,"About 50,812 pilgrims had Srivari Dharshan from 3am to 6pm on Oct 29",https://news.tirumala.org/sarva-dharshan-free-darshan-line-outside-12-hours-divya-dharshan-footpath-darshan-line-outside-10-hours-and-special-entry-darshan-rs-300-closed-9/
2016-10-30,56204,36775,2016-10-30 18:52:54,month_day_year_inferred@title,,and waiting hours detail by 6pm. Sarva Dharshan (Free darshan) 30 Compartments / 10 Hours,"About 56,204 pilgrims had Srivari Dharshan from 3am to 6pm on Oct 30",https://news.tirumala.org/about-56204-pilgrims-had-srivari-dharshan-from-3am-to-6pm-on-oct-30/
2016-10-31,60376,36804,2016-10-31 20:09:43,month_day_year_inferred@title,,and waiting hours detail by 6pm. Sarva Dharshan (Free darshan) 25 Compartments / 10 Hours,"About 60,376 pilgrims had Srivari Dharshan from 3am to 6pm on Oct 31",https://news.tirumala.org/sarva-dharshan-free-darshan-25-compartments-10-hours-divya-dharshan-footpath-darshan-18-compartments-8-hours-and-special-entry-darshan-rs-300-closed/
2016-11-01,53959,36846,2016-11-01 18:57:16,month_day_year_inferred@title,,and waiting hours detail by 6pm. Sarva Dharshan (Free darshan) 27 Compartments / 8 Hours ;,"About 53,959 pilgrims had Srivari Dharshan from 3am to 6pm on Nov 1",https://news.tirumala.org/about-53959-pilgrims-had-srivari-dharshan-from-3am-to-6pm-on-nov-1/
2016-11-02,44857,36881,2016-11-02 18:27:21,month_day_year_inferred@title,,and waiting hours detail by 6pm. Sarva Dharshan (Free darshan) 24 Compartments / 8 Hours ;,"About 44,857 pilgrims had Srivari Dharshan from 3am to 6pm on Nov 2",https://news.tirumala.org/sarva-dharshan-free-darshan-24-compartments-8-hours-divya-dharshan-footpath-darshan-6-compartments-6-hours-and-special-entry-darshan-rs-300-closed/
2016-11-03,47888,36902,2016-11-03 18:42:45,month_day_year_inferred@title,,and waiting hours detail by 6pm. Sarva Dharshan (Free darshan) 16 Compartments / 8 Hours ;,"About 47,888 pilgrims had Srivari Dharshan from 3am to 6pm on Nov 3",https://news.tirumala.org/sarva-dharshan-free-darshan-16-compartments-8-hours-divya-dharshan-footpath-darshan-6-compartments-6-hours-and-special-entry-darshan-rs-300-closed/
2016-11-04,41511,36945,2016-11-04 18:48:02,month_day_year_inferred@title,,and waiting hours detail by 6pm. Sarva Dharshan (Free darshan) 13 Compartments / 8 Hours ;,"About 41,511 pilgrims had Srivari Dharshan from 3am to 6pm on Nov 4",https://news.tirumala.org/about-41511-pilgrims-had-srivari-dharshan-from-3am-to-6pm-on-nov-4/
2016-11-05,55087,36973,2016-11-05 18:13:11,month_day_year_inferred@title,,and waiting hours detail by 6pm. Sarva Dharshan (Free darshan) 20 Compartments / 10 Hours,"About 55,087 pilgrims had Srivari Dharshan from 3am to 6pm on Nov 5",https://news.tirumala.org/about-55087-pilgrims-had-srivari-dharshan-from-3am-to-6pm-on-nov-5/
2016-11-05,55898,36978,2016-11-06 18:16:21,month_day_year_inferred@title,,and waiting hours detail by 6pm. Sarva Dharshan (Free darshan) 24 Compartments / 8 Hours ;,"About 55,898 pilgrims had Srivari Dharshan from 3am to 6pm on Nov 5",https://news.tirumala.org/about-55898-pilgrims-had-srivari-dharshan-from-3am-to-6pm-on-nov-5/
2016-11-07,48259,36982,2016-11-07 18:21:04,month_day_year_inferred@title,,and waiting hours detail by 6pm. Sarva Dharshan (Free darshan) 13 Compartments / 6 Hours ;,"About 48,259 pilgrims had Srivari Dharshan from 3am to 6pm on Nov 7",https://news.tirumala.org/about-48259-pilgrims-had-srivari-dharshan-from-3am-to-6pm-on-nov-7/
2016-11-08,45695,36986,2016-11-08 18:23:31,month_day_year_inferred@title,,and waiting hours detail by 6pm. Sarva Dharshan (Free darshan) 11 Compartments / 6 Hours ;,"About 45,695 pilgrims had Srivari Dharshan from 3am to 6pm on Nov 8",https://news.tirumala.org/about-45695-pilgrims-had-srivari-dharshan-from-3am-to-6pm-on-nov-8/
2016-11-09,42943,37118,2016-11-09 19:30:12,month_day_year_inferred@title,,and waiting hours detail by 6pm. Sarva Dharshan (Free darshan) 8 Compartments / 4 Hours ;,"About 42,943 pilgrims had Srivari Dharshan from 3am to 6pm on Nov 9",https://news.tirumala.org/about-42943-pilgrims-had-srivari-dharshan-from-3am-to-6pm-on-nov-9/
2016-11-10,41065,37123,2016-11-10 19:32:46,month_day_year_inferred@title,,and waiting hours detail by 6pm. Sarva Dharshan (Free darshan) 11 Compartments / 6 Hours ;,"About 41,065 pilgrims had Srivari Dharshan from 3am to 6pm on Nov 10",https://news.tirumala.org/about-41065-pilgrims-had-srivari-dharshan-from-3am-to-6pm-on-nov-10/
2016-11-11,50521,37127,2016-11-11 19:34:58,month_day_year_inferred@title,,and waiting hours detail by 6pm. Sarva Dharshan (Free darshan) 10 Compartments / 4 Hours ;,"About 50,521 pilgrims had Srivari Dharshan from 3am to 6pm on Nov 11",https://news.tirumala.org/sarva-dharshan-free-darshan-10-compartments-4-hours-divya-dharshan-footpath-darshan-3-compartments-2-hours-and-special-entry-darshan-rs-300-closed/
2016-11-12,53247,37167,2016-11-12 18:27:49,month_day_year_inferred@title,,and waiting hours detail by 6pm. Sarva Dharshan (Free darshan) 26 Compartments / 8 Hours ;,"About 53,247 pilgrims had Srivari Dharshan from 3am to 6pm on Nov 12",https://news.tirumala.org/sarva-dharshan-free-darshan-26-compartments-8-hours-divya-dharshan-footpath-darshan-16-compartments-6-hours-and-special-entry-darshan-rs-300-closed/
2016-11-13,55608,37175,2016-11-13 18:54:09,month_day_year_inferred@title,,and waiting hours detail by 6pm. Sarva Dharshan (Free darshan) 28 Compartments / 10 Hours,"About 55,608 pilgrims had Srivari Dharshan from 3am to 6pm on Nov 13",https://news.tirumala.org/about-55608-pilgrims-had-srivari-dharshan-from-3am-to-6pm-on-nov-13/
2016-11-14,51030,37216,2016-11-14 20:37:05,month_day_year_inferred@title,,and waiting hours detail by 6pm. Sarva Dharshan (Free darshan) 6 Compartments / 4 Hours ;,"About 51,030 pilgrims had Srivari Dharshan from 3am to 6pm on Nov 14",https://news.tirumala.org/sarva-dharshan-free-darshan-6-compartments-4-hours-divya-dharshan-footpath-darshan-3-compartments-3-hours-and-special-entry-darshan-rs-300-closed/
2016-11-15,42507,37260,2016-11-15 18:19:57,month_day_year_inferred@title,,and waiting hours detail by 6pm. Sarva Dharshan (Free darshan) Direct Line ; Divya Dharsha,"About 42,507 pilgrims had Srivari Dharshan from 3am to 6pm on Nov 15",https://news.tirumala.org/sarva-dharshan-free-darshan-direct-line-divya-dharshan-footpath-darshan-direct-line-and-special-entry-darshan-rs-300-closed-9/
2016-11-16,38974,37290,2016-11-16 18:12:43,month_day_year_inferred@title,,and waiting hours detail by 6pm. Sarva Dharshan (Free darshan) 6 Compartments / 4 Hours ;,"About 38,974 pilgrims had Srivari Dharshan from 3am to 6pm on Nov 16",https://news.tirumala.org/about-38974-pilgrims-had-srivari-dharshan-from-3am-to-6pm-on-nov-16/
2016-11-17,42208,37333,2016-11-17 18:20:49,month_day_year_inferred@title,,and waiting hours detail by 6pm. Sarva Dharshan (Free darshan) 13 Compartments / 5 Hours ;,"About 42,208 pilgrims had Srivari Dharshan from 3am to 6pm on Nov 17",https://news.tirumala.org/sarva-dharshan-free-darshan-13-compartments-5-hours-divya-dharshan-footpath-darshan-4-compartment-3-hours-and-special-entry-darshan-rs-300-closed/
2016-11-18,38586,37344,2016-11-18 18:58:06,month_day_year_inferred@title,,and waiting hours detail by 6pm. Sarva Dharshan (Free darshan) 11 Compartments / 5 Hours ;,"About 38,586 pilgrims had Srivari Dharshan from 3am to 6pm on Nov 18",https://news.tirumala.org/about-38586-pilgrims-had-srivari-dharshan-from-3am-to-6pm-on-nov-18/
2016-11-19,51269,37362,2016-11-19 18:12:43,month_day_year_inferred@title,,and waiting hours detail by 6pm. Sarva Dharshan (Free darshan) 26 Compartments / 10 Hours,"About 51,269 pilgrims had Srivari Dharshan from 3am to 6pm on Nov 19",https://news.tirumala.org/sarva-dharshan-free-darshan-26-compartments-10-hours-divya-dharshan-footpath-darshan-12-compartment-8-hours-and-special-entry-darshan-rs-300-closed/
2016-11-20,57436,37371,2016-11-20 19:01:27,month_day_year_inferred@title,,and waiting hours detail by 6pm. Sarva Dharshan (Free darshan) 18 Compartments / 7 Hours ;,"About 57,436 pilgrims had Srivari Dharshan from 3am to 6pm on Nov 20",https://news.tirumala.org/about-57436-pilgrims-had-srivari-dharshan-from-3am-to-6pm-on-nov-20/
2016-11-21,49232,37441,2016-11-21 18:47:11,month_day_year_inferred@title,,and waiting hours detail by 6pm. Sarva Dharshan (Free darshan) Direct Line ; Divya Dharsha,"About 49,232 pilgrims had Srivari Dharshan from 3am to 6pm on Nov 21",https://news.tirumala.org/sarva-dharshan-free-darshan-direct-line-divya-dharshan-footpath-darshan-direct-line-and-special-entry-darshan-rs-300-closed-10/
2016-11-22,43718,37480,2016-11-22 18:44:07,month_day_year_inferred@title,,and waiting hours detail by 6pm. Sarva Dharshan (Free darshan) 4 Compartments / 3 Hours ;,"About 43,718 pilgrims had Srivari Dharshan from 3am to 6pm on Nov 22",https://news.tirumala.org/sarva-dharshan-free-darshan-4-compartments-3-hours-divya-dharshan-footpath-darshan-direct-line-and-special-entry-darshan-rs-300-closed-2/
2016-11-23,38054,37499,2016-11-23 19:01:53,month_day_year_inferred@title,,and waiting hours detail by 6pm. Sarva Dharshan (Free darshan) 8 Compartments / 6 Hours ;,"About 38,054 pilgrims had Srivari Dharshan from 3am to 6pm on Nov 23",https://news.tirumala.org/sarva-dharshan-free-darshan-8-compartments-6-hours-divya-dharshan-footpath-darshan-2-compartments-2-hours-and-special-entry-darshan-rs-300-closed/
2016-11-24,38693,37512,2016-11-24 18:04:38,month_day_year_inferred@title,,and waiting hours detail by 6pm. Sarva Dharshan (Free darshan) 20 Compartments / 8 Hours ;,"About 38,693 pilgrims had Srivari Dharshan from 3am to 6pm on Nov 24",https://news.tirumala.org/sarva-dharshan-free-darshan-20-compartments-8-hours-divya-dharshan-footpath-darshan-6-compartments-4-hours-and-special-entry-darshan-rs-300-closed/
2016-11-25,36555,37548,2016-11-25 18:38:48,month_day_year_inferred@title,,and waiting hours detail by 6pm. Sarva Dharshan (Free darshan) 20 Compartments / 8 Hours ;,"About 36,555 pilgrims had Srivari Dharshan from 3am to 6pm on Nov 25",https://news.tirumala.org/sarva-dharshan-free-darshan-20-compartments-8-hours-divya-dharshan-footpath-darshan-8-compartments-6-hours-and-special-entry-darshan-rs-300-closed/
2016-11-26,54392,37610,2016-11-26 18:28:15,month_day_year_inferred@title,,and waiting hours detail by 6pm. Sarva Dharshan (Free darshan) 29 Compartments / 10 Hours,"About 54,392 pilgrims had Srivari Dharshan from 3am to 6pm on Nov 26",https://news.tirumala.org/sarva-dharshan-free-darshan-29-compartments-10-hours-divya-dharshan-footpath-darshan-14-compartments-6-hours-and-special-entry-darshan-rs-300-closed/
2016-11-27,63267,37690,2016-11-27 18:22:03,month_day_year_inferred@title,,and waiting hours detail by 6pm. Sarva Dharshan (Free darshan) 24 Compartments / 8 Hours ;,"About 63,267 pilgrims had Srivari Dharshan from 3am to 6pm on Nov 27",https://news.tirumala.org/sarva-dharshan-free-darshan-24-compartments-8-hours-divya-dharshan-footpath-darshan-10-compartments-6-hours-and-special-entry-darshan-rs-300-closed/
2016-11-28,53565,37763,2016-11-28 21:09:42,month_day_year_inferred@title,,and waiting hours detail by 6pm. Sarva Dharshan (Free darshan) Direct Line ; Divya Dharsha,"About 53, 565 pilgrims had Srivari Dharshan from 3am to 6pm on Nov 28",https://news.tirumala.org/sarva-dharshan-free-darshan-direct-line-divya-dharshan-footpath-darshan-direct-line-and-special-entry-darshan-rs-300-closed-11/
2016-11-29,43610,37846,2016-11-29 21:00:41,month_day_year_inferred@title,,and waiting hours detail by 6pm. Sarva Dharshan (Free darshan) 3 Compartments / 2 Hours ;,"About 43,610 pilgrims had Srivari Dharshan from 3am to 6pm on Nov 29",https://news.tirumala.org/sarva-dharshan-free-darshan-3-compartments-2-hours-divya-dharshan-footpath-darshan-direct-line-and-special-entry-darshan-rs-300-closed/
2016-11-30,38853,37927,2016-11-30 21:11:58,month_day_year_inferred@title,,and waiting hours detail by 6pm. Sarva Dharshan (Free darshan) 4 Compartments / 3 Hours ;,"About 38,853 pilgrims had Srivari Dharshan from 3am to 6pm on Nov 30",https://news.tirumala.org/sarva-dharshan-free-darshan-4-compartments-3-hours-divya-dharshan-footpath-darshan-direct-line-and-special-entry-darshan-rs-300-closed-3/
2016-12-01,39551,38000,2016-12-01 18:50:38,month_day_year_inferred@title,,and waiting hours detail by 6pm. Sarva Dharshan (Free darshan) 13 Compartments / 8 Hours ;,"About 39,551 pilgrims had Srivari Dharshan from 3am to 6pm on Dec 1",https://news.tirumala.org/sarva-dharshan-free-darshan-13-compartments-8-hours-divya-dharshan-footpath-darshan-8-compartments-6-hours-and-special-entry-darshan-rs-300-closed/
2016-12-02,36468,38072,2016-12-02 18:53:47,month_day_year_inferred@title,,and waiting hours detail by 6pm. Sarva Dharshan (Free darshan) 15 Compartments / 8 Hours ;,"About 36,468 pilgrims had Srivari Dharshan from 3am to 6pm on Dec 2",https://news.tirumala.org/sarva-dharshan-free-darshan-15-compartments-8-hours-divya-dharshan-footpath-darshan-4-compartments-4-hours-and-special-entry-darshan-rs-300-closed/
2016-12-03,55671,38141,2016-12-03 18:25:30,month_day_year_inferred@title,,and waiting hours detail by 6pm. Sarva Dharshan (Free darshan) 19 Compartments / 10 Hours,"About 55,671 pilgrims had Srivari Dharshan from 3am to 6pm on Dec 3",https://news.tirumala.org/sarva-dharshan-free-darshan-19-compartments-10-hours-divya-dharshan-footpath-darshan-18-compartments-10-hours-and-special-entry-darshan-rs-300-closed/
2016-12-04,48415,38160,2016-12-04 18:48:31,month_day_year_inferred@title,,and waiting hours detail by 6pm. Sarva Dharshan (Free darshan) 29 Compartments / 10 Hours,"About 48,415 pilgrims had Srivari Dharshan from 3am to 6pm on Dec 4",https://news.tirumala.org/sarva-dharshan-free-darshan-29-compartments-10-hours-divya-dharshan-footpath-darshan-14-compartments-8-hours-and-special-entry-darshan-rs-300-closed/
2016-12-05,56205,38238,2016-12-05 18:54:29,month_day_year_inferred@title,,and waiting hours detail by 6pm. Sarva Dharshan (Free darshan) 7 Compartments / 5 Hours ;,"About 56,205 pilgrims had Srivari Dharshan from 3am to 6pm on Dec 5",https://news.tirumala.org/sarva-dharshan-free-darshan-7-compartments-5-hours-divya-dharshan-footpath-darshan-3-compartments-2-hours-and-special-entry-darshan-rs-300-closed/
2016-12-06,43032,38291,2016-12-06 18:43:38,month_day_year_inferred@title,,and waiting hours detail by 6pm. Sarva Dharshan (Free darshan) Direct Line ; Divya Dharsha,"About 43,032 pilgrims had Srivari Dharshan from 3am to 6pm on Dec 6",https://news.tirumala.org/sarva-dharshan-free-darshan-direct-line-divya-dharshan-footpath-darshan-direct-line-and-special-entry-darshan-rs-300-closed-12/
2016-12-07,39751,38312,2016-12-07 18:39:52,month_day_year_inferred@title,,and waiting hours detail by 6pm. Sarva Dharshan (Free darshan) 2 Compartments / Direct Lin,"About 39,751 pilgrims had Srivari Dharshan from 3am to 6pm on Dec 7",https://news.tirumala.org/sarva-dharshan-free-darshan-2-compartments-direct-line-divya-dharshan-footpath-darshan-2-compartments-direct-line-and-special-entry-darshan-rs-300-closed/
2016-12-08,42735,38327,2016-12-08 18:28:51,month_day_year_inferred@title,,and waiting hours detail by 6pm. Sarva Dharshan (Free darshan) 4 Compartments / 2 Compartm,"About 42,735 pilgrims had Srivari Dharshan from 3am to 6pm on Dec 8",https://news.tirumala.org/sarva-dharshan-free-darshan-4-compartments-2-compartments-divya-dharshan-footpath-darshan-2-compartments-2-compartments-and-special-entry-darshan-rs-300-closed/
2016-12-09,39308,38358,2016-12-09 18:27:02,month_day_year_inferred@title,,and waiting hours detail by 6pm. Sarva Dharshan (Free darshan) 15 Compartments / 8 Compart,"About 39,308 pilgrims had Srivari Dharshan from 3am to 6pm on Dec 9",https://news.tirumala.org/sarva-dharshan-free-darshan-15-compartments-8-compartments-divya-dharshan-footpath-darshan-4-compartments-4-compartments-and-special-entry-darshan-rs-300-closed/
2016-12-10,58121,38384,2016-12-10 18:38:38,month_day_year_inferred@title,,and waiting hours detail by 6pm. Sarva Dharshan (Free darshan) 30 Compartments / 10 Compar,"About 58,121 pilgrims had Srivari Dharshan from 3am to 6pm on Dec 10",https://news.tirumala.org/about-58121-pilgrims-had-srivari-dharshan-from-3am-to-6pm-on-dec-10/
2016-12-11,59874,38432,2016-12-11 18:15:12,month_day_year_inferred@title,,and waiting hours detail by 6pm. Sarva Dharshan (Free darshan) 30 Compartments / 10 Compar,"About 59,874 pilgrims had Srivari Dharshan from 3am to 6pm on Dec 11",https://news.tirumala.org/about-59874-pilgrims-had-srivari-dharshan-from-3am-to-6pm-on-dec-11/
2016-12-12,46665,38480,2016-12-12 21:50:06,month_day_year_inferred@title,,and waiting hours detail by 6pm. Sarva Dharshan (Free darshan) 24 Compartments / 11 Compar,"About 46,665 pilgrims had Srivari Dharshan from 3am to 6pm on Dec 12",https://news.tirumala.org/sarva-dharshan-free-darshan-24-compartments-11-compartments-divya-dharshan-footpath-darshan-8-compartments-5-compartments-and-special-entry-darshan-rs-300-closed/
2016-12-13,38395,38557,2016-12-13 18:38:30,month_day_year_inferred@title,,and waiting hours detail by 6pm. Sarva Dharshan (Free darshan) 10 Compartments / 8 Compart,"About 38,395 pilgrims had Srivari Dharshan from 3am to 6pm on Dec 13",https://news.tirumala.org/about-38395-pilgrims-had-srivari-dharshan-from-3am-to-6pm-on-dec-13/
2016-12-13,38199,38576,2016-12-14 18:31:21,month_day_year_inferred@title,,and waiting hours detail by 6pm. Sarva Dharshan (Free darshan) Direct Line ; Divya Dharsha,"About 38,199 pilgrims had Srivari Dharshan from 3am to 6pm on Dec 13",https://news.tirumala.org/about-38199-pilgrims-had-srivari-dharshan-from-3am-to-6pm-on-dec-13/
2016-12-15,39685,38593,2016-12-15 18:09:33,month_day_year_inferred@title,,and waiting hours detail by 6pm. Sarva Dharshan (Free darshan) 7 Compartments / 4 Hours ;,"About 39,685 pilgrims had Srivari Dharshan from 3am to 6pm on Dec 15",https://news.tirumala.org/38593-2/
2016-12-16,51903,38632,2016-12-16 18:42:05,month_day_year_inferred@title,,and waiting hours detail by 6pm. Sarva Dharshan (Free darshan) 2 Compartments / 2 Hours ;,"About 51,903 pilgrims had Srivari Dharshan from 3am to 6pm on Dec 16",https://news.tirumala.org/sarva-dharshan-free-darshan-2-compartments-2-hours-divya-dharshan-footpath-darshan-2-compartments-2-hours-and-special-entry-darshan-rs-300-closed/
2016-12-17,50630,38678,2016-12-17 19:37:09,month_day_year_inferred@title,,and waiting hours detail by 6pm. Sarva Dharshan (Free darshan) 10 Compartments / 6 Hours ;,"About 50,630 pilgrims had Srivari Dharshan from 3am to 6pm on Dec 17",https://news.tirumala.org/about-50630-pilgrims-had-srivari-dharshan-from-3am-to-6pm-on-dec-17/
2016-12-18,54771,38676,2016-12-18 19:36:39,month_day_year_inferred@title,,and waiting hours detail by 6pm. Sarva Dharshan (Free darshan) 12 Compartments / 6 Hours ;,"About 54,771 pilgrims had Srivari Dharshan from 3am to 6pm on Dec 18",https://news.tirumala.org/sarva-dharshan-free-darshan-12-compartments-6-hours-divya-dharshan-footpath-darshan-4-compartments-4-hours-and-special-entry-darshan-rs-300-closed-2/
2016-12-19,47247,38700,2016-12-19 18:45:13,month_day_year_inferred@title,,and waiting hours detail by 6pm. Sarva Dharshan (Free darshan) 6 Compartments / 6 Hours ;,"About 47,247 pilgrims had Srivari Dharshan from 3am to 6pm on Dec 19",https://news.tirumala.org/sarva-dharshan-free-darshan-6-compartments-6-hours-divya-dharshan-footpath-darshan-4-compartments-4-hours-and-special-entry-darshan-rs-300-closed/
2016-12-20,43133,38748,2016-12-20 19:05:07,month_day_year_inferred@title,,and waiting hours detail by 6pm. Sarva Dharshan (Free darshan) 10 Compartments / 6 Hours ;,"About 43,133 pilgrims had Srivari Dharshan from 3am to 6pm on Dec 20",https://news.tirumala.org/sarva-dharshan-free-darshan-10-compartments-6-hours-divya-dharshan-footpath-darshan-2-compartments-3-hours-and-special-entry-darshan-rs-300-closed/
2016-12-21,40402,38774,2016-12-21 18:23:44,month_day_year_inferred@title,,and waiting hours detail by 6pm. Sarva Dharshan (Free darshan) 11 Compartments / 6 Hours ;,"About 40,402 pilgrims had Srivari Dharshan from 3am to 6pm on Dec 21",https://news.tirumala.org/sarva-dharshan-free-darshan-11-compartments-6-hours-divya-dharshan-footpath-darshan-2-compartments-3-hours-and-special-entry-darshan-rs-300-closed/
2016-12-22,38984,38813,2016-12-22 18:21:09,month_day_year_inferred@title,,and waiting hours detail by 6pm. Sarva Dharshan (Free darshan) 18 Compartments / 8 Hours ;,"About 38,984 pilgrims had Srivari Dharshan from 3am to 6pm on Dec 22",https://news.tirumala.org/about-38984-pilgrims-had-srivari-dharshan-from-3am-to-6pm-on-dec-22/
2016-12-23,43291,38857,2016-12-23 19:12:53,month_day_year_inferred@title,,and waiting hours detail by 6pm. Sarva Dharshan (Free darshan) 14 Compartments / 6 Hours ;,"About 43,291 pilgrims had Srivari Dharshan from 3am to 6pm on Dec 23",https://news.tirumala.org/sarva-dharshan-free-darshan-14-compartments-6-hours-divya-dharshan-footpath-darshan-6-compartments-4-hours-and-special-entry-darshan-rs-300-closed/
2016-12-24,55825,38866,2016-12-24 18:37:10,month_day_year_inferred@title,,and waiting hours detail by 6pm. Sarva Dharshan (Free darshan) 29 Compartments / 10 Hours,"About 55,825 pilgrims had Srivari Dharshan from 3am to 6pm on Dec 24",https://news.tirumala.org/sarva-dharshan-free-darshan-29-compartments-10-hours-divya-dharshan-footpath-darshan-16-compartments-8-hours-and-special-entry-darshan-rs-300-closed/
2016-12-25,63541,38878,2016-12-25 19:21:03,month_day_year_inferred@title,,and waiting hours detail by 6pm. Sarva Dharshan (Free darshan) 29 Compartments / 12 Hours,"About 63,541 pilgrims had Srivari Dharshan from 3am to 6pm on Dec 25",https://news.tirumala.org/sarva-dharshan-free-darshan-29-compartments-12-hours-divya-dharshan-footpath-darshan-16-compartments-10-hours-and-special-entry-darshan-rs-300-closed/
2016-12-26,59772,38900,2016-12-26 18:48:42,month_day_year_inferred@title,,and waiting hours detail by 6pm. Sarva Dharshan (Free darshan) Line Outside / 12 Hours ; D,"About 59,772 pilgrims had Srivari Dharshan from 3am to 6pm on Dec 26",https://news.tirumala.org/sarva-dharshan-free-darshan-line-outside-12-hours-divya-dharshan-footpath-darshan-line-outside-10-hours-and-special-entry-darshan-rs-300-closed-10/
2016-12-27,59004,38936,2016-12-27 22:40:31,month_day_year_inferred@title,,and waiting hours detail by 6pm. Sarva Dharshan (Free darshan) 31 Compartments / 12 Hours,"About 59,004 pilgrims had Srivari Dharshan from 3am to 6pm on Dec 27",https://news.tirumala.org/sarva-dharshan-free-darshan-31-compartments-12-hours-divya-dharshan-footpath-darshan-14-compartments-10-hours-and-special-entry-darshan-rs-300-closed/
2016-12-28,43057,39005,2016-12-28 18:46:37,month_day_year_inferred@title,,and waiting hours detail by 6pm. Sarva Dharshan (Free darshan) Line Outside / 12 Hours ; D,"About 43,057 pilgrims had Srivari Dharshan from 3am to 6pm on Dec 28",https://news.tirumala.org/about-43057-pilgrims-had-srivari-dharshan-from-3am-to-6pm-on-dec-28/
2016-12-29,50355,39003,2016-12-29 18:46:27,month_day_year_inferred@title,,and waiting hours detail by 6pm. Sarva Dharshan (Free darshan) Line Outside / 12 Hours ; D,"About 50,355 pilgrims had Srivari Dharshan from 3am to 6pm on Dec 29",https://news.tirumala.org/sarva-dharshan-free-darshan-line-outside-12-hours-divya-dharshan-footpath-darshan-14-compartments-10-hours-and-special-entry-darshan-rs-300-closed/
2016-12-30,42365,39034,2016-12-30 18:50:08,month_day_year_inferred@title,,and waiting hours detail by 6pm. Sarva Dharshan (Free darshan) 18 Compartment / 8 Hours ;,"About 42,365 pilgrims had Srivari Dharshan from 3am to 6pm on Dec 30",https://news.tirumala.org/sarva-dharshan-free-darshan-18-compartment-8-hours-divya-dharshan-footpath-darshan-6-compartments-6-hours-and-special-entry-darshan-rs-300-closed/
2016-12-31,55975,39044,2016-12-31 20:46:39,month_day_year_inferred@title,,and waiting hours detail by 6pm. Sarva Dharshan (Free darshan) 10 Compartment / 4 Hours ;,"About 55,975 pilgrims had Srivari Dharshan from 3am to 6pm on Dec 31",https://news.tirumala.org/sarva-dharshan-free-darshan-10-compartment-4-hours-divya-dharshan-footpath-darshan-6-compartments-3-hours-and-special-entry-darshan-rs-300-closed/
2017-01-01,77097,39080,2017-01-01 18:15:10,month_day_year_inferred@title,,and waiting hours detail by 6pm. Sarva Dharshan (Free darshan) 7 Compartment / 4 Hours ; D,"About 77,097 pilgrims had Srivari Dharshan from 3am to 6pm on Jan 1",https://news.tirumala.org/about-77097-pilgrims-had-srivari-dharshan-from-3am-to-6pm-on-jan-1/
2017-01-02,39454,39134,2017-01-02 19:53:14,month_day_year_inferred@title,,and waiting hours detail by 6pm. Sarva Dharshan (Free darshan) Direct Line ; Divya Dharsha,"About 39,454 pilgrims had Srivari Dharshan from 3am to 6pm on Jan 2",https://news.tirumala.org/sarva-dharshan-free-darshan-direct-line-divya-dharshan-footpath-darshan-direct-line-and-special-entry-darshan-rs-300-closed-13/
2017-01-02,32672,39178,2017-01-03 18:01:32,month_day_year_inferred@title,,and waiting hours detail by 6pm. Sarva Dharshan (Free darshan) Direct Line ; Divya Dharsha,"About 32,672 pilgrims had Srivari Dharshan from 3am to 7pm on Jan 2",https://news.tirumala.org/about-32672-pilgrims-had-srivari-dharshan-from-3am-to-7pm-on-jan-2/
2017-01-04,40938,39203,2017-01-04 18:30:40,month_day_year_inferred@title,,and waiting hours detail by 6pm. Sarva Dharshan (Free darshan) 4 Compartments / 4 Hours ;,"About 40,938 pilgrims had Srivari Dharshan from 3am to 7pm on Jan 4",https://news.tirumala.org/about-40938-pilgrims-had-srivari-dharshan-from-3am-to-7pm-on-jan-4/
2017-01-05,41249,39214,2017-01-05 22:09:55,month_day_year_inferred@title,,and waiting hours detail by 6pm. Sarva Dharshan (Free darshan) 12 Compartments / 6 Hours ;,"About 41,249 pilgrims had Srivari Dharshan from 3am to 7pm on Jan 5",https://news.tirumala.org/about-41249-pilgrims-had-srivari-dharshan-from-3am-to-7pm-on-jan-5/
2017-01-06,42124,39260,2017-01-06 19:52:08,month_day_year_inferred@title,,and waiting hours detail by 6pm. Sarva Dharshan (Free darshan) 14 Compartments / 8 Hours ;,"About 42,124 pilgrims had Srivari Dharshan from 3am to 7pm on Jan 6",https://news.tirumala.org/sarva-dharshan-free-darshan-14-compartments-8-hours-divya-dharshan-footpath-darshan-6-compartments-6-hours-and-special-entry-darshan-rs-300-closed/
2017-01-07,64150,39278,2017-01-07 18:49:05,month_day_year_inferred@title,,and waiting hours detail by 6pm. Sarva Dharshan (Free darshan) Line Outside,"About 64,150 pilgrims had Srivari Dharshan from 3am to 7pm on Jan 7",https://news.tirumala.org/sarva-dharshan-free-darshan-line-outside/
2017-01-08,67530,39361,2017-01-08 18:45:54,month_day_year_inferred@title,,and waiting hours detail by 6pm. Sarva Dharshan (Free darshan) Line Outside,"About 67,530 pilgrims had Srivari Dharshan from 3am to 6pm on Jan 8",https://news.tirumala.org/about-67530-pilgrims-had-srivari-dharshan-from-3am-to-6pm-on-jan-8/
2017-01-09,60607,39389,2017-01-09 21:46:32,month_day_year_inferred@title,,and waiting hours detail by 6pm. Sarva Dharshan (Free darshan) 15 Compartments / 7 Hours,"About 60,607 pilgrims had Srivari Dharshan from 3am to 6pm on Jan 9",https://news.tirumala.org/sarva-dharshan-free-darshan-15-compartments-7-hours/
2017-01-10,50097,39466,2017-01-10 19:03:34,month_day_year_inferred@title,,and waiting hours detail by 6pm. Sarva Dharshan (Free darshan) 5 Compartments / 3 Hours ;,"About 50,097 pilgrims had Srivari Dharshan from 3am to 6pm on Jan 10",https://news.tirumala.org/sarva-dharshan-free-darshan-5-compartments-3-hours-divya-dharshan-footpath-darshan-1-compartments-3-hours-and-special-entry-darshan-rs-300-closed/
2017-01-10,42662,39498,2017-01-11 19:08:03,month_day_year_inferred@title,,and waiting hours detail by 6pm. Sarva Dharshan (Free darshan) 9 Compartments / 6 Hours ;,"About 42,662 pilgrims had Srivari Dharshan from 3am to 6pm on Jan 10",https://news.tirumala.org/sarva-dharshan-free-darshan-9-compartments-6-hours-divya-dharshan-footpath-darshan-4-compartments-4-hours-and-special-entry-darshan-rs-300-closed/
2017-01-12,39834,39542,2017-01-12 18:27:25,month_day_year_inferred@title,,and waiting hours detail by 6pm. Sarva Dharshan (Free darshan) 8 Compartments / 5 Hours ;,"About 39,834 pilgrims had Srivari Dharshan from 3am to 6pm on Jan 12",https://news.tirumala.org/about-39834-pilgrims-had-srivari-dharshan-from-3am-to-6pm-on-jan-12/
2017-01-13,42994,39546,2017-01-13 18:30:35,month_day_year_inferred@title,,and waiting hours detail by 6pm. Sarva Dharshan (Free darshan) 6 Compartments / 4 Hours ;,"About 42,994 pilgrims had Srivari Dharshan from 3am to 6pm on Jan 13",https://news.tirumala.org/about-42994-pilgrims-had-srivari-dharshan-from-3am-to-6pm-on-jan-13/
2017-01-14,59671,39657,2017-01-14 18:20:15,month_day_year_inferred@title,,and waiting hours detail by 6pm. Sarva Dharshan (Free darshan) 29 Compartments / 10 Hours,"About 59,671 pilgrims had Srivari Dharshan from 3am to 6pm on Jan 14",https://news.tirumala.org/about-59671-pilgrims-had-srivari-dharshan-from-3am-to-6pm-on-jan-14/
2017-01-15,57834,39550,2017-01-15 18:34:04,month_day_year_inferred@title,,and waiting hours detail by 6pm. Sarva Dharshan (Free darshan) 31 Compartments / 12 Hours,"About 57,834 pilgrims had Srivari Dharshan from 3am to 6pm on Jan 15",https://news.tirumala.org/about-57834-pilgrims-had-srivari-dharshan-from-3am-to-6pm-on-jan-15/
2017-01-16,56422,39652,2017-01-16 18:21:21,month_day_year_inferred@title,,and waiting hours detail by 6pm. Sarva Dharshan (Free darshan) 19 Compartments / 8 Hours ;,"About 56,422 pilgrims had Srivari Dharshan from 3am to 6pm on Jan 16",https://news.tirumala.org/sarva-dharshan-free-darshan-19-compartments-8-hours-divya-dharshan-footpath-darshan-10-compartments-8-hours-and-special-entry-darshan-rs-300-closed/
2017-01-17,51048,39693,2017-01-17 19:01:35,month_day_year_inferred@title,,and waiting hours detail by 6pm. Sarva Dharshan (Free darshan) 9 Compartments / 4 Hours ;,"About 51,048 pilgrims had Srivari Dharshan from 3am to 6pm on Jan 17",https://news.tirumala.org/sarva-dharshan-free-darshan-9-compartments-4-hours-divya-dharshan-footpath-darshan-4-compartments-3-hours-and-special-entry-darshan-rs-300-closed/
2017-01-18,43309,39706,2017-01-18 18:58:23,month_day_year_inferred@title,,and waiting hours detail by 6pm. Sarva Dharshan (Free darshan) 17 Compartments / 8 Hours ;,"About 43,309 pilgrims had Srivari Dharshan from 3am to 6pm on Jan 18",https://news.tirumala.org/sarva-dharshan-free-darshan-17-compartments-8-hours-divya-dharshan-footpath-darshan-10-compartments-6-hours-and-special-entry-darshan-rs-300-closed/
2017-01-19,45683,39720,2017-01-19 18:39:33,month_day_year_inferred@title,,and waiting hours detail by 6pm. Sarva Dharshan (Free darshan) 12 Compartments / 6 Hours ;,"About 45,683 pilgrims had Srivari Dharshan from 3am to 6pm on Jan 19",https://news.tirumala.org/sarva-dharshan-free-darshan-12-compartments-6-hours-divya-dharshan-footpath-darshan-6-compartments-4-hours-and-special-entry-darshan-rs-300-closed/
2017-01-20,41501,39759,2017-01-20 18:24:01,month_day_year_inferred@title,,and waiting hours detail by 6pm. Sarva Dharshan (Free darshan) 8 Compartments / 6 Hours ;,"About 41,501 pilgrims had Srivari Dharshan from 3am to 6pm on Jan 20",https://news.tirumala.org/sarva-dharshan-free-darshan-8-compartments-6-hours-divya-dharshan-footpath-darshan-4-compartments-3-hours-and-special-entry-darshan-rs-300-closed/
2017-01-21,50453,39776,2017-01-21 18:56:15,month_day_year_inferred@title,,and waiting hours detail by 6pm. Sarva Dharshan (Free darshan) 17 Compartments / 10 Hours,"About 50,453 pilgrims had Srivari Dharshan from 3am to 6pm on Jan 21",https://news.tirumala.org/sarva-dharshan-free-darshan-17-compartments-10-hours-divya-dharshan-footpath-darshan-14-compartments-8-hours-and-special-entry-darshan-rs-300-closed/
2017-01-22,54751,39791,2017-01-22 18:30:59,month_day_year_inferred@title,,and waiting hours detail by 6pm. Sarva Dharshan (Free darshan) 12 Compartments / 7 Hours ;,"About 54,751 pilgrims had Srivari Dharshan from 3am to 6pm on Jan 22",https://news.tirumala.org/about-54751-pilgrims-had-srivari-dharshan-from-3am-to-6pm-on-jan-21/
2017-01-23,53907,39839,2017-01-23 18:49:42,month_day_year_inferred@title,,and waiting hours detail by 6pm. Sarva Dharshan (Free darshan) Direct Line ; Divya Dharsha,"About 53,907 pilgrims had Srivari Dharshan from 3am to 6pm on Jan 23",https://news.tirumala.org/sarva-dharshan-free-darshan-direct-line-divya-dharshan-footpath-darshan-direct-line-and-special-entry-darshan-rs-300-closed-14/
2017-01-24,43451,39857,2017-01-24 18:35:54,month_day_year_inferred@title,,and waiting hours detail by 6pm. Sarva Dharshan (Free darshan) 2 Compartments / 2 Hours ;,"About 43,451 pilgrims had Srivari Dharshan from 3am to 6pm on Jan 24",https://news.tirumala.org/sarva-dharshan-free-darshan-2-compartments-2-hours-divya-dharshan-footpath-darshan-4-compartments-2-hours-and-special-entry-darshan-rs-300-closed/
2017-01-25,42000,39890,2017-01-25 18:39:34,month_day_year_inferred@title,,and waiting hours detail by 6pm. Sarva Dharshan (Free darshan) 8 Compartments / 4 Hours ;,"About 42,000 pilgrims had Srivari Dharshan from 3am to 6pm on Jan 25",https://news.tirumala.org/sarva-dharshan-free-darshan-8-compartments-4-hours-divya-dharshan-footpath-darshan-2-compartments-3-hours-and-special-entry-darshan-rs-300-closed/
2017-01-26,44446,39969,2017-01-26 18:51:35,month_day_year_inferred@title,,and waiting hours detail by 6pm. Sarva Dharshan (Free darshan) 22 Compartments / 8 Hours ;,"About 44,446 pilgrims had Srivari Dharshan from 3am to 6pm on Jan 26",https://news.tirumala.org/about-44446-pilgrims-had-srivari-dharshan-from-3am-to-6pm-on-jan-26/
2017-01-27,41814,40019,2017-01-27 18:40:50,month_day_year_inferred@title,,and waiting hours detail by 6pm. Sarva Dharshan (Free darshan) 22 Compartments / 10 Hours,"About 41,814 pilgrims had Srivari Dharshan from 3am to 6pm on Jan 27",https://news.tirumala.org/sarva-dharshan-free-darshan-22-compartments-10-hours-divya-dharshan-footpath-darshan-8-compartments-6-hours-and-special-entry-darshan-rs-300-closed/
2017-01-28,53332,40058,2017-01-28 18:38:02,month_day_year_inferred@title,,and waiting hours detail by 6pm. Sarva Dharshan (Free darshan) 17 Compartments / 8 Hours ;,"About 53,332 pilgrims had Srivari Dharshan from 3am to 6pm on Jan 28",https://news.tirumala.org/sarva-dharshan-free-darshan-17-compartments-8-hours-divya-dharshan-footpath-darshan-16-compartments-7-hours-and-special-entry-darshan-rs-300-closed/
2017-01-29,52446,40090,2017-01-29 18:07:41,month_day_year_inferred@title,,and waiting hours detail by 6pm. Sarva Dharshan (Free darshan) 14 Compartments / 7 Hours ;,"About 52,446 pilgrims had Srivari Dharshan from 3am to 6pm on Jan 29",https://news.tirumala.org/about-52446-pilgrims-had-srivari-dharshan-from-3am-to-6pm-on-jan-29/
2017-01-30,47967,40111,2017-01-30 18:22:01,month_day_year_inferred@title,,and waiting hours detail by 6pm. Sarva Dharshan (Free darshan) Direct Line ; Divya Dharsha,"About 47,967 pilgrims had Srivari Dharshan from 3am to 6pm on Jan 30",https://news.tirumala.org/sarva-dharshan-free-darshan-direct-line-divya-dharshan-footpath-darshan-direct-line-and-special-entry-darshan-rs-300-closed-15/
2017-01-31,44161,40139,2017-01-31 18:03:45,month_day_year_inferred@title,,and waiting hours detail by 6pm. Sarva Dharshan (Free darshan) Direct Line ; Divya Dharsha,"About 44,161 pilgrims had Srivari Dharshan from 3am to 6pm on Jan 31",https://news.tirumala.org/about-44161-pilgrims-had-srivari-dharshan-from-3am-to-6pm-on-jan-31/
2017-02-01,36442,40146,2017-02-01 19:00:11,month_day_year_inferred@title,,and waiting hours detail by 6pm. Sarva Dharshan (Free darshan) 9 Compartments 6 Hours ; Di,"About 36,442 pilgrims had Srivari Dharshan from 3am to 6pm on Feb 1",https://news.tirumala.org/sarva-dharshan-free-darshan-9-compartments-6-hours-divya-dharshan-footpath-darshan-4-compartments-4-hours-and-special-entry-darshan-rs-300-closed-2/
2017-02-02,44094,40215,2017-02-02 18:45:17,month_day_year_inferred@title,,and waiting hours detail by 6pm. Sarva Dharshan (Free darshan) 26 Compartments / 12 Hours,"About 44,094 pilgrims had Srivari Dharshan from 3am to 6pm on Feb 2",https://news.tirumala.org/sarva-dharshan-free-darshan-26-compartments-12-hours-divya-dharshan-footpath-darshan-16-compartments-10-hours-and-special-entry-darshan-rs-300-closed/
2017-02-03,60629,40226,2017-02-03 18:21:02,month_day_year_inferred@title,,and waiting hours detail by 6pm. Sarva Dharshan (Free darshan) 11 Compartments / 5 Hours ;,"About 60,629 pilgrims had Srivari Dharshan from 3am to 6pm on Feb 3",https://news.tirumala.org/about-60629-pilgrims-had-srivari-dharshan-from-3am-to-6pm-on-feb-3/
2017-02-04,55093,40343,2017-02-04 18:35:02,month_day_year_inferred@title,,and waiting hours detail by 6pm. Sarva Dharshan (Free darshan) 27 Compartments / 6 Hours ;,"About 55,093 pilgrims had Srivari Dharshan from 3am to 6pm on Feb 4",https://news.tirumala.org/about-55093-pilgrims-had-srivari-dharshan-from-3am-to-6pm-on-feb-4/
2017-02-05,54669,40360,2017-02-05 18:57:17,month_day_year_inferred@title,,and waiting hours detail by 6pm. Sarva Dharshan (Free darshan) 10 Compartments / 8 Hours ;,"About 54,669 pilgrims had Srivari Dharshan from 3am to 6pm on Feb 5",https://news.tirumala.org/about-54669-pilgrims-had-srivari-dharshan-from-3am-to-6pm-on-feb-5/
2017-02-06,45765,40403,2017-02-06 19:06:49,month_day_year_inferred@title,,and waiting hours detail by 6pm. Sarva Dharshan (Free darshan) 11 Compartments / 6 Hours ;,"About 45,765 pilgrims had Srivari Dharshan from 3am to 6pm on Feb 6",https://news.tirumala.org/sarva-dharshan-free-darshan-11-compartments-6-hours-divya-dharshan-footpath-darshan-2-compartments-3-hours-and-special-entry-darshan-rs-300-closed-2/
2017-02-07,41680,40418,2017-02-07 18:43:06,month_day_year_inferred@title,,and waiting hours detail by 6pm. Sarva Dharshan (Free darshan) 9 Compartments / 6 Hours ;,"About 41,680 pilgrims had Srivari Dharshan from 3am to 6pm on Feb 7",https://news.tirumala.org/sarva-dharshan-free-darshan-9-compartments-6-hours-divya-dharshan-footpath-darshan-6-compartments-4-hours-and-special-entry-darshan-rs-300-closed/
2017-02-08,40303,40457,2017-02-08 18:37:57,month_day_year_inferred@title,,and waiting hours detail by 6pm. Sarva Dharshan (Free darshan) 2 Compartments / 2 Hours ;,"About 40,303 pilgrims had Srivari Dharshan from 3am to 6pm on Feb 8",https://news.tirumala.org/sarva-dharshan-free-darshan-2-compartments-2-hours-divya-dharshan-footpath-darshan-direct-line-and-special-entry-darshan-rs-300-closed/
2017-02-09,39613,40481,2017-02-09 21:30:48,month_day_year_inferred@title,,and waiting hours detail by 6pm. Sarva Dharshan (Free darshan) 16 Compartments / 6 Hours ;,"About 39,613 pilgrims had Srivari Dharshan from 3am to 6pm on Feb 9",https://news.tirumala.org/sarva-dharshan-free-darshan-16-compartments-6-hours-divya-dharshan-footpath-darshan-9-comapartments-4-hours-and-special-entry-darshan-rs-300-closed/
2017-02-10,39290,40509,2017-02-10 18:54:53,month_day_year_inferred@title,,and waiting hours detail by 6pm. Sarva Dharshan (Free darshan) 15 Compartments / 6 Hours ;,"About 39,290 pilgrims had Srivari Dharshan from 3am to 6pm on Feb 10",https://news.tirumala.org/sarva-dharshan-free-darshan-15-compartments-6-hours-divya-dharshan-footpath-darshan-6-comapartments-4-hours-and-special-entry-darshan-rs-300-closed/
2017-02-11,55248,40561,2017-02-11 18:43:15,month_day_year_inferred@title,,and waiting hours detail by 6pm. Sarva Dharshan (Free darshan) 28 Compartments / 12 Hours,"About 55,248 pilgrims had Srivari Dharshan from 3am to 6pm on Feb 11",https://news.tirumala.org/about-55248-pilgrims-had-srivari-dharshan-from-3am-to-6pm-on-feb-11/
2017-02-12,61088,40578,2017-02-12 19:23:18,month_day_year_inferred@title,,and waiting hours detail by 6pm. Sarva Dharshan (Free darshan) 22 Compartments / 8 Hours ;,"About 61,088 pilgrims had Srivari Dharshan from 3am to 6pm on Feb 12",https://news.tirumala.org/about-88299-pilgrims-had-srivari-dharshan-from-3am-to-6pm-on-feb-12/
2017-02-13,56426,40594,2017-02-13 19:22:36,month_day_year_inferred@title,,and waiting hours detail by 6pm. Sarva Dharshan (Free darshan) 2 Compartments / 2 Hours ;,"About 56,426 pilgrims had Srivari Dharshan from 3am to 6pm on Feb 13",https://news.tirumala.org/sarva-dharshan-free-darshan-2-compartments-2-hours-divya-dharshan-footpath-darshan-direct-line-and-special-entry-darshan-rs-300-closed-2/
2017-02-14,44994,40650,2017-02-14 20:06:39,month_day_year_inferred@title,,and waiting hours detail by 6pm. Sarva Dharshan (Free darshan) Direct Line ; Divya Dharsha,"About 44,994 pilgrims had Srivari Dharshan from 3am to 6pm on Feb 14",https://news.tirumala.org/sarva-dharshan-free-darshan-direct-line-divya-dharshan-footpath-darshan-direct-line-and-special-entry-darshan-rs-300-closed-16/
2017-02-15,38841,40686,2017-02-15 19:58:57,month_day_year_inferred@title,,and waiting hours detail by 6pm. Sarva Dharshan (Free darshan) 7 Compartments / 4 Hours ;,"About 38,841 pilgrims had Srivari Dharshan from 3am to 6pm on Feb 15",https://news.tirumala.org/sarva-dharshan-free-darshan-7-compartments-4-hours-divya-dharshan-footpath-darshan-3-compartments-2-hours-and-special-entry-darshan-rs-300-closed/
2017-02-16,39863,40745,2017-02-16 18:46:50,month_day_year_inferred@title,,and waiting hours detail by 6pm. Sarva Dharshan (Free darshan) 16 Compartments / 6 Hours ;,"About 39,863 pilgrims had Srivari Dharshan from 3am to 6pm on Feb 16",https://news.tirumala.org/about-39863-pilgrims-had-srivari-dharshan-from-3am-to-6pm-on-feb-16/
2017-02-17,39475,40802,2017-02-17 18:36:09,month_day_year_inferred@title,,and waiting hours detail by 6pm. Sarva Dharshan (Free darshan) 16 Compartments / 6 Hours ;,"About 39,475pilgrims had Srivari Dharshan from 3am to 6pm on Feb 17",https://news.tirumala.org/sarva-dharshan-free-darshan-16-compartments-6-hours-divya-dharshan-footpath-darshan-4-compartments-4-hours-and-special-entry-darshan-rs-300-closed/
2017-02-18,53989,40882,2017-02-18 18:36:45,month_day_year_inferred@title,,and waiting hours detail by 6pm. Sarva Dharshan (Free darshan) 19 Compartments / 8 Hours ;,"About 53,989 pilgrims had Srivari Dharshan from 3am to 6pm on Feb 18",https://news.tirumala.org/sarva-dharshan-free-darshan-19-compartments-8-hours-divya-dharshan-footpath-darshan-14-compartments-6-hours-and-special-entry-darshan-rs-300-closed/
2017-02-19,60993,40967,2017-02-19 21:00:35,month_day_year_inferred@title,,and waiting hours detail by 6pm. Sarva Dharshan (Free darshan) 16 Compartments / 8 Hours ;,"About 60,993 pilgrims had Srivari Dharshan from 3am to 6pm on Feb 19",https://news.tirumala.org/sarva-dharshan-free-darshan-16-compartments-8-hours-divya-dharshan-footpath-darshan-11-compartments-6-hours-and-special-entry-darshan-rs-300-closed/
2017-02-20,47290,41038,2017-02-20 18:57:36,month_day_year_inferred@title,,and waiting hours detail by 6pm. Sarva Dharshan (Free darshan) Direct Line ; Divya Dharsha,"About 47,290 pilgrims had Srivari Dharshan from 3am to 6pm on Feb 20",https://news.tirumala.org/41038-2/
2017-02-21,46757,41084,2017-02-21 19:03:30,month_day_year_inferred@title,,and waiting hours detail by 6pm. Sarva Dharshan (Free darshan) 4 Compartments / 4 Hours ;,"About 46,757 pilgrims had Srivari Dharshan from 3am to 6pm on Feb 21",https://news.tirumala.org/about-46757-pilgrims-had-srivari-dharshan-from-3am-to-6pm-on-feb-21/
2017-02-21,46757,41060,2017-02-21 20:51:03,month_day_year_inferred@title,,and waiting hours detail by 6pm. Sarva Dharshan (Free darshan) 4 Compartments / 4 Hours ;,"About 46,757 pilgrims had Srivari Dharshan from 3am to 6pm on Feb 21",https://news.tirumala.org/sarva-dharshan-free-darshan-4-compartments-4-hours-divya-dharshan-footpath-darshan-1-compartment-3-hours-and-special-entry-darshan-rs-300-closed/
2017-02-22,39415,41086,2017-02-22 19:05:10,month_day_year_inferred@title,,and waiting hours detail by 6pm. Sarva Dharshan (Free darshan) 9 Compartments / 6 Hours ;,"About 39,415 pilgrims had Srivari Dharshan from 3am to 6pm on Feb 22",https://news.tirumala.org/sarva-dharshan-free-darshan-9-compartments-6-hours-divya-dharshan-footpath-darshan-4-compartment-4-hours-and-special-entry-darshan-rs-300-closed/
2017-02-23,42687,41122,2017-02-23 18:42:59,month_day_year_inferred@title,,and waiting hours detail by 6pm. Sarva Dharshan (Free darshan) 2 Compartments / 3 Hours ;,"About 42,687 pilgrims had Srivari Dharshan from 3am to 6pm on Feb 23",https://news.tirumala.org/about-42687-pilgrims-had-srivari-dharshan-from-3am-to-6pm-on-feb-23/
2017-02-24,41867,41184,2017-02-24 18:20:20,month_day_year_inferred@title,,and waiting hours detail by 6pm. Sarva Dharshan (Free darshan) 12 Compartments / 6 Hours ;,"About 41,867 pilgrims had Srivari Dharshan from 3am to 6pm on Feb 24",https://news.tirumala.org/about-41867-pilgrims-had-srivari-dharshan-from-3am-to-6pm-on-feb-24/
2017-02-25,56608,41220,2017-02-25 18:41:01,month_day_year_inferred@title,,and waiting hours detail by 6pm. Sarva Dharshan (Free darshan) 18 Compartments / 10 Hours,"About 56,608 pilgrims had Srivari Dharshan from 3am to 6pm on Feb 25",https://news.tirumala.org/sarva-dharshan-free-darshan-18-compartments-10-hours-divya-dharshan-footpath-darshan-14-compartment-8-hours-and-special-entry-darshan-rs-300-closed/
2017-02-26,54636,41277,2017-02-26 18:07:09,month_day_year_inferred@title,,and waiting hours detail by 6pm. Sarva Dharshan (Free darshan) 9 Compartments / 6 Hours ;,"About 54,636 pilgrims had Srivari Dharshan from 3am to 6pm on Feb 26",https://news.tirumala.org/about-54636-pilgrims-had-srivari-dharshan-from-3am-to-6pm-on-feb-26/
2017-02-27,45781,41303,2017-02-27 18:46:58,month_day_year_inferred@title,,and waiting hours detail by 6pm. Sarva Dharshan (Free darshan) Direct Line ; Divya Dharsha,"About 45,781 pilgrims had Srivari Dharshan from 3am to 6pm on Feb 27",https://news.tirumala.org/sarva-dharshan-free-darshan-direct-line-divya-dharshan-footpath-darshan-direct-line-and-special-entry-darshan-rs-300-closed-17/
2017-02-28,44276,41320,2017-02-28 18:59:02,month_day_year_inferred@title,,and waiting hours detail by 6pm. Sarva Dharshan (Free darshan) Direct Line ; Divya Dharsha,"About 44,276 pilgrims had Srivari Dharshan from 3am to 6pm on Feb 28",https://news.tirumala.org/sarva-dharshan-free-darshan-direct-line-divya-dharshan-footpath-darshan-1-compartment-2-hours-and-special-entry-darshan-rs-300-closed/
2017-03-01,42222,41337,2017-03-01 18:17:40,month_day_year_inferred@title,,and waiting hours detail by 6pm. Sarva Dharshan (Free darshan) 6 Compartments / 4 Hours ;,"About 42,222 pilgrims had Srivari Dharshan from 3am to 6pm on March 1",https://news.tirumala.org/about-42222-pilgrims-had-srivari-dharshan-from-3am-to-6pm-on-march-1/
2017-03-02,42524,41361,2017-03-02 20:02:28,month_day_year_inferred@title,,and waiting hours detail by 6pm. Sarva Dharshan (Free darshan) 13 Compartments / 6 Hours ;,"About 42,524 pilgrims had Srivari Dharshan from 3am to 6pm on March 2",https://news.tirumala.org/sarva-dharshan-free-darshan-13-compartments-6-hours-divya-dharshan-footpath-darshan-3-compartment-4-hours-and-special-entry-darshan-rs-300-closed/
2017-03-03,39548,41392,2017-03-03 19:00:39,month_day_year_inferred@title,,and waiting hours detail by 6pm. Sarva Dharshan (Free darshan) 11 Compartments / 4 Hours ;,"About 39,548 pilgrims had Srivari Dharshan from 3am to 6pm on March 3",https://news.tirumala.org/sarva-dharshan-free-darshan-11-compartments-4-hours-divya-dharshan-footpath-darshan-2-compartment-2-hours-and-special-entry-darshan-rs-300-closed/
2017-03-04,54952,41398,2017-03-04 18:38:18,month_day_year_inferred@title,,and waiting hours detail by 6pm. Sarva Dharshan (Free darshan) 24 Compartments / 12 Hours,"About 54,952 pilgrims had Srivari Dharshan from 3am to 6pm on March 4",https://news.tirumala.org/sarva-dharshan-free-darshan-24-compartments-12-hours-divya-dharshan-footpath-darshan-14-compartment-10-hours-and-special-entry-darshan-rs-300-closed/
2017-03-05,55544,41406,2017-03-05 18:53:04,month_day_year_inferred@title,,and waiting hours detail by 6pm. Sarva Dharshan (Free darshan) 22 Compartments / 9 Hours ;,"About 55,544 pilgrims had Srivari Dharshan from 3am to 6pm on March 5",https://news.tirumala.org/about-55544-pilgrims-had-srivari-dharshan-from-3am-to-6pm-on-march-5/
2017-03-06,47757,41431,2017-03-06 18:28:15,month_day_year_inferred@title,,and waiting hours detail by 6pm. Sarva Dharshan (Free darshan) Direct Line ; Divya Dharsha,"About 47,757 pilgrims had Srivari Dharshan from 3am to 6pm on March 6",https://news.tirumala.org/sarva-dharshan-free-darshan-direct-line-divya-dharshan-footpath-darshan-direct-line-and-special-entry-darshan-rs-300-closed-18/
2017-03-07,44701,41462,2017-03-07 18:12:22,month_day_year_inferred@title,,and waiting hours detail by 6pm. Sarva Dharshan (Free darshan) 6 Compartments / 4 Hours ;,"About 44,701 pilgrims had Srivari Dharshan from 3am to 6pm on March 7",https://news.tirumala.org/about-44701-pilgrims-had-srivari-dharshan-from-3am-to-6pm-on-march-7/
2017-03-08,37904,41468,2017-03-08 19:02:09,month_day_year_inferred@title,,and waiting hours detail by 6pm. Sarva Dharshan (Free darshan) 12 Compartments / 6 Hours ;,"About 37,904 pilgrims had Srivari Dharshan from 3am to 6pm on March 8",https://news.tirumala.org/sarva-dharshan-free-darshan-12-compartments-6-hours-divya-dharshan-footpath-darshan-2-compartments-3-hours-and-special-entry-darshan-rs-300-closed/
2017-03-09,40352,41536,2017-03-09 20:34:24,month_day_year_inferred@title,,and waiting hours detail by 6pm. Sarva Dharshan (Free darshan) 15 Compartments / 8 Hours ;,"About 40,352 pilgrims had Srivari Dharshan from 3am to 6pm on March 9",https://news.tirumala.org/sarva-dharshan-free-darshan-15-compartments-8-hours-divya-dharshan-footpath-darshan-6-compartments-4-hours-and-special-entry-darshan-rs-300-closed/
2017-03-10,38521,41556,2017-03-10 18:44:50,month_day_year_inferred@title,,and waiting hours detail by 6pm. Sarva Dharshan (Free darshan) 9 Compartments / 6 Hours ;,"About 38,521 pilgrims had Srivari Dharshan from 3am to 6pm on March 10",https://news.tirumala.org/sarva-dharshan-free-darshan-9-compartments-6-hours-divya-dharshan-footpath-darshan-6-compartments-4-hours-and-special-entry-darshan-rs-300-closed-2/
2017-03-11,54215,41574,2017-03-11 20:26:56,month_day_year_inferred@title,,and waiting hours detail by 6pm. Sarva Dharshan (Free darshan) 28 Compartments / 12 Hours,"About 54,215 pilgrims had Srivari Dharshan from 3am to 6pm on March 11",https://news.tirumala.org/sarva-dharshan-free-darshan-28-compartments-12-hours-divya-dharshan-footpath-darshan-line-outside-and-special-entry-darshan-rs-300-closed/
2017-03-12,52778,41653,2017-03-12 19:05:37,month_day_year_inferred@title,,and waiting hours detail by 6pm. Sarva Dharshan (Free darshan) Line Outside / 12 Hours ; D,"About 52,778 pilgrims had Srivari Dharshan from 3am to 6pm on March 12",https://news.tirumala.org/about-52778-pilgrims-had-srivari-dharshan-from-3am-to-6pm-on-march-12/
2017-03-13,47350,41675,2017-03-13 19:16:37,month_day_year_inferred@title,,and waiting hours detail by 6pm. Sarva Dharshan (Free darshan) 14 Compartments / 7 Hours ;,"About 47,350 pilgrims had Srivari Dharshan from 3am to 6pm on March 13",https://news.tirumala.org/sarva-dharshan-free-darshan-14-compartments-7-hours-divya-dharshan-footpath-darshan-4-compartments-2-hoursand-special-entry-darshan-rs-300-closed/
2017-03-14,43043,41702,2017-03-14 18:38:01,month_day_year_inferred@title,,and waiting hours detail by 6pm. Sarva Dharshan (Free darshan) 9 Compartments / 5 Hours ;,"About 43,043 pilgrims had Srivari Dharshan from 3am to 6pm on March 14",https://news.tirumala.org/sarva-dharshan-free-darshan-9-compartments-5-hours-divya-dharshan-footpath-darshan-2-compartments-2-hoursand-special-entry-darshan-rs-300-closed/
2017-03-15,38882,41741,2017-03-15 19:35:21,month_day_year_inferred@title,,and waiting hours detail by 6pm. Sarva Dharshan (Free darshan) 12 Compartments / 5 Hours ;,"About 38,882 pilgrims had Srivari Dharshan from 3am to 6pm on March 15",https://news.tirumala.org/sarva-dharshan-free-darshan-12-compartments-5-hours-divya-dharshan-footpath-darshan-6-compartments-3-hoursand-special-entry-darshan-rs-300-closed/
2017-03-16,41004,41779,2017-03-16 18:57:36,month_day_year_inferred@title,,and waiting hours detail by 6pm. Sarva Dharshan (Free darshan) 16 Compartments / 8 Hours ;,"About 41,004 pilgrims had Srivari Dharshan from 3am to 6pm on March 16",https://news.tirumala.org/sarva-dharshan-free-darshan-16-compartments-8-hours-divya-dharshan-footpath-darshan-8-compartments-6-hoursand-special-entry-darshan-rs-300-closed/
2017-03-17,39144,41816,2017-03-17 18:45:30,month_day_year_inferred@title,,and waiting hours detail by 6pm. Sarva Dharshan (Free darshan) 13 Compartments / 5 Hours ;,"About 39,144 pilgrims had Srivari Dharshan from 3am to 6pm on March 17",https://news.tirumala.org/sarva-dharshan-free-darshan-13-compartments-5-hours-divya-dharshan-footpath-darshan-6-compartments-4-hoursand-special-entry-darshan-rs-300-closed/
2017-03-18,54635,41831,2017-03-18 19:21:27,month_day_year_inferred@title,,and waiting hours detail by 6pm. Sarva Dharshan (Free darshan) 27 Compartments / 10 Hours,"About 54,635 pilgrims had Srivari Dharshan from 3am to 6pm on March 18",https://news.tirumala.org/sarva-dharshan-free-darshan-27-compartments-10-hours-divya-dharshan-footpath-darshan-16-compartments-8-hoursand-special-entry-darshan-rs-300-closed/
2017-03-19,54517,41840,2017-03-19 18:51:31,month_day_year_inferred@title,,and waiting hours detail by 6pm. Sarva Dharshan (Free darshan) 28 Compartments / 12 Hours,"About 54,517 pilgrims had Srivari Dharshan from 3am to 6pm on March 19",https://news.tirumala.org/sarva-dharshan-free-darshan-28-compartments-12-hours-divya-dharshan-footpath-darshan-22-compartments-10-hoursand-special-entry-darshan-rs-300-closed/
2017-03-20,48834,41888,2017-03-20 18:13:35,month_day_year_inferred@title,,and waiting hours detail by 6pm. Sarva Dharshan (Free darshan) 10 Compartments / 6 Hours ;,"About 48,834 pilgrims had Srivari Dharshan from 3am to 6pm on March 20",https://news.tirumala.org/sarva-dharshan-free-darshan-10-compartments-6-hours-divya-dharshan-footpath-darshan-7-compartments-4-hoursand-special-entry-darshan-rs-300-closed/
2017-03-21,42560,41917,2017-03-21 18:13:22,month_day_year_inferred@title,,and waiting hours detail by 6pm. Sarva Dharshan (Free darshan) 16 Compartments / 8 Hours ;,"About 42,560 pilgrims had Srivari Dharshan from 3am to 6pm on March 21",https://news.tirumala.org/sarva-dharshan-free-darshan-16-compartments-8-hours-divya-dharshan-footpath-darshan-8-compartments-6-hoursand-special-entry-darshan-rs-300-closed-2/
2017-03-22,44204,41966,2017-03-22 19:41:33,month_day_year_inferred@title,,and waiting hours detail by 6pm. Sarva Dharshan (Free darshan) 15 Compartments / 6 Hours ;,"About 44,204 pilgrims had Srivari Dharshan from 3am to 6pm on March 22",https://news.tirumala.org/sarva-dharshan-free-darshan-15-compartments-6-hours-divya-dharshan-footpath-darshan-8-compartments-4-hoursand-special-entry-darshan-rs-300-closed/
2017-03-23,39964,42005,2017-03-23 20:51:57,month_day_year_inferred@title,,and waiting hours detail by 6pm. Sarva Dharshan (Free darshan) 18 Compartments / 7 Hours ;,"About 39,964 pilgrims had Srivari Dharshan from 3am to 6pm on March 23",https://news.tirumala.org/sarva-dharshan-free-darshan-18-compartments-7-hours-divya-dharshan-footpath-darshan-14-compartments-5-hoursand-special-entry-darshan-rs-300-closed/
2017-03-24,38319,42072,2017-03-24 18:50:29,month_day_year_inferred@title,,and waiting hours detail by 6pm. Sarva Dharshan (Free darshan) 22 Compartments / 7 Hours ;,"About 38,319 pilgrims had Srivari Dharshan from 3am to 6pm on March 24",https://news.tirumala.org/about-38319-pilgrims-had-srivari-dharshan-from-3am-to-6pm-on-march-24/
2017-03-25,51990,42142,2017-03-25 19:25:52,month_day_year_inferred@title,,and waiting hours detail by 6pm. Sarva Dharshan (Free darshan) Line Outside / 12 Hours ; D,"About 51,990 pilgrims had Srivari Dharshan from 3am to 6pm on March 25",https://news.tirumala.org/sarva-dharshan-free-darshan-line-outside-12-hours-divya-dharshan-footpath-darshan-line-outside-10-hoursand-special-entry-darshan-rs-300-closed/
2017-03-26,58631,42173,2017-03-26 21:26:12,month_day_year_inferred@title,,and waiting hours detail by 6pm. Sarva Dharshan (Free darshan) 31 Compartments / 15 Hours,"About 58,631 pilgrims had Srivari Dharshan from 3am to 6pm on March 26",https://news.tirumala.org/sarva-dharshan-free-darshan-31-compartments-15-hours-divya-dharshan-footpath-darshan-20-compartments-12-hours-and-special-entry-darshan-rs-300-closed/
2017-03-27,49913,42231,2017-03-27 19:37:19,month_day_year_inferred@title,,and waiting hours detail by 6pm. Sarva Dharshan (Free darshan) 14 Compartments / 8 Hours ;,"About 49,913 pilgrims had Srivari Dharshan from 3am to 6pm on March 27",https://news.tirumala.org/sarva-dharshan-free-darshan-14-compartments-8-hours-divya-dharshan-footpath-darshan-10-compartments-6-hours-and-special-entry-darshan-rs-300-closed/
2017-03-28,42686,42287,2017-03-28 18:26:59,month_day_year_inferred@title,,and waiting hours detail by 6pm. Sarva Dharshan (Free darshan) 6 Compartments / 3 Hours ;,"About 42,686 pilgrims had Srivari Dharshan from 3am to 6pm on March 28",https://news.tirumala.org/sarva-dharshan-free-darshan-6-compartments-3-hours-divya-dharshan-footpath-darshan-3-compartments-2-hours-and-special-entry-darshan-rs-300-closed/
2017-03-29,36789,42368,2017-03-29 18:10:01,month_day_year_inferred@title,,and waiting hours detail by 6pm. Sarva Dharshan (Free darshan) 15 Compartments / 6 Hours ;,"About 36,789 pilgrims had Srivari Dharshan from 3am to 6pm on March 29",https://news.tirumala.org/about-36789-pilgrims-had-srivari-dharshan-from-3am-to-6pm-on-march-29/
2017-03-30,43487,42410,2017-03-30 18:18:53,month_day_year_inferred@title,,and waiting hours detail by 6pm. Sarva Dharshan (Free darshan) 14 Compartments / 8 Hours ;,"About 43,487 pilgrims had Srivari Dharshan from 3am to 6pm on March 30",https://news.tirumala.org/sarva-dharshan-free-darshan-14-compartments-8-hours-divya-dharshan-footpath-darshan-14-compartments-6-hours-and-special-entry-darshan-rs-300-closed/
2017-03-31,40207,42506,2017-03-31 20:04:37,month_day_year_inferred@title,,and waiting hours detail by 6pm. Sarva Dharshan (Free darshan) 18 Compartments / 8 Hours ;,"About 40,207 pilgrims had Srivari Dharshan from 3am to 6pm on March 31",https://news.tirumala.org/about-40207-pilgrims-had-srivari-dharshan-from-3am-to-6pm-on-march-31/
2017-04-01,52521,42504,2017-04-01 20:04:03,month_day_year_inferred@title,,and waiting hours detail by 6pm. Sarva Dharshan (Free darshan) 31 Compartments / 10 Hours,"About 52,521 pilgrims had Srivari Dharshan from 3am to 6pm on April 1",https://news.tirumala.org/sarva-dharshan-free-darshan-31-compartments-10-hours-divya-dharshan-footpath-darshan-22-compartments-8-hours-and-special-entry-darshan-rs-300-closed/
2017-04-02,52301,42557,2017-04-02 18:10:32,month_day_year_inferred@title,,and waiting hours detail by 6pm. Sarva Dharshan (Free darshan) Line Outside ; Divya Dharsh,"About 52,301 pilgrims had Srivari Dharshan from 3am to 6pm on April 2",https://news.tirumala.org/about-52301-pilgrims-had-srivari-dharshan-from-3am-to-6pm-on-april-2/
2017-04-03,54910,42587,2017-04-03 19:28:42,month_day_year_inferred@title,,and waiting hours detail by 6pm. Sarva Dharshan (Free darshan) 19 Compartments / 8 Hours ;,"About 54,910 pilgrims had Srivari Dharshan from 3am to 6pm on April 3",https://news.tirumala.org/sarva-dharshan-free-darshan-19-compartments-8-hours-divya-dharshan-footpath-darshan-12-compartments-6-hours-and-special-entry-darshan-rs-300-closed/
2017-04-04,48173,42606,2017-04-04 18:46:06,month_day_year_inferred@title,,and waiting hours detail by 6pm. Sarva Dharshan (Free darshan) 11 Compartments / 5 Hours ;,"About 48,173 pilgrims had Srivari Dharshan from 3am to 6pm on April 4",https://news.tirumala.org/sarva-dharshan-free-darshan-11-compartments-5-hours-divya-dharshan-footpath-darshan-8-compartments-4-hours-and-special-entry-darshan-rs-300-closed/
2017-04-05,41193,42671,2017-04-05 18:02:25,month_day_year_inferred@title,,and waiting hours detail by 6pm. Sarva Dharshan (Free darshan) 7 Compartments / 4 Hours ;,"About 41,193 pilgrims had Srivari Dharshan from 3am to 6pm on April 5",https://news.tirumala.org/about-41193-pilgrims-had-srivari-dharshan-from-3am-to-6pm-on-april-5/
2017-04-05,41193,42691,2017-04-06 18:48:44,month_day_year_inferred@title,,and waiting hours detail by 6pm. Sarva Dharshan (Free darshan) 7 Compartments / 4 Hours ;,"About 41,193 pilgrims had Srivari Dharshan from 3am to 6pm on April 5",https://news.tirumala.org/about-41193-pilgrims-had-srivari-dharshan-from-3am-to-6pm-on-april-5-2/
2017-04-07,39416,42719,2017-04-07 18:02:09,month_day_year_inferred@title,,and waiting hours detail by 6pm. Sarva Dharshan (Free darshan) 18 Compartments / 7 Hours ;,About 39.416 pilgrims had Srivari Dharshan from 3am to 6pm on April 7,https://news.tirumala.org/about-39-416-pilgrims-had-srivari-dharshan-from-3am-to-6pm-on-april-7/
2017-04-08,60726,42761,2017-04-08 20:45:44,month_day_year_inferred@title,,and waiting hours detail by 6pm. Sarva Dharshan (Free darshan) 18 Compartments / 8 Hours ;,"About 60,726 pilgrims had Srivari Dharshan from 3am to 6pm on April 8",https://news.tirumala.org/sarva-dharshan-free-darshan-18-compartments-8-hours-divya-dharshan-footpath-darshan-20-compartments-7-hours-and-special-entry-darshan-rs-300-closed/
2017-04-09,62338,42832,2017-04-09 18:42:29,month_day_year_inferred@title,,and waiting hours detail by 6pm. Sarva Dharshan (Free darshan) 16 Compartments / 8 Hours ;,"About 62,338 pilgrims had Srivari Dharshan from 3am to 6pm on April 9",https://news.tirumala.org/about-62338-pilgrims-had-srivari-dharshan-from-3am-to-6pm-on-april-9/
2017-04-10,48441,42834,2017-04-10 18:43:43,month_day_year_inferred@title,,and waiting hours detail by 6pm. Sarva Dharshan (Free darshan) 10 Compartments / 4 Hours ;,"About 48,441 pilgrims had Srivari Dharshan from 3am to 6pm on April 10",https://news.tirumala.org/about-48441-pilgrims-had-srivari-dharshan-from-3am-to-6pm-on-april-10/
2017-04-11,45851,42933,2017-04-11 18:16:16,month_day_year_inferred@title,,and waiting hours detail by 6pm. Sarva Dharshan (Free darshan) 13 Compartments / 6 Hours ;,"About 45,851 pilgrims had Srivari Dharshan from 3am to 6pm on April 11",https://news.tirumala.org/42933-2/
2017-04-12,39336,42952,2017-04-12 18:13:49,month_day_year_inferred@title,,and waiting hours detail by 6pm. Sarva Dharshan (Free darshan) 10 Compartments / 6 Hours ;,"About 39,336 pilgrims had Srivari Dharshan from 3am to 6pm on April 12",https://news.tirumala.org/about-39336-pilgrims-had-srivari-dharshan-from-3am-to-6pm-on-april-12/
2017-04-13,42725,42989,2017-04-13 18:33:24,month_day_year_inferred@title,,and waiting hours detail by 6pm. Sarva Dharshan (Free darshan) 22 Compartments / 8 Hours ;,"About 42,725 pilgrims had Srivari Dharshan from 3am to 6pm on April 13",https://news.tirumala.org/sarva-dharshan-free-darshan-22-compartments-8-hours-divya-dharshan-footpath-darshan-15-compartments-6-hours-and-special-entry-darshan-rs-300-closed/
2017-04-14,45471,43011,2017-04-14 18:13:57,month_day_year_inferred@title,,and waiting hours detail by 6pm. Sarva Dharshan (Free darshan) 31 Compartments / Line Outs,"About 45,471 pilgrims had Srivari Dharshan from 3am to 6pm on April 14",https://news.tirumala.org/about-45471-pilgrims-had-srivari-dharshan-from-3am-to-6pm-on-april-14/
2017-04-15,63905,43016,2017-04-15 18:52:21,month_day_year_inferred@title,,and waiting hours detsail by 6pm. Sarva Dharshan (Free darshan) Line Outside / 15 Hours ;,"About 63,905 pilgrims had Srivari Dharshan from 3am to 6pm on April 15",https://news.tirumala.org/about-63905-pilgrims-had-srivari-dharshan-from-3am-to-6pm-on-april-15/
2017-04-16,64680,43044,2017-04-16 20:53:28,month_day_year_inferred@title,,and waiting hours detsail by 6pm. Sarva Dharshan (Free darshan) 31 Compartments / 8 Hours,"About 64,680 pilgrims had Srivari Dharshan from 3am to 6pm on April 16",https://news.tirumala.org/sarva-dharshan-free-darshan-31-compartments-8-hours-divya-dharshan-footpath-darshan-20-compartments-7-hour-and-special-entry-darshan-rs-300-closed/
2017-04-17,53278,43064,2017-04-17 19:40:47,month_day_year_inferred@title,,and waiting hours detsail by 6pm. Sarva Dharshan (Free darshan) 11 Compartments / 4 Hours,"About 53,278 pilgrims had Srivari Dharshan from 3am to 6pm on April 17",https://news.tirumala.org/sarva-dharshan-free-darshan-11-compartments-4-hours-divya-dharshan-footpath-darshan-8-compartments-3-hour-and-special-entry-darshan-rs-300-closed/
2017-04-18,49494,43084,2017-04-18 19:08:21,month_day_year_inferred@title,,and waiting hours detsail by 6pm. Sarva Dharshan (Free darshan) 15 Compartments / 8 Hours,"About 49,494 pilgrims had Srivari Dharshan from 3am to 6pm on April 18",https://news.tirumala.org/sarva-dharshan-free-darshan-15-compartments-8-hours-divya-dharshan-footpath-darshan-10-compartments-6-hour-and-special-entry-darshan-rs-300-closed/
2017-04-19,39461,43094,2017-04-19 18:49:23,month_day_year_inferred@title,,and waiting hours detsail by 6pm. Sarva Dharshan (Free darshan) 9 Compartments / 5 Hours ;,"About 39,461 pilgrims had Srivari Dharshan from 3am to 6pm on April 19",https://news.tirumala.org/sarva-dharshan-free-darshan-9-compartments-5-hours-divya-dharshan-footpath-darshan-3-compartments-3-hours-and-special-entry-darshan-rs-300-closed/
2017-04-20,41061,43130,2017-04-20 19:00:55,month_day_year_inferred@title,,and waiting hours detsail by 6pm. Sarva Dharshan (Free darshan) 16 Compartments / 10 Hours,"About 41,061 pilgrims had Srivari Dharshan from 3am to 6pm on April 20",https://news.tirumala.org/sarva-dharshan-free-darshan-16-compartments-10-hours-divya-dharshan-footpath-darshan-6-compartments-5-hours-and-special-entry-darshan-rs-300-closed/
2017-04-21,39537,43157,2017-04-21 19:14:53,month_day_year_inferred@title,,and waiting hours detsail by 6pm. Sarva Dharshan (Free darshan) 24 Compartments / 10 Hours,"About 39,537 pilgrims had Srivari Dharshan from 3am to 6pm on April 21",https://news.tirumala.org/sarva-dharshan-free-darshan-24-compartments-10-hours-divya-dharshan-footpath-darshan-11-compartments-8-hours-and-special-entry-darshan-rs-300-closed/
2017-04-22,60635,43172,2017-04-22 18:55:26,month_day_year_inferred@title,,and waiting hours detsail by 6pm. Sarva Dharshan (Free darshan) 26 Compartments / 10 Hours,"About 60,635 pilgrims had Srivari Dharshan from 3am to 6pm on April 22",https://news.tirumala.org/about-60635-pilgrims-had-srivari-dharshan-from-3am-to-6pm-on-april-22/
2017-04-23,64507,43225,2017-04-23 18:31:19,month_day_year_inferred@title,,and waiting hours detsail by 6pm. Sarva Dharshan (Free darshan) 15 Compartments / 8 Hours,"About 64,507 pilgrims had Srivari Dharshan from 3am to 6pm on April 23",https://news.tirumala.org/about-64507-pilgrims-had-srivari-dharshan-from-3am-to-6pm-on-april-23/
2017-04-24,50730,43234,2017-04-24 18:19:44,month_day_year_inferred@title,,and waiting hours detsail by 6pm. Sarva Dharshan (Free darshan) 10 Compartments / 6 Hours,"About 50,730 pilgrims had Srivari Dharshan from 3am to 6pm on April 24",https://news.tirumala.org/sarva-dharshan-free-darshan-10-compartments-6-hours-divya-dharshan-footpath-darshan-6-compartments-4-hours-and-special-entry-darshan-rs-300-closed/
2017-04-25,45708,43276,2017-04-25 19:37:12,month_day_year_inferred@title,,and waiting hours detsail by 6pm. Sarva Dharshan (Free darshan) 18 Compartments / 8 Hours,"About 45,708 pilgrims had Srivari Dharshan from 3am to 6pm on April 25",https://news.tirumala.org/sarva-dharshan-free-darshan-18-compartments-8-hours-divya-dharshan-footpath-darshan-12-compartments-6-hours-and-special-entry-darshan-rs-300-closed/
2017-04-26,42189,43294,2017-04-26 18:38:04,month_day_year_inferred@title,,and waiting hours detsail by 6pm. Sarva Dharshan (Free darshan) 16 Compartments / 8 Hours,"About 42,189 pilgrims had Srivari Dharshan from 3am to 6pm on April 26",https://news.tirumala.org/sarva-dharshan-free-darshan-16-compartments-8-hours-divya-dharshan-footpath-darshan-6-compartments-4-hours-and-special-entry-darshan-rs-300-closed/
2017-04-27,43221,43331,2017-04-27 18:53:11,month_day_year_inferred@title,,and waiting hours detsail by 6pm. Sarva Dharshan (Free darshan) 11 Compartments / 8 Hours,"About 43,221 pilgrims had Srivari Dharshan from 3am to 6pm on April 27",https://news.tirumala.org/sarva-dharshan-free-darshan-11-compartments-8-hours-divya-dharshan-footpath-darshan-10-compartments-6-hours-and-special-entry-darshan-rs-300-closed/
2017-04-28,45745,43345,2017-04-28 18:42:24,month_day_year_inferred@title,,and waiting hours detsail by 6pm. Sarva Dharshan (Free darshan) 13 Compartments / 7 Hours,"About 45,745 pilgrims had Srivari Dharshan from 3am to 6pm on April 28",https://news.tirumala.org/about-45745-pilgrims-had-srivari-dharshan-from-3am-to-6pm-on-april-28/
2017-04-29,56788,43361,2017-04-29 19:38:04,month_day_year_inferred@title,,and waiting hours detsail by 6pm. Sarva Dharshan (Free darshan) 27 Compartments / 10 Hours,"About 56,788 pilgrims had Srivari Dharshan from 3am to 6pm on April 29",https://news.tirumala.org/sarva-dharshan-free-darshan-27-compartments-10-hours-divya-dharshan-footpath-darshan-16-compartments-8-hours-and-special-entry-darshan-rs-300-closed/
2017-04-30,66675,43402,2017-04-30 18:47:02,month_day_year_inferred@title,,and waiting hours detsail by 6pm. Sarva Dharshan (Free darshan) Line Outside / 12 Hours ;,"About 66,675 pilgrims had Srivari Dharshan from 3am to 6pm on April 30",https://news.tirumala.org/about-66675-pilgrims-had-srivari-dharshan-from-3am-to-6pm-on-april-30/
2017-05-01,58036,43452,2017-05-01 19:42:20,month_day_year_inferred@title,,and waiting hours detsail by 6pm. Sarva Dharshan (Free darshan) Line Outside / 12 Hours ;,"About 58,036 pilgrims had Srivari Dharshan from 3am to 6pm on May 1",https://news.tirumala.org/sarva-dharshan-free-darshan-line-outside-12-hours-divya-dharshan-footpath-darshan-line-outside-10-hours-and-special-entry-darshan-rs-300-closed-11/
2017-05-02,56533,43512,2017-05-02 18:59:07,month_day_year_inferred@title,,and waiting hours detsail by 6pm. Sarva Dharshan (Free darshan) 29 Compartments / 10 Hours,"About 56,533 pilgrims had Srivari Dharshan from 3am to 6pm on May 2",https://news.tirumala.org/sarva-dharshan-free-darshan-29-compartments-10-hours-divya-dharshan-footpath-darshan-16-compartments-8-hours-and-special-entry-darshan-rs-300-closed-2/
2017-05-03,48744,43530,2017-05-03 18:26:09,month_day_year_inferred@title,,and waiting hours detsail by 6pm. Sarva Dharshan (Free darshan) 24 Compartments / 8 Hours,"About 48,744 pilgrims had Srivari Dharshan from 3am to 6pm on May 3",https://news.tirumala.org/sarva-dharshan-free-darshan-24-compartments-8-hours-divya-dharshan-footpath-darshan-10-compartments-6-hours-and-special-entry-darshan-rs-300-closed-2/
2017-05-04,46435,43547,2017-05-04 19:47:08,month_day_year_inferred@title,,and waiting hours detsail by 6pm. Sarva Dharshan (Free darshan) 18 Compartments / 6 Hours,"About 46,435 pilgrims had Srivari Dharshan from 3am to 6pm on May 4",https://news.tirumala.org/sarva-dharshan-free-darshan-18-compartments-6-hours-divya-dharshan-footpath-darshan-8-compartments-4-hours-and-special-entry-darshan-rs-300-closed/
2017-05-05,44357,43605,2017-05-05 19:46:31,month_day_year_inferred@title,,and waiting hours detsail by 6pm. Sarva Dharshan (Free darshan) 15 Compartments / 6 Hours,"About 44,357 pilgrims had Srivari Dharshan from 3am to 6pm on May 5",https://news.tirumala.org/sarva-dharshan-free-darshan-15-compartments-6-hours-divya-dharshan-footpath-darshan-10-compartments-5-hours-and-special-entry-darshan-rs-300-closed/
2017-05-06,56787,43657,2017-05-06 19:46:27,month_day_year_inferred@title,,and waiting hours detsail by 6pm. Sarva Dharshan (Free darshan) 23 Compartments / 8 Hours,"About 56,787 pilgrims had Srivari Dharshan from 3am to 6pm on May 6",https://news.tirumala.org/sarva-dharshan-free-darshan-23-compartments-8-hours-divya-dharshan-footpath-darshan-8-compartments-6-hours-and-special-entry-darshan-rs-300-closed/
2017-05-07,59412,43752,2017-05-07 18:13:19,month_day_year_inferred@title,,and waiting hours detsail by 6pm. Sarva Dharshan (Free darshan) 15 Compartments / 7 Hours,"About 59,412 pilgrims had Srivari Dharshan from 3am to 6pm on May 7",https://news.tirumala.org/about-59412-pilgrims-had-srivari-dharshan-from-3am-to-6pm-on-may-7/
2017-05-08,50017,43770,2017-05-08 18:24:47,month_day_year_inferred@title,,and waiting hours detsail by 6pm. Sarva Dharshan (Free darshan) 7 Compartments / 4 Hours ;,"About 50,017 pilgrims had Srivari Dharshan from 3am to 6pm on May 8",https://news.tirumala.org/sarva-dharshan-free-darshan-7-compartments-4-hours-divya-dharshan-footpath-darshan-4-compartments-2-hours-and-special-entry-darshan-rs-300-closed-2/
2017-05-09,51682,43823,2017-05-09 22:30:17,month_day_year_inferred@title,,and waiting hours detsail by 6pm. Sarva Dharshan (Free darshan) 15 Compartments / 6 Hours,"About 51,682 pilgrims had Srivari Dharshan from 3am to 6pm on May 9",https://news.tirumala.org/about-51682-pilgrims-had-srivari-dharshan-from-3am-to-6pm-on-may-9/
2017-05-11,47297,43830,2017-05-11 18:55:29,month_day_year_inferred@title,,and waiting hours detsail by 6pm. Sarva Dharshan (Free darshan) 29 Compartments / 10 Hours,"About 47,297 pilgrims had Srivari Dharshan from 3am to 6pm on May 11",https://news.tirumala.org/about-47297-pilgrims-had-srivari-dharshan-from-3am-to-6pm-on-may-11/
2017-05-12,47113,43895,2017-05-12 18:18:46,month_day_year_inferred@title,,and waiting hours detsail by 6pm. Sarva Dharshan (Free darshan) 31 Compartments / 12 Hours,"About 47,113 pilgrims had Srivari Dharshan from 3am to 6pm on May 12",https://news.tirumala.org/about-47113-pilgrims-had-srivari-dharshan-from-3am-to-6pm-on-may-12/
2017-05-14,67439,43978,2017-05-14 18:18:16,month_day_year_inferred@title,,and waiting hours detsail by 6pm. Sarva Dharshan (Free darshan) Line Outside / 12 Hours ;,"About 67,439 pilgrims had Srivari Dharshan from 3am to 6pm on May 14",https://news.tirumala.org/about-67439-pilgrims-had-srivari-dharshan-from-3am-to-6pm-on-may-14/
2017-05-15,57391,43990,2017-05-15 18:43:25,month_day_year_inferred@title,,and waiting hours detsail by 6pm. Sarva Dharshan (Free darshan) 29 Compartments / 12 Hours,"About 57,391 pilgrims had Srivari Dharshan from 3am to 6pm on May 15",https://news.tirumala.org/sarva-dharshan-free-darshan-29-compartments-12-hours-divya-dharshan-footpath-darshan-18-compartments-10-hours-and-special-entry-darshan-rs-300-closed/
2017-05-16,54040,44015,2017-05-16 19:12:38,month_day_year_inferred@title,,and waiting hours detsail by 6pm. Sarva Dharshan (Free darshan) 25 Compartments / 8 Hours,"About 54,040 pilgrims had Srivari Dharshan from 3am to 6pm on May 16",https://news.tirumala.org/sarva-dharshan-free-darshan-25-compartments-8-hours-divya-dharshan-footpath-darshan-15-compartments-6-hours-and-special-entry-darshan-rs-300-closed/
2017-05-17,47252,44047,2017-05-17 18:59:46,month_day_year_inferred@title,,and waiting hours detsail by 6pm. Sarva Dharshan (Free darshan) 25 Compartments / 10 Hours,"About 47,252 pilgrims had Srivari Dharshan from 3am to 6pm on May 17",https://news.tirumala.org/sarva-dharshan-free-darshan-25-compartments-10-hours-divya-dharshan-footpath-darshan-12-compartments-8-hours-and-special-entry-darshan-rs-300-closed/
2017-05-18,48064,44069,2017-05-18 18:57:33,month_day_year_inferred@title,,and waiting hours detsail by 6pm. Sarva Dharshan (Free darshan) Line Outside / 10 Hours ;,"About 48,064 pilgrims had Srivari Dharshan from 3am to 6pm on May 18",https://news.tirumala.org/about-48064-pilgrims-had-srivari-dharshan-from-3am-to-6pm-on-may-18/
2017-05-19,49145,44092,2017-05-19 18:56:33,month_day_year_inferred@title,,and waiting hours detsail by 6pm. Sarva Dharshan (Free darshan) Line Outside / 10 Hours ;,"About 49,145 pilgrims had Srivari Dharshan from 3am to 6pm on May 19",https://news.tirumala.org/sarva-dharshan-free-darshan-line-outside-10-hours-divya-dharshan-footpath-darshan-line-outside-8-hours-and-special-entry-darshan-rs-300-closed-3/
2017-05-20,68232,44115,2017-05-20 20:06:53,month_day_year_inferred@title,,and waiting hours detsail by 6pm. Sarva Dharshan (Free darshan) Line Outside / 12 Hours ;,"About 68,232 pilgrims had Srivari Dharshan from 3am to 6pm on May 20",https://news.tirumala.org/sarva-dharshan-free-darshan-line-outside-12-hours-divya-dharshan-footpath-darshan-line-outside-10-hours-and-special-entry-darshan-rs-300-closed-12/
2017-05-21,60410,44150,2017-05-21 22:03:06,month_day_year_inferred@title,,and waiting hours detsail by 6pm. Sarva Dharshan (Free darshan) Line Outside / 12 Hours ;,"About 60,410 pilgrims had Srivari Dharshan from 3am to 6pm on May 21",https://news.tirumala.org/sarva-dharshan-free-darshan-line-outside-12-hours-divya-dharshan-footpath-darshan-line-outside-10-hours-and-special-entry-darshan-rs-300-closed-13/
2017-05-22,58764,44187,2017-05-22 19:35:01,month_day_year_inferred@title,,and waiting hours detsail by 6pm. Sarva Dharshan (Free darshan) Line Outside / 12 Hours ;,"About 58,764 pilgrims had Srivari Dharshan from 3am to 6pm on May 22",https://news.tirumala.org/sarva-dharshan-free-darshan-line-outside-12-hours-divya-dharshan-footpath-darshan-line-outside-10-hours-and-special-entry-darshan-rs-300-closed-14/
2017-05-23,60212,44216,2017-05-23 18:55:27,month_day_year_inferred@title,,and waiting hours detsail by 6pm. Sarva Dharshan (Free darshan) 31 Compartments / 12 Hours,"About 60,212 pilgrims had Srivari Dharshan from 3am to 6pm on May 23",https://news.tirumala.org/about-60212-pilgrims-had-srivari-dharshan-from-3am-to-6pm-on-may-23/
2017-05-24,52862,44243,2017-05-24 18:55:14,month_day_year_inferred@title,,and waiting hours detsail by 6pm. Sarva Dharshan (Free darshan) Line Outside / 12 Hours ;,"About 52,862 pilgrims had Srivari Dharshan from 3am to 6pm on May 24",https://news.tirumala.org/sarva-dharshan-free-darshan-line-outside-12-hours-divya-dharshan-footpath-darshan-line-outside-10-hours-and-special-entry-darshan-rs-300-closed-15/
2017-05-25,59997,44251,2017-05-25 18:06:37,month_day_year_inferred@title,,and waiting hours detsail by 6pm. Sarva Dharshan (Free darshan) Line Outside / 12 Hours ;,"About 59,997 pilgrims had Srivari Dharshan from 3am to 6pm on May 25",https://news.tirumala.org/about-59997-pilgrims-had-srivari-dharshan-from-3am-to-6pm-on-may-25/
2017-05-26,50569,44270,2017-05-26 18:27:30,month_day_year_inferred@title,,and waiting hours detsail by 6pm. Sarva Dharshan (Free darshan) Line Outside / 12 Hours ;,"About 50,569 pilgrims had Srivari Dharshan from 3am to 6pm on May 26",https://news.tirumala.org/sarva-dharshan-free-darshan-line-outside-12-hours-divya-dharshan-footpath-darshan-line-outside-10-hours-and-special-entry-darshan-rs-300-closed-16/
2017-05-27,65806,44300,2017-05-27 19:30:56,month_day_year_inferred@title,,and waiting hours detsail by 6pm. Sarva Dharshan (Free darshan) Line Outside / 14 Hours ;,"About 65,806 pilgrims had Srivari Dharshan from 3am to 6pm on May 27",https://news.tirumala.org/sarva-dharshan-free-darshan-line-outside-14-hours-divya-dharshan-footpath-darshan-line-outside-8-hours-and-special-entry-darshan-rs-300-closed/
2017-05-29,66065,44384,2017-05-29 19:00:07,month_day_year_inferred@title,,and waiting hours detsail by 6pm. Sarva Dharshan (Free darshan) Line Outside / 12 Hours ;,"About 66,065 pilgrims had Srivari Dharshan from 3am to 6pm on May 29",https://news.tirumala.org/sarva-dharshan-free-darshan-line-outside-12-hours-divya-dharshan-footpath-darshan-line-outside-10-hours-and-special-entry-darshan-rs-300-closed-17/
2017-05-30,63946,44439,2017-05-30 18:55:57,month_day_year_inferred@title,,and waiting hours detsail by 6pm. Sarva Dharshan (Free darshan) Line Outside / 12 Hours ;,"About 63,946 pilgrims had Srivari Dharshan from 3am to 6pm on May 30",https://news.tirumala.org/about-63946-pilgrims-had-srivari-dharshan-from-3am-to-6pm-on-may-30/
2017-05-31,55677,44481,2017-05-31 20:37:06,month_day_year_inferred@title,,and waiting hours detsail by 6pm. Sarva Dharshan (Free darshan) 31 Compartments / 10 Hours,"About 55,677 pilgrims had Srivari Dharshan from 3am to 6pm on May 31",https://news.tirumala.org/sarva-dharshan-free-darshan-31-compartments-10-hours-divya-dharshan-footpath-darshan-20-compartments-8-hours-and-special-entry-darshan-rs-300-closed/
2017-06-01,53935,44531,2017-06-01 18:14:22,month_day_year_inferred@title,,and waiting hours detsail by 6pm. Sarva Dharshan (Free darshan) 27 Compartments / 9 Hours,"About 53,935 pilgrims had Srivari Dharshan from 3am to 6pm on June 1",https://news.tirumala.org/about-53935-pilgrims-had-srivari-dharshan-from-3am-to-6pm-on-june-1/
2017-06-02,51117,44582,2017-06-02 18:47:47,month_day_year_inferred@title,,and waiting hours detsail by 6pm. Sarva Dharshan (Free darshan) 31 Compartments / 14 Hours,"About 51,117 pilgrims had Srivari Dharshan from 3am to 6pm on June 2",https://news.tirumala.org/about-51117-pilgrims-had-srivari-dharshan-from-3am-to-6pm-on-june-2/
2017-06-03,67665,44614,2017-06-03 18:17:47,month_day_year_inferred@title,,and waiting hours detsail by 6pm. Sarva Dharshan (Free darshan) 28 Compartments / 10 Hours,"About 67,665 pilgrims had Srivari Dharshan from 3am to 6pm on June 3",https://news.tirumala.org/about-67665-pilgrims-had-srivari-dharshan-from-3am-to-6pm-on-june-3/
2017-06-04,66464,44657,2017-06-04 18:13:29,month_day_year_inferred@title,,and waiting hours detsail by 6pm. Sarva Dharshan (Free darshan) 28 Compartments / 8 Hours,"About 66,464 pilgrims had Srivari Dharshan from 3am to 6pm on June 4",https://news.tirumala.org/about-66464-pilgrims-had-srivari-dharshan-from-3am-to-6pm-on-june-4/
2017-06-05,59894,44668,2017-06-05 20:35:05,month_day_year_inferred@title,,and waiting hours detsail by 6pm. Sarva Dharshan (Free darshan) 22 Compartments / 10 Hours,"About 59,894 pilgrims had Srivari Dharshan from 3am to 6pm on June 5",https://news.tirumala.org/sarva-dharshan-free-darshan-22-compartments-10-hours-divya-dharshan-footpath-darshan-14-compartments-8-hours-and-special-entry-darshan-rs-300-closed/
2017-06-06,58237,44725,2017-06-06 19:15:47,month_day_year_inferred@title,,and waiting hours detsail by 6pm. Sarva Dharshan (Free darshan) 27 Compartments / 10 Hours,"About 58,237 pilgrims had Srivari Dharshan from 3am to 6pm on June 6",https://news.tirumala.org/sarva-dharshan-free-darshan-27-compartments-10-hours-divya-dharshan-footpath-darshan-22-compartments-8-hours-and-special-entry-darshan-rs-300-closed/
2017-06-07,56442,44793,2017-06-07 19:06:13,month_day_year_inferred@title,,and waiting hours detsail by 6pm. Sarva Dharshan (Free darshan) 20 Compartments / 8 Hours,"About 56,442 pilgrims had Srivari Dharshan from 3am to 6pm on June 7",https://news.tirumala.org/sarva-dharshan-free-darshan-20-compartments-8-hours-divya-dharshan-footpath-darshan-14-compartments-7-hours-and-special-entry-darshan-rs-300-closed/
2017-06-08,49480,44860,2017-06-08 18:51:40,month_day_year_inferred@title,,and waiting hours detsail by 6pm. Sarva Dharshan (Free darshan) Line Outside / 12 Hours ;,"About 49,480 pilgrims had Srivari Dharshan from 3am to 6pm on June 8",https://news.tirumala.org/sarva-dharshan-free-darshan-line-outside-12-hours-divya-dharshan-footpath-darshan-line-outside-10-hours-and-special-entry-darshan-rs-300-closed-18/
2017-06-09,53198,44932,2017-06-09 20:18:08,month_day_year_inferred@title,,and waiting hours detsail by 6pm. Sarva Dharshan (Free darshan) Line Outside / 12 Hours ;,"About 53,198 pilgrims had Srivari Dharshan from 3am to 6pm on June 9",https://news.tirumala.org/sarva-dharshan-free-darshan-line-outside-12-hours-divya-dharshan-footpath-darshan-20-compartments-8-hours-and-special-entry-darshan-rs-300-closed/
2017-06-10,63343,44990,2017-06-10 19:42:35,month_day_year_inferred@title,,and waiting hours detsail by 6pm. Sarva Dharshan (Free darshan) Line Outside / 12 Hours ;,"About 63,343 pilgrims had Srivari Dharshan from 3am to 6pm on June 10",https://news.tirumala.org/sarva-dharshan-free-darshan-line-outside-12-hours-divya-dharshan-footpath-darshan-line-outside-10-hours-and-special-entry-darshan-rs-300-closed-19/
2017-06-11,74744,45026,2017-06-11 18:08:29,month_day_year_inferred@title,,and waiting hours detsail by 6pm. Sarva Dharshan (Free darshan) Line Outside / 12 Hours ;,"About 74,744 pilgrims had Srivari Dharshan from 3am to 6pm on June 11",https://news.tirumala.org/about-74744-pilgrims-had-srivari-dharshan-from-3am-to-6pm-on-june-11/
2017-06-12,63253,45046,2017-06-12 18:54:06,month_day_year_inferred@title,,and waiting hours detsail by 6pm. Sarva Dharshan (Free darshan) 29 Compartments / 10 Hours,"About 63,253 pilgrims had Srivari Dharshan from 3am to 6pm on June 12",https://news.tirumala.org/sarva-dharshan-free-darshan-29-compartments-10-hours-divya-dharshan-footpath-darshan-15-compartments-6-hours-and-special-entry-darshan-rs-300-closed/
2017-06-13,58138,45080,2017-06-13 18:18:11,month_day_year_inferred@title,,and waiting hours detsail by 6pm. Sarva Dharshan (Free darshan) 18 Compartments / 8 Hours,"About 58,138 pilgrims had Srivari Dharshan from 3am to 6pm on June 13",https://news.tirumala.org/sarva-dharshan-free-darshan-18-compartments-8-hours-divya-dharshan-footpath-darshan-14-compartments-6-hours-and-special-entry-darshan-rs-300-closed/
2017-06-14,51190,45131,2017-06-14 19:31:33,month_day_year_inferred@title,,and waiting hours detsail by 6pm. Sarva Dharshan (Free darshan) 16 Compartments / 10 Hours,"About 51,190 pilgrims had Srivari Dharshan from 3am to 6pm on June 14",https://news.tirumala.org/sarva-dharshan-free-darshan-16-compartments-10-hours-divya-dharshan-footpath-darshan-12-compartments-10-hours-and-special-entry-darshan-rs-300-closed/
2017-06-15,47556,45169,2017-06-15 19:56:39,month_day_year_inferred@title,,and waiting hours detsail by 6pm. Sarva Dharshan (Free darshan) 25 Compartments / 12 Hours,"About 47,556 pilgrims had Srivari Dharshan from 3am to 6pm on June 15",https://news.tirumala.org/sarva-dharshan-free-darshan-25-compartments-12-hours-divya-dharshan-footpath-darshan-16-compartments-10-hours-and-special-entry-darshan-rs-300-closed/
2017-06-16,44302,45192,2017-06-16 19:19:51,month_day_year_inferred@title,,and waiting hours detsail by 6pm. Sarva Dharshan (Free darshan) 31 Compartments / 11 Hours,"About 44,302 pilgrims had Srivari Dharshan from 3am to 6pm on June 16",https://news.tirumala.org/sarva-dharshan-free-darshan-31-compartments-11-hours-divya-dharshan-footpath-darshan-19-compartments-7-hours-and-special-entry-darshan-rs-300-closed/
2017-06-17,68023,45225,2017-06-17 18:56:05,month_day_year_inferred@title,,and waiting hours detsail by 6pm. Sarva Dharshan (Free darshan) Line Outside / 14 Hours ;,"About 68,023 pilgrims had Srivari Dharshan from 3am to 6pm on June 17",https://news.tirumala.org/about-68023-pilgrims-had-srivari-dharshan-from-3am-to-6pm-on-june-17/
2017-06-18,68912,45251,2017-06-18 21:38:55,month_day_year_inferred@title,,and waiting hours detsail by 6pm. Sarva Dharshan (Free darshan) Line Outside / 12 Hours ;,"About 68,912 pilgrims had Srivari Dharshan from 3am to 6pm on June 18",https://news.tirumala.org/sarva-dharshan-free-darshan-line-outside-12-hours-divya-dharshan-footpath-darshan-line-outside-10-hours-and-special-entry-darshan-rs-300-closed-20/
2017-06-19,56063,45276,2017-06-19 18:57:21,month_day_year_inferred@title,,and waiting hours detsail by 6pm. Sarva Dharshan (Free darshan) 26 Compartments / 10 Hours,"About 56,063 pilgrims had Srivari Dharshan from 3am to 6pm on June 19",https://news.tirumala.org/sarva-dharshan-free-darshan-26-compartments-10-hours-divya-dharshan-footpath-darshan-16-compartments-8-hours-and-special-entry-darshan-rs-300-closed/
2017-06-20,57640,45290,2017-06-20 18:10:44,month_day_year_inferred@title,,and waiting hours detsail by 6pm. Sarva Dharshan (Free darshan) 26 Compartments / 10 Hours,"About 57,640 pilgrims had Srivari Dharshan from 3am to 6pm on June 20",https://news.tirumala.org/about-57640-pilgrims-had-srivari-dharshan-from-3am-to-6pm-on-june-20/
2017-06-21,55696,45319,2017-06-21 18:47:46,month_day_year_inferred@title,,and waiting hours detsail by 6pm. Sarva Dharshan (Free darshan) 25 Compartments / 10 Hours,"About 55,696 pilgrims had Srivari Dharshan from 3am to 6pm on June 21",https://news.tirumala.org/sarva-dharshan-free-darshan-25-compartments-10-hours-divya-dharshan-footpath-darshan-18-compartments-8-hours-and-special-entry-darshan-rs-300-closed-2/
2017-06-22,54850,45341,2017-06-22 18:50:29,month_day_year_inferred@title,,and waiting hours detsail by 6pm. Sarva Dharshan (Free darshan) 27 Compartments / 10 Hours,"About 54,850 pilgrims had Srivari Dharshan from 3am to 6pm on June 22",https://news.tirumala.org/sarva-dharshan-free-darshan-27-compartments-10-hours-divya-dharshan-footpath-darshan-15-compartments-8-hours-and-special-entry-darshan-rs-300-closed/
2017-06-23,47016,45392,2017-06-23 18:32:00,month_day_year_inferred@title,,and waiting hours detsail by 6pm. Sarva Dharshan (Free darshan) 24 Compartments / 10 Hours,"About 47,016 pilgrims had Srivari Dharshan from 3am to 6pm on June 23",https://news.tirumala.org/sarva-dharshan-free-darshan-24-compartments-10-hours-divya-dharshan-footpath-darshan-15-compartments-8-hours-and-special-entry-darshan-rs-300-closed/
2017-06-24,53321,45417,2017-06-24 18:29:20,month_day_year_inferred@title,,and waiting hours detsail by 6pm. Sarva Dharshan (Free darshan) Line Outside / 12 Hours ;,"About 53,321 pilgrims had Srivari Dharshan from 3am to 6pm on June 24",https://news.tirumala.org/sarva-dharshan-free-darshan-line-outside-12-hours-divya-dharshan-footpath-darshan-line-outside-10-hours-and-special-entry-darshan-rs-300-closed-21/
2017-06-25,70792,45467,2017-06-25 18:40:13,month_day_year_inferred@title,,and waiting hours detsail by 6pm. Sarva Dharshan (Free darshan) Line Outside / 12 Hours ;,"About 70,792 pilgrims had Srivari Dharshan from 3am to 6pm on June 25",https://news.tirumala.org/sarva-dharshan-free-darshan-line-outside-12-hours-divya-dharshan-footpath-darshan-line-outside-10-hours-and-special-entry-darshan-rs-300-closed-22/
2017-06-26,63524,45508,2017-06-26 18:16:49,month_day_year_inferred@title,,and waiting hours detsail by 6pm. Sarva Dharshan (Free darshan) Line Outside / 18 Hours ;,"About 63,524 pilgrims had Srivari Dharshan from 3am to 6pm on June 26",https://news.tirumala.org/about-63524-pilgrims-had-srivari-dharshan-from-3am-to-6pm-on-june-26/
2017-06-27,60401,45549,2017-06-27 18:15:29,month_day_year_inferred@title,,and waiting hours detsail by 6pm. Sarva Dharshan (Free darshan) Line Outside / 14 Hours ;,"About 60,401 pilgrims had Srivari Dharshan from 3am to 6pm on June 27",https://news.tirumala.org/sarva-dharshan-free-darshan-line-outside-14-hours-divya-dharshan-footpath-darshan-line-outside-10-hours-and-special-entry-darshan-rs-300-closed/
2017-06-28,54152,45591,2017-06-28 18:28:40,month_day_year_inferred@title,,and waiting hours detsail by 6pm. Sarva Dharshan (Free darshan) 31 Compartments / 14 Hours,"About 54,152 pilgrims had Srivari Dharshan from 3am to 6pm on June 28",https://news.tirumala.org/sarva-dharshan-free-darshan-31-compartments-14-hours-divya-dharshan-footpath-darshan-20-compartments-10-hours-and-special-entry-darshan-rs-300-closed/
2017-06-29,50103,45652,2017-06-29 18:13:57,month_day_year_inferred@title,,and waiting hours detsail by 6pm. Sarva Dharshan (Free darshan) 31 Compartments / 15 Hours,"About 50,103 pilgrims had Srivari Dharshan from 3am to 6pm on June 29",https://news.tirumala.org/sarva-dharshan-free-darshan-31-compartments-15-hours-divya-dharshan-footpath-darshan-22-compartments-12-hours-and-special-entry-darshan-rs-300-closed/
2017-06-30,42590,45692,2017-06-30 18:35:45,month_day_year_inferred@title,,and waiting hours detsail by 6pm. Sarva Dharshan (Free darshan) 29 Compartments / 9 Hours,"About 42,590 pilgrims had Srivari Dharshan from 3am to 6pm on June 30",https://news.tirumala.org/sarva-dharshan-free-darshan-29-compartments-9-hours-divya-dharshan-footpath-darshan-16-compartments-6-hours-and-special-entry-darshan-rs-300-closed/
2017-07-01,60739,45731,2017-07-01 18:12:07,month_day_year_inferred@title,,and waiting hours detsail by 6pm. Sarva Dharshan (Free darshan) 22 Compartments / 10 Hours,"About 60,739 pilgrims had Srivari Dharshan from 3am to 6pm on July 1",https://news.tirumala.org/about-60739-pilgrims-had-srivari-dharshan-from-3am-to-6pm-on-july-1/
2017-07-02,65237,45751,2017-07-02 18:51:45,month_day_year_inferred@title,,and waiting hours detsail by 6pm. Sarva Dharshan (Free darshan) 18 Compartments / 8 Hours,"About 65,237 pilgrims had Srivari Dharshan from 3am to 6pm on July 2",https://news.tirumala.org/about-65237-pilgrims-had-srivari-dharshan-from-3am-to-6pm-on-july-2/
2017-07-03,53002,45776,2017-07-03 18:39:44,month_day_year_inferred@title,,and waiting hours detsail by 6pm. Sarva Dharshan (Free darshan) 6 Compartments / 4 Hours ;,"About 53,002 pilgrims had Srivari Dharshan from 3am to 6pm on July 3",https://news.tirumala.org/sarva-dharshan-free-darshan-6-compartments-4-hours-divya-dharshan-footpath-darshan-7-compartments-4-hours-and-special-entry-darshan-rs-300-closed/
2017-07-04,50279,45834,2017-07-04 19:39:28,month_day_year_inferred@title,,and waiting hours detsail by 6pm. Sarva Dharshan (Free darshan) 18 Compartments / 8 Hours,"About 50,279 pilgrims had Srivari Dharshan from 3am to 6pm on July 4",https://news.tirumala.org/sarva-dharshan-free-darshan-18-compartments-8-hours-divya-dharshan-footpath-darshan-16-compartments-6-hours-and-special-entry-darshan-rs-300-closed/
2017-07-05,45301,45946,2017-07-05 20:03:27,month_day_year_inferred@title,,and waiting hours detsail by 6pm. Sarva Dharshan (Free darshan) 24 Compartments / 10 Hours,"About 45,301 pilgrims had Srivari Dharshan from 3am to 6pm on July 5",https://news.tirumala.org/sarva-dharshan-free-darshan-24-compartments-10-hours-divya-dharshan-footpath-darshan-16-compartments-8-hours-and-special-entry-darshan-rs-300-closed/
2017-07-06,49262,46011,2017-07-06 18:44:04,month_day_year_inferred@title,,and waiting hours detsail by 6pm. Sarva Dharshan (Free darshan) 29 Compartments / 9 Hours,"About 49,262 pilgrims had Srivari Dharshan from 3am to 6pm on July 6",https://news.tirumala.org/sarva-dharshan-free-darshan-29-compartments-9-hours-divya-dharshan-footpath-darshan-19-compartments-7-hours-and-special-entry-darshan-rs-300-closed/
2017-07-07,45170,46086,2017-07-07 18:49:42,month_day_year_inferred@title,,and waiting hours detsail by 6pm. Sarva Dharshan (Free darshan) 47 Compartments / 12 Hours,"About 45,170 pilgrims had Srivari Dharshan from 3am to 6pm on July 7",https://news.tirumala.org/about-45170-pilgrims-had-srivari-dharshan-from-3am-to-6pm-on-july-7/
2017-07-08,62744,46147,2017-07-08 20:12:28,month_day_year_inferred@title,,and waiting hours detsail by 6pm. Sarva Dharshan (Free darshan) 56 Compartments / 12 Hours,"About 62,744 pilgrims had Srivari Dharshan from 3am to 6pm on July 8",https://news.tirumala.org/sarva-dharshan-free-darshan-56-compartments-12-hours-special-entry-darshan-rs-300-closed/
2017-07-09,56540,46243,2017-07-09 18:24:04,month_day_year_inferred@title,,and waiting hours detsail by 6pm. Sarva Dharshan (Free darshan) Line Outside / 12 Hours Sp,"About 56,540 pilgrims had Srivari Dharshan from 3am to 6pm on July 9",https://news.tirumala.org/sarva-dharshan-free-darshan-line-outside-12-hours-special-entry-darshan-rs-300-closed/
2017-07-10,59288,46268,2017-07-10 19:17:50,month_day_year_inferred@title,,and waiting hours detsail by 6pm. Sarva Dharshan (Free darshan) 28 Compartments / 12 Hours,"About 59,288 pilgrims had Srivari Dharshan from 3am to 6pm on July 10",https://news.tirumala.org/sarva-dharshan-free-darshan-28-compartments-12-hours-divya-dharshan-footpath-darshan-16-compartments-10-hours-and-special-entry-darshan-rs-300-closed/
2017-07-11,47574,46303,2017-07-11 18:46:16,month_day_year_inferred@title,,and waiting hours detsail by 6pm. Sarva Dharshan (Free darshan) 25 Compartments / 8 Hours,"About 47,574 pilgrims had Srivari Dharshan from 3am to 6pm on July 11",https://news.tirumala.org/sarva-dharshan-free-darshan-25-compartments-8-hours-divya-dharshan-footpath-darshan-18-compartments-6-hours-and-special-entry-darshan-rs-300-closed/
2017-07-12,46078,46347,2017-07-12 18:41:32,month_day_year_inferred@title,,and waiting hours detsail by 6pm. Sarva Dharshan (Free darshan) Line Outside / 10 Hours ;,"About 46,078 pilgrims had Srivari Dharshan from 3am to 6pm on July 12",https://news.tirumala.org/sarva-dharshan-free-darshan-line-outside-10-hours-divya-dharshan-footpath-darshan-20-compartments-8-hours-and-special-entry-darshan-rs-300-closed/
2017-07-13,47660,46361,2017-07-13 19:45:39,month_day_year_inferred@title,,and waiting hours detsail by 6pm. Sarva Dharshan (Free darshan) 31 Compartments / 12 Hours,"About 47,660 pilgrims had Srivari Dharshan from 3am to 6pm on July 13",https://news.tirumala.org/sarva-dharshan-free-darshan-31-compartments-12-hours-divya-dharshan-footpath-darshan-24-compartments-10-hours-and-special-entry-darshan-rs-300-closed/
2017-07-14,42902,46405,2017-07-14 18:48:02,month_day_year_inferred@title,,and waiting hours detsail by 6pm. Sarva Dharshan (Free darshan) 43 Compartments / 12 Hours,"About 42,902 pilgrims had Srivari Dharshan from 3am to 6pm on July 14",https://news.tirumala.org/sarva-dharshan-free-darshan-43-compartments-12-hours-special-entry-darshan-rs-300-closed/
2017-07-15,58770,46455,2017-07-15 19:49:27,month_day_year_inferred@title,,and waiting hours detsail by 6pm. Sarva Dharshan (Free darshan) 57 Compartments / 15 Hours,"About 58,770 pilgrims had Srivari Dharshan from 3am to 6pm on July 15",https://news.tirumala.org/sarva-dharshan-free-darshan-57-compartments-15-hours-special-entry-darshan-rs-300-closed/
2017-07-16,50350,46479,2017-07-16 20:33:17,month_day_year_inferred@title,,and waiting hours detsail by 6pm. Sarva Dharshan (Free darshan) Line Outside / 14 Hours Sp,"About 50,350 pilgrims had Srivari Dharshan from 3am to 6pm on July 16",https://news.tirumala.org/sarva-dharshan-free-darshan-line-outside-14-hours-special-entry-darshan-rs-300-closed/
2017-07-17,62049,46535,2017-07-17 19:22:08,month_day_year_inferred@title,,and waiting hours detsail by 6pm. Sarva Dharshan (Free darshan) 29 Compartments / 10 Hours,"About 62,049 pilgrims had Srivari Dharshan from 3am to 6pm on July 17",https://news.tirumala.org/sarva-dharshan-free-darshan-29-compartments-10-hours-divya-dharshan-footpath-darshan-5-compartments-5-hours-and-special-entry-darshan-rs-300-closed/
2017-07-18,64767,46567,2017-07-18 18:19:38,month_day_year_inferred@title,,and waiting hours detsail by 6pm. Sarva Dharshan (Free darshan) 31 Compartments / 12 Hours,"About 64,767 pilgrims had Srivari Dharshan from 3am to 6pm on July 18",https://news.tirumala.org/about-64767-pilgrims-had-srivari-dharshan-from-3am-to-6pm-on-july-18/
2017-07-19,45986,46596,2017-07-19 19:20:05,month_day_year_inferred@title,,and waiting hours detsail by 6pm. Sarva Dharshan (Free darshan) 29 Compartments / 18 Hours,"About 45,986 pilgrims had Srivari Dharshan from 3am to 6pm on July 19",https://news.tirumala.org/sarva-dharshan-free-darshan-29-compartments-18-hours-divya-dharshan-footpath-darshan-direct-line-and-special-entry-darshan-rs-300-closed/
2017-07-20,47145,46629,2017-07-20 19:24:44,month_day_year_inferred@title,,and waiting hours detsail by 6pm. Sarva Dharshan (Free darshan) 29 Compartments / 13 Hours,"About 47,145 pilgrims had Srivari Dharshan from 3am to 6pm on July 20",https://news.tirumala.org/sarva-dharshan-free-darshan-29-compartments-13-hours-divya-dharshan-footpath-darshan-direct-line-and-special-entry-darshan-rs-300-closed/
2017-07-21,43131,46662,2017-07-21 18:53:52,month_day_year_inferred@title,,and waiting hours detsail by 6pm. Sarva Dharshan (Free darshan) 26 Compartments / 10 Hours,"About 43,131 pilgrims had Srivari Dharshan from 3am to 6pm on July 21",https://news.tirumala.org/sarva-dharshan-free-darshan-26-compartments-10-hours-divya-dharshan-footpath-darshan-direct-line-and-special-entry-darshan-rs-300-closed/
2017-07-22,57712,46700,2017-07-22 19:00:36,month_day_year_inferred@title,,and waiting hours detsail by 6pm. Sarva Dharshan (Free darshan) 20 Compartments / 8 Hours,"About 57,712 pilgrims had Srivari Dharshan from 3am to 6pm on July 22",https://news.tirumala.org/sarva-dharshan-free-darshan-20-compartments-8-hours-divya-dharshan-footpath-darshan-direct-line-and-special-entry-darshan-rs-300-closed/
2017-07-23,62600,46704,2017-07-23 18:25:35,month_day_year_inferred@title,,and waiting hours detsail by 6pm. Sarva Dharshan (Free darshan) 13 Compartments / 6 Hours,"About 62,600 pilgrims had Srivari Dharshan from 3am to 6pm on July 23",https://news.tirumala.org/about-62600-pilgrims-had-srivari-dharshan-from-3am-to-6pm-on-july-23/
2017-07-24,55562,46728,2017-07-24 19:41:24,month_day_year_inferred@title,,and waiting hours detsail by 6pm. Sarva Dharshan (Free darshan) 2 Compartments / 3 Hours ;,"About 55,562 pilgrims had Srivari Dharshan from 3am to 6pm on July 24",https://news.tirumala.org/sarva-dharshan-free-darshan-2-compartments-3-hours-divya-dharshan-footpath-darshan-direct-line-and-special-entry-darshan-rs-300-closed/
2017-07-25,46444,46770,2017-07-25 18:47:14,month_day_year_inferred@title,,and waiting hours detsail by 6pm. Sarva Dharshan (Free darshan) 19 Compartments / 8 Hours,"About 46,444 pilgrims had Srivari Dharshan from 3am to 6pm on July 25",https://news.tirumala.org/sarva-dharshan-free-darshan-19-compartments-8-hours-divya-dharshan-footpath-darshan-direct-line-and-special-entry-darshan-rs-300-closed/
2017-07-26,46235,46800,2017-07-26 19:15:12,month_day_year_inferred@title,,and waiting hours detsail by 6pm. Sarva Dharshan (Free darshan) Line Outside / 12 Hours ;,"About 46,235 pilgrims had Srivari Dharshan from 3am to 6pm on July 26",https://news.tirumala.org/sarva-dharshan-free-darshan-line-outside-12-hours-divya-dharshan-footpath-darshan-direct-line-and-special-entry-darshan-rs-300-closed/
2017-07-27,48104,46831,2017-07-27 18:47:43,month_day_year_inferred@title,,and waiting hours detsail by 6pm. Sarva Dharshan (Free darshan) Line Outside / 16 Hours ;,"About 48,104 pilgrims had Srivari Dharshan from 3am to 6pm on July 27",https://news.tirumala.org/about-48104-pilgrims-had-srivari-dharshan-from-3am-to-6pm-on-july-27/
2017-07-28,45777,46857,2017-07-28 19:09:26,month_day_year_inferred@title,,and waiting hours detsail by 6pm. Sarva Dharshan (Free darshan) Line Outside / 12 Hours ;,"About 45,777 pilgrims had Srivari Dharshan from 3am to 6pm on July 28",https://news.tirumala.org/about-45777-pilgrims-had-srivari-dharshan-from-3am-to-6pm-on-july-28/
2017-07-29,60163,46896,2017-07-29 18:37:59,month_day_year_inferred@title,,and waiting hours detsail by 6pm. Sarva Dharshan (Free darshan) Line Outside / 14 Hours ;,"About 60,163 pilgrims had Srivari Dharshan from 3am to 6pm on July 29",https://news.tirumala.org/about-60163-pilgrims-had-srivari-dharshan-from-3am-to-6pm-on-july-29/
2017-07-30,60435,46899,2017-07-30 18:39:28,month_day_year_inferred@title,,and waiting hours detsail by 6pm. Sarva Dharshan (Free darshan) Line Outside / 12 Hours ;,"About 60,435 pilgrims had Srivari Dharshan from 3am to 6pm on July 30",https://news.tirumala.org/about-60435-pilgrims-had-srivari-dharshan-from-3am-to-6pm-on-july-30/
2017-07-31,54230,46931,2017-07-31 19:22:26,month_day_year_inferred@title,,and waiting hours detsail by 6pm. Sarva Dharshan (Free darshan) 23 Compartments / 10 Hours,"About 54,230 pilgrims had Srivari Dharshan from 3am to 6pm on July 31",https://news.tirumala.org/sarva-dharshan-free-darshan-23-compartments-10-hours-divya-dharshan-footpath-darshan-direct-line-and-special-entry-darshan-rs-300-closed/
2017-08-01,48809,46970,2017-08-01 19:00:09,month_day_year_inferred@title,,and waiting hours detsail by 6pm. Sarva Dharshan (Free darshan) 17 Compartments / 7 Hours,"About 48,809 pilgrims had Srivari Dharshan from 3am to 6pm on Aug 1",https://news.tirumala.org/sarva-dharshan-free-darshan-17-compartments-7-hours-divya-dharshan-footpath-darshan-direct-line-and-special-entry-darshan-rs-300-closed/
2017-08-02,44108,46984,2017-08-02 18:32:50,month_day_year_inferred@title,,and waiting hours detsail by 6pm. Sarva Dharshan (Free darshan) 31 Compartments / 12 Hours,"About 44,108 pilgrims had Srivari Dharshan from 3am to 6pm on Aug 2",https://news.tirumala.org/about-44108-pilgrims-had-srivari-dharshan-from-3am-to-6pm-on-aug-2/
2017-08-03,50376,47029,2017-08-03 19:28:20,month_day_year_inferred@title,,and waiting hours detsail by 6pm. Sarva Dharshan (Free darshan) 22 Compartments / 10 Hours,"About 50,376 pilgrims had Srivari Dharshan from 3am to 6pm on Aug 3",https://news.tirumala.org/sarva-dharshan-free-darshan-22-compartments-10-hours-divya-dharshan-footpath-darshan-direct-line-and-special-entry-darshan-rs-300-closed/
2017-08-04,44225,47099,2017-08-04 18:26:41,month_day_year_inferred@title,,and waiting hours detsail by 6pm. Sarva Dharshan (Free darshan) 20 Compartments / 8 Hours,"About 44,225 pilgrims had Srivari Dharshan from 3am to 6pm on Aug 4",https://news.tirumala.org/about-44225-pilgrims-had-srivari-dharshan-from-3am-to-6pm-on-aug-4/
2017-08-05,55565,47158,2017-08-05 19:04:41,month_day_year_inferred@title,,and waiting hours detsail by 6pm. Sarva Dharshan (Free darshan) 29 Compartments / 10 Hours,"About 55,565 pilgrims had Srivari Dharshan from 3am to 6pm on Aug 5",https://news.tirumala.org/sarva-dharshan-free-darshan-29-compartments-10-hours-divya-dharshan-footpath-darshan-direct-line-and-special-entry-darshan-rs-300-closed/
2017-08-06,60499,47186,2017-08-06 19:40:33,month_day_year_inferred@title,,and waiting hours detsail by 6pm. Sarva Dharshan (Free darshan) Line Outside / 12 Hours ;,"About 60,499 pilgrims had Srivari Dharshan from 3am to 6pm on Aug 6",https://news.tirumala.org/sarva-dharshan-free-darshan-line-outside-12-hours-divya-dharshan-footpath-darshan-direct-line-and-special-entry-darshan-rs-300-closed-2/
2017-08-08,56332,47290,2017-08-08 18:57:12,month_day_year_inferred@title,,and waiting hours detsail by 6pm. Sarva Dharshan (Free darshan) 16 Compartments / 8 Hours,"About 56,332 pilgrims had Srivari Dharshan from 3am to 6pm on Aug 8",https://news.tirumala.org/about-56332-pilgrims-had-srivari-dharshan-from-3am-to-6pm-on-aug-8/
2017-08-09,43961,47309,2017-08-09 18:45:55,month_day_year_inferred@title,,and waiting hours detsail by 6pm. Sarva Dharshan (Free darshan) 31 Compartments / 10 Hours,"About 43,961 pilgrims had Srivari Dharshan from 3am to 6pm on Aug 9",https://news.tirumala.org/about-43961-pilgrims-had-srivari-dharshan-from-3am-to-6pm-on-aug-9/
2017-08-10,51448,47365,2017-08-10 18:47:36,month_day_year_inferred@title,,and waiting hours detsail by 6pm. Sarva Dharshan (Free darshan) 31 Compartments / 14 Hours,"About 51,448 pilgrims had Srivari Dharshan from 3am to 6pm on Aug 10",https://news.tirumala.org/sarva-dharshan-free-darshan-31-compartments-14-hours-divya-dharshan-footpath-darshan-direct-line-and-special-entry-darshan-rs-300-closed/
2017-08-11,50817,47387,2017-08-11 19:00:39,month_day_year_inferred@title,,and waiting hours detsail by 6pm. Sarva Dharshan (Free darshan) Line Outside / 14 Hours ;,"About 50,817 pilgrims had Srivari Dharshan from 3am to 6pm on Aug 11",https://news.tirumala.org/sarva-dharshan-free-darshan-line-outside-14-hours-divya-dharshan-footpath-darshan-direct-line-and-special-entry-darshan-rs-300-closed/
2017-08-12,67541,47414,2017-08-12 18:23:11,month_day_year_inferred@title,,and waiting hours detsail by 6pm. Sarva Dharshan (Free darshan) Line Outside / 16 Hours ;,"About 67,541 pilgrims had Srivari Dharshan from 3am to 6pm on Aug 12",https://news.tirumala.org/about-67541-pilgrims-had-srivari-dharshan-from-3am-to-6pm-on-aug-12/
2017-08-13,69939,47438,2017-08-13 18:22:00,month_day_year_inferred@title,,and waiting hours detsail by 6pm. Sarva Dharshan (Free darshan) Line Outside / 16 Hours ;,"About 69,939 pilgrims had Srivari Dharshan from 3am to 6pm on Aug 13",https://news.tirumala.org/about-69939-pilgrims-had-srivari-dharshan-from-3am-to-6pm-on-aug-13/
2017-08-14,64719,47498,2017-08-14 18:32:45,month_day_year_inferred@title,,and waiting hours detsail by 6pm. Sarva Dharshan (Free darshan) Line Outside / 20 Hours ;,"About 64,719 pilgrims had Srivari Dharshan from 3am to 6pm on Aug 14",https://news.tirumala.org/about-64719-pilgrims-had-srivari-dharshan-from-3am-to-6pm-on-aug-14/
2017-08-15,64606,47574,2017-08-15 18:46:50,month_day_year_inferred@title,,and waiting hours detsail by 6pm. Sarva Dharshan (Free darshan) 31 Compartments / 12 Hours,"About 64,606 pilgrims had Srivari Dharshan from 3am to 6pm on Aug 15",https://news.tirumala.org/about-64606-pilgrims-had-srivari-dharshan-from-3am-to-6pm-on-aug-15/
2017-08-16,50756,47610,2017-08-16 18:19:02,month_day_year_inferred@title,,and waiting hours detsail by 6pm. Sarva Dharshan (Free darshan) 27 Compartments / 10 Hours,"About 50,756 pilgrims had Srivari Dharshan from 3am to 6pm on Aug 16",https://news.tirumala.org/about-50756-pilgrims-had-srivari-dharshan-from-3am-to-6pm-on-aug-16/
2017-08-17,51024,47624,2017-08-17 19:08:27,month_day_year_inferred@title,,and waiting hours detsail by 6pm. Sarva Dharshan (Free darshan) 31 Compartments / 10 Hours,"About 51,024 pilgrims had Srivari Dharshan from 3am to 6pm on Aug 17",https://news.tirumala.org/sarva-dharshan-free-darshan-31-compartments-10-hours-divya-dharshan-footpath-darshan-direct-line-and-special-entry-darshan-rs-300-closed/
2017-08-19,59199,47687,2017-08-19 19:26:41,month_day_year_inferred@title,,and waiting hours detsail by 6pm. Sarva Dharshan (Free darshan) Line Outside / 12 Hours ;,"About 59,199 pilgrims had Srivari Dharshan from 3am to 6pm on Aug 19",https://news.tirumala.org/sarva-dharshan-free-darshan-line-outside-12-hours-divya-dharshan-footpath-darshan-direct-line-and-special-entry-darshan-rs-300-closed-3/
2017-08-20,64443,47703,2017-08-20 20:57:28,month_day_year_inferred@title,,and waiting hours detsail by 6pm. Sarva Dharshan (Free darshan) 31 Compartments / 12 Hours,"About 64,443 pilgrims had Srivari Dharshan from 3am to 6pm on Aug 20",https://news.tirumala.org/sarva-dharshan-free-darshan-31-compartments-12-hours-divya-dharshan-footpath-darshan-direct-line-and-special-entry-darshan-rs-300-closed/
2017-08-21,56540,47744,2017-08-21 19:08:04,month_day_year_inferred@title,,and waiting hours detsail by 6pm. Sarva Dharshan (Free darshan) 6 Compartments / 4 Hours ;,"About 56,540 pilgrims had Srivari Dharshan from 3am to 6pm on Aug 21",https://news.tirumala.org/sarva-dharshan-free-darshan-6-compartments-4-hours-divya-dharshan-footpath-darshan-direct-line-and-special-entry-darshan-rs-300-closed/
2017-08-22,51439,47763,2017-08-22 18:18:22,month_day_year_inferred@title,,and waiting hours detsail by 6pm. Sarva Dharshan (Free darshan) 5 Compartments / 4 Hours ;,"About 51,439 pilgrims had Srivari Dharshan from 3am to 6pm on Aug 22",https://news.tirumala.org/sarva-dharshan-free-darshan-5-compartments-4-hours-divya-dharshan-footpath-darshan-direct-line-and-special-entry-darshan-rs-300-closed/
2017-08-23,45171,47796,2017-08-23 18:54:11,month_day_year_inferred@title,,and waiting hours detsail by 6pm. Sarva Dharshan (Free darshan) 12 Compartments / 7 Hours,"About 45,171 pilgrims had Srivari Dharshan from 3am to 6pm on Aug 23",https://news.tirumala.org/sarva-dharshan-free-darshan-12-compartments-7-hours-divya-dharshan-footpath-darshan-direct-line-and-special-entry-darshan-rs-300-closed/
2017-08-24,40731,47813,2017-08-24 18:17:21,month_day_year_inferred@title,,and waiting hours detsail by 6pm. Sarva Dharshan (Free darshan) 14 Compartments / 6 Hours,"About 40,731 pilgrims had Srivari Dharshan from 3am to 6pm on Aug 24",https://news.tirumala.org/about-40731-pilgrims-had-srivari-dharshan-from-3am-to-6pm-on-aug-24/
2017-08-25,44712,47820,2017-08-25 18:21:52,month_day_year_inferred@title,,and waiting hours detsail by 6pm. Sarva Dharshan (Free darshan) 24 Compartments / 7 Hours,"About 44,712 pilgrims had Srivari Dharshan from 3am to 6pm on Aug 25",https://news.tirumala.org/about-44712-pilgrims-had-srivari-dharshan-from-3am-to-6pm-on-aug-25/
2017-08-26,58304,47869,2017-08-26 18:29:18,month_day_year_inferred@title,,and waiting hours detsail by 6pm. Sarva Dharshan (Free darshan) Line Outside / 10 Hours ;,"About 58,304 pilgrims had Srivari Dharshan from 3am to 6pm on Aug 26",https://news.tirumala.org/about-58304-pilgrims-had-srivari-dharshan-from-3am-to-6pm-on-aug-26/
2017-08-27,58860,47883,2017-08-27 18:52:02,month_day_year_inferred@title,,and waiting hours detsail by 6pm. Sarva Dharshan (Free darshan) 27 Compartments / 10 Hours,"About 58,860 pilgrims had Srivari Dharshan from 3am to 6pm on Aug 27",https://news.tirumala.org/about-58860-pilgrims-had-srivari-dharshan-from-3am-to-6pm-on-aug-27/
2017-08-28,53899,47895,2017-08-28 18:38:16,month_day_year_inferred@title,,and waiting hours detsail by 6pm. Sarva Dharshan (Free darshan) 7 Compartments / 5 Hours ;,"About 53,899 pilgrims had Srivari Dharshan from 3am to 6pm on Aug 28",https://news.tirumala.org/sarva-dharshan-free-darshan-7-compartments-5-hours-divya-dharshan-footpath-darshan-direct-line-and-special-entry-darshan-rs-300-closed/
2017-08-29,49166,47952,2017-08-29 19:58:51,month_day_year_inferred@title,,and waiting hours detsail by 6pm. Sarva Dharshan (Free darshan) 8 Compartments / 5 Hours ;,"About 49,166 pilgrims had Srivari Dharshan from 3am to 6pm on Aug 29",https://news.tirumala.org/sarva-dharshan-free-darshan-8-compartments-5-hours-divya-dharshan-footpath-darshan-direct-line-and-special-entry-darshan-rs-300-closed/
2017-08-30,40449,47963,2017-08-30 18:36:14,month_day_year_inferred@title,,and waiting hours detsail by 6pm. Sarva Dharshan (Free darshan) 11 Compartments / 6 Hours,"About 40,449 pilgrims had Srivari Dharshan from 3am to 6pm on Aug 30",https://news.tirumala.org/about-40449-pilgrims-had-srivari-dharshan-from-3am-to-6pm-on-aug-30/
2017-08-31,44134,48032,2017-08-31 22:15:41,month_day_year_inferred@title,,and waiting hours detsail by 6pm. Sarva Dharshan (Free darshan) 20 Compartments / 8 Hours,"About 44,134 pilgrims had Srivari Dharshan from 3am to 6pm on Aug 31",https://news.tirumala.org/about-44134-pilgrims-had-srivari-dharshan-from-3am-to-6pm-on-aug-31/
2017-09-01,44837,48083,2017-09-01 19:34:58,month_day_year_inferred@title,,and waiting hours detsail by 6pm. Sarva Dharshan (Free darshan) 20 Compartments / 3 Hours,"About 44,837 pilgrims had Srivari Dharshan from 3am to 6pm on Sep 1",https://news.tirumala.org/sarva-dharshan-free-darshan-20-compartments-3-hours-divya-dharshan-footpath-darshan-direct-line-and-special-entry-darshan-rs-300-closed/
2017-09-02,48823,48164,2017-09-02 18:21:34,month_day_year_inferred@title,,and waiting hours detsail by 6pm. Sarva Dharshan (Free darshan) 29 Compartments / 12 Hours,"About 48,823 pilgrims had Srivari Dharshan from 3am to 6pm on Sep 2",https://news.tirumala.org/sarva-dharshan-free-darshan-29-compartments-12-hours-divya-dharshan-footpath-darshan-direct-line-and-special-entry-darshan-rs-300-closed/
2017-09-03,63995,48167,2017-09-03 18:45:37,month_day_year_inferred@title,,and waiting hours detsail by 6pm. Sarva Dharshan (Free darshan) 26 Compartments / 12 Hours,"About 63,995 pilgrims had Srivari Dharshan from 3am to 6pm on Sep 3",https://news.tirumala.org/about-48823-pilgrims-had-srivari-dharshan-from-3am-to-6pm-on-sep-2-current-situation-of-pilgrim-darshan-particulars-of-various-categories-of-darshan-line-with-waiting-compartments-and-waiting-hours/
2017-09-04,53364,48255,2017-09-04 20:02:30,month_day_year_inferred@title,,and waiting hours detsail by 6pm. Sarva Dharshan (Free darshan) 17 Compartments / 9 Hours,"About 53,364 pilgrims had Srivari Dharshan from 3am to 6pm on Sep 4",https://news.tirumala.org/sarva-dharshan-free-darshan-17-compartments-9-hours-divya-dharshan-footpath-darshan-direct-line-and-special-entry-darshan-rs-300-closed/
2017-09-05,48540,48301,2017-09-05 18:22:43,month_day_year_inferred@title,,and waiting hours detsail by 6pm. Sarva Dharshan (Free darshan) 15 Compartments / 7 Hours,"About 48,540 pilgrims had Srivari Dharshan from 3am to 6pm on Sep 5",https://news.tirumala.org/sarva-dharshan-free-darshan-15-compartments-7-hours-divya-dharshan-footpath-darshan-direct-line-and-special-entry-darshan-rs-300-closed/
2017-09-06,44379,48336,2017-09-06 19:02:32,month_day_year_inferred@title,,and waiting hours detsail by 6pm. Sarva Dharshan (Free darshan) 22 Compartments / 9 Hours,"About 44,379 pilgrims had Srivari Dharshan from 3am to 6pm on Sep 6",https://news.tirumala.org/sarva-dharshan-free-darshan-22-compartments-9-hours-divya-dharshan-footpath-darshan-direct-line-and-special-entry-darshan-rs-300-closed/
2017-09-07,45577,48405,2017-09-07 19:37:52,month_day_year_inferred@title,,and waiting hours detsail by 6pm. Sarva Dharshan (Free darshan) 10 Compartments / 6 Hours,"About 45,577 pilgrims had Srivari Dharshan from 3am to 6pm on Sep 7",https://news.tirumala.org/sarva-dharshan-free-darshan-10-compartments-6-hours-divya-dharshan-footpath-darshan-direct-line-and-special-entry-darshan-rs-300-closed/
2017-09-08,39020,48468,2017-09-08 18:29:48,month_day_year_inferred@title,,and waiting hours detsail by 6pm. Sarva Dharshan (Free darshan) 15 Compartments / 6 Hours,"About 39,020 pilgrims had Srivari Dharshan from 3am to 6pm on Sep 8",https://news.tirumala.org/sarva-dharshan-free-darshan-15-compartments-6-hours-divya-dharshan-footpath-darshan-direct-line-and-special-entry-darshan-rs-300-closed/
2017-09-09,59234,48509,2017-09-09 18:30:03,month_day_year_inferred@title,,and waiting hours detsail by 6pm. Sarva Dharshan (Free darshan) 22 Compartments / 8 Hours,"About 59,234 pilgrims had Srivari Dharshan from 3am to 6pm on Sep 9",https://news.tirumala.org/about-59234-pilgrims-had-srivari-dharshan-from-3am-to-6pm-on-sep-9/
2017-09-10,61003,48522,2017-09-10 18:59:55,month_day_year_inferred@title,,and waiting hours detsail by 6pm. Sarva Dharshan (Free darshan) 21 Compartments / 10 Hours,"About 61,003 pilgrims had Srivari Dharshan from 3am to 6pm on Sep 10",https://news.tirumala.org/about-61003-pilgrims-had-srivari-dharshan-from-3am-to-6pm-on-sep-10/
2017-09-11,52621,48541,2017-09-11 18:42:38,month_day_year_inferred@title,,and waiting hours detsail by 6pm. Sarva Dharshan (Free darshan) Direct Line ; Divya Dharsh,"About 52,621 pilgrims had Srivari Dharshan from 3am to 6pm on Sep 11",https://news.tirumala.org/sarva-dharshan-free-darshan-direct-line-divya-dharshan-footpath-darshan-direct-line-and-special-entry-darshan-rs-300-closed-19/
2017-09-12,49117,48570,2017-09-12 19:47:35,month_day_year_inferred@title,,and waiting hours detsail by 6pm. Sarva Dharshan (Free darshan) 11 Compartements / 5 Hours,"About 49,117 pilgrims had Srivari Dharshan from 3am to 6pm on Sep 12",https://news.tirumala.org/about-49117-pilgrims-had-srivari-dharshan-from-3am-to-6pm-on-sep-12/
2017-09-13,44085,48599,2017-09-13 19:29:00,month_day_year_inferred@title,,and waiting hours detsail by 6pm. Sarva Dharshan (Free darshan) 5 Compartements / 4 Hours,"About 44,085 pilgrims had Srivari Dharshan from 3am to 6pm on Sep 13",https://news.tirumala.org/sarva-dharshan-free-darshan-5-compartements-4-hours-divya-dharshan-footpath-darshan-direct-line-and-special-entry-darshan-rs-300-closed/
2017-09-14,44574,48623,2017-09-14 18:40:03,month_day_year_inferred@title,,and waiting hours detsail by 6pm. Sarva Dharshan (Free darshan) 6 Compartements / 3 Hours,"About 44,574 pilgrims had Srivari Dharshan from 3am to 6pm on Sep 14",https://news.tirumala.org/sarva-dharshan-free-darshan-6-compartements-3-hours-divya-dharshan-footpath-darshan-direct-line-and-special-entry-darshan-rs-300-closed/
2017-09-15,41980,48674,2017-09-15 18:21:29,month_day_year_inferred@title,,and waiting hours detsail by 6pm. Sarva Dharshan (Free darshan) 8 Compartements / 4 Hours,"About 41,980 pilgrims had Srivari Dharshan from 3am to 6pm on Sep 15",https://news.tirumala.org/sarva-dharshan-free-darshan-8-compartements-4-hours-divya-dharshan-footpath-darshan-direct-line-and-special-entry-darshan-rs-300-closed/
2017-09-16,55178,48704,2017-09-16 18:29:13,month_day_year_inferred@title,,and waiting hours detsail by 6pm. Sarva Dharshan (Free darshan) 17 Compartements / 7 Hours,"About 55,178 pilgrims had Srivari Dharshan from 3am to 6pm on Sep 16",https://news.tirumala.org/sarva-dharshan-free-darshan-17-compartements-7-hours-divya-dharshan-footpath-darshan-direct-line-and-special-entry-darshan-rs-300-closed/
2017-09-16,61298,48711,2017-09-17 18:50:03,month_day_year_inferred@title,,and waiting hours detsail by 6pm. Sarva Dharshan (Free darshan) 28 Compartements / 10 Hour,"About 61,298 pilgrims had Srivari Dharshan from 3am to 6pm on Sep 16",https://news.tirumala.org/sarva-dharshan-free-darshan-28-compartements-10-hours-divya-dharshan-footpath-darshan-direct-line-and-special-entry-darshan-rs-300-closed/
2017-09-17,55161,48741,2017-09-18 19:07:41,month_day_year_inferred@title,,and waiting hours detsail by 6pm. Sarva Dharshan (Free darshan) Direct Line ; Divya Dharsh,"About 55,161 pilgrims had Srivari Dharshan from 3am to 6pm on Sep 17",https://news.tirumala.org/sarva-dharshan-free-darshan-direct-line-divya-dharshan-footpath-darshan-direct-line-and-special-entry-darshan-rs-300-closed-20/
2017-09-19,41627,48817,2017-09-19 18:24:40,month_day_year_inferred@title,,and waiting hours detsail by 6pm. Sarva Dharshan (Free darshan) 10 Compartments / 7 Hours,"About 41,627. pilgrims had Srivari Dharshan from 3am to 6pm on Sep 19",https://news.tirumala.org/sarva-dharshan-free-darshan-10-compartments-7-hours-divya-dharshan-footpath-darshan-direct-line-and-special-entry-darshan-rs-300-closed/
2017-09-20,42447,48880,2017-09-20 19:47:15,month_day_year_inferred@title,,and waiting hours detsail by 6pm. Sarva Dharshan (Free darshan) Direct Line ; Divya Dharsh,"About 42,447. pilgrims had Srivari Dharshan from 3am to 6pm on Sep 20",https://news.tirumala.org/sarva-dharshan-free-darshan-direct-line-divya-dharshan-footpath-darshan-direct-line-and-special-entry-darshan-rs-300-closed-21/
2017-09-21,41652,48936,2017-09-21 21:12:04,month_day_year_inferred@title,,and waiting hours detsail by 6pm. Sarva Dharshan (Free darshan) 9 Compartments / 4 Hours ;,"About 41,652. pilgrims had Srivari Dharshan from 3am to 6pm on Sep 21",https://news.tirumala.org/sarva-dharshan-free-darshan-9-compartments-4-hours-divya-dharshan-footpath-darshan-direct-line-and-special-entry-darshan-rs-300-closed/
2017-09-22,38995,48956,2017-09-22 18:59:15,month_day_year_inferred@title,,and waiting hours detsail by 6pm. Sarva Dharshan (Free darshan) 25 Compartments / 8 Hours,"About 38,995. pilgrims had Srivari Dharshan from 3am to 6pm on Sep 22",https://news.tirumala.org/about-38995-pilgrims-had-srivari-dharshan-from-3am-to-6pm-on-sep-22/
2017-09-23,40292,49054,2017-09-23 18:31:11,month_day_year_inferred@title,,and waiting hours detsail by 6pm. Sarva Dharshan (Free darshan) 31 Compartments / 8 Hours,"About 40,292 pilgrims had Srivari Dharshan from 3am to 6pm on Sep 23",https://news.tirumala.org/about-40292-pilgrims-had-srivari-dharshan-from-3am-to-6pm-on-sep-23/
2017-09-24,60130,49071,2017-09-24 19:36:39,month_day_year_inferred@title,,and waiting hours detsail by 6pm. Sarva Dharshan (Free darshan) 31 Compartments / 10 Hours,"About 60,130 pilgrims had Srivari Dharshan from 3am to 6pm on Sep 24",https://news.tirumala.org/sarva-dharshan-free-darshan-31-compartments-10-hours-and-special-entry-darshan-rs-300-closed/
2017-09-25,63309,49229,2017-09-25 18:27:50,month_day_year_inferred@title,,and waiting hours detsail by 6pm. Sarva Dharshan (Free darshan) 29 Compartments / 9 Hours,"About 63,309 pilgrims had Srivari Dharshan from 3am to 6pm on Sep 25.",https://news.tirumala.org/about-63309-pilgrims-had-srivari-dharshan-from-3am-to-6pm-on-sep-25/
2017-09-26,59036,49361,2017-09-26 18:59:00,month_day_year_inferred@title,,and waiting hours detsail by 6pm. Sarva Dharshan (Free darshan) Line Outside / 10 Hours an,"About 59,036 pilgrims had Srivari Dharshan from 3am to 6pm on Sep 26",https://news.tirumala.org/about-59036-pilgrims-had-srivari-dharshan-from-3am-to-6pm-on-sep-26/
2017-10-04,51627,49900,2017-10-04 18:44:57,month_day_year_inferred@title,,and waiting hours detsail by 6pm. Sarva Dharshan (Free darshan) Line Outside / 9 Hours and,"About 51,627 pilgrims had Srivari Dharshan from 3am to 6pm on Oct 4",https://news.tirumala.org/about-51627-pilgrims-had-srivari-dharshan-from-3am-to-6pm-on-oct-4/
2017-10-05,50552,49928,2017-10-05 18:26:59,month_day_year_inferred@title,,and waiting hours detsail by 6pm. Sarva Dharshan (Free darshan) Line Outside / 8 Hours and,"About 50,552 pilgrims had Srivari Dharshan from 3am to 6pm on Oct 5",https://news.tirumala.org/sarva-dharshan-free-darshan-line-outside-8-hours-and-special-entry-darshan-rs-300-closed/
2017-10-06,45035,49972,2017-10-06 18:20:27,month_day_year_inferred@title,,and waiting hours detsail by 6pm. Sarva Dharshan (Free darshan) 28 Compartments / 10 Hours,"About 45,035 pilgrims had Srivari Dharshan from 3am to 6pm on Oct 6",https://news.tirumala.org/about-45035-pilgrims-had-srivari-dharshan-from-3am-to-6pm-on-oct-6/
2017-10-07,58756,49993,2017-10-07 18:43:48,month_day_year_inferred@title,,and waiting hours detsail by 6pm. Sarva Dharshan (Free darshan) 21 Compartments / 8 Hours,"About 58,756 pilgrims had Srivari Dharshan from 3am to 6pm on Oct 7",https://news.tirumala.org/sarva-dharshan-free-darshan-21-compartments-8-hours-and-special-entry-darshan-rs-300-closed/
2017-10-08,62597,50023,2017-10-08 18:21:29,month_day_year_inferred@title,,and waiting hours detsail by 6pm. Sarva Dharshan (Free darshan) 7 Compartments / 5 Hours a,"About 62,597 pilgrims had Srivari Dharshan from 3am to 6pm on Oct 8",https://news.tirumala.org/50023-2/
2017-10-09,54431,50075,2017-10-09 18:22:34,month_day_year_inferred@body,,and waiting hours detsail by 6pm. Sarva Dharshan (Free darshan) 14 Compartments / 5 Hours,"About 54,431 pilgrims had Srivari Dharshan from 3am to 6pm on Oct 8",https://news.tirumala.org/about-54431-pilgrims-had-srivari-dharshan-from-3am-to-6pm-on-oct-8/
2017-10-10,54735,50134,2017-10-10 18:34:20,month_day_year_inferred@title,,and waiting hours detsail by 6pm. Sarva Dharshan (Free darshan) 29 Compartments / 7 Hours,"About 54,735 pilgrims had Srivari Dharshan from 3am to 6pm on Oct 10",https://news.tirumala.org/about-54735-pilgrims-had-srivari-dharshan-from-3am-to-6pm-on-oct-10/
2017-10-11,46961,50131,2017-10-11 18:33:46,month_day_year_inferred@title,,and waiting hours detsail by 6pm. Sarva Dharshan (Free darshan) 31 Compartments / 10 Hours,"About 46,961 pilgrims had Srivari Dharshan from 3am to 6pm on Oct 11",https://news.tirumala.org/sarva-dharshan-free-darshan-31-compartments-10-hours-and-special-entry-darshan-rs-300-closed-2/
2017-10-12,51943,50228,2017-10-12 19:37:25,month_day_year_inferred@title,,and waiting hours detsail by 6pm. Sarva Dharshan (Free darshan) 24 Compartments / 10 Hours,"About 51,943 pilgrims had Srivari Dharshan from 3am to 6pm on Oct 12",https://news.tirumala.org/about-51943-pilgrims-had-srivari-dharshan-from-3am-to-6pm-on-oct-12/
2017-10-13,50471,50230,2017-10-13 18:44:34,month_day_year_inferred@title,,and waiting hours detsail by 6pm. Sarva Dharshan (Free darshan) 23 Compartments / 8 Hours,"About 50,471 pilgrims had Srivari Dharshan from 3am to 6pm on Oct 13",https://news.tirumala.org/about-50471-pilgrims-had-srivari-dharshan-from-3am-to-6pm-on-oct-13/
2017-10-14,60755,50261,2017-10-14 18:24:48,month_day_year_inferred@title,,and waiting hours detsail by 6pm. Sarva Dharshan (Free darshan) 14 Compartments / 5 Hours,"About 60,755 pilgrims had Srivari Dharshan from 3am to 6pm on Oct 14",https://news.tirumala.org/about-60755-pilgrims-had-srivari-dharshan-from-3am-to-6pm-on-oct-14/
2017-10-15,59682,50297,2017-10-15 18:41:15,month_day_year_inferred@title,,and waiting hours detsail by 6pm. Sarva Dharshan (Free darshan) 6 Compartments / 8 Hours a,"About 59,682 pilgrims had Srivari Dharshan from 3am to 6pm on Oct 15",https://news.tirumala.org/sarva-dharshan-free-darshan-6-compartments-8-hours-and-special-entry-darshan-rs-300-closed/
2017-10-16,55414,50332,2017-10-16 18:26:01,month_day_year_inferred@title,,and waiting hours detsail by 6pm. Sarva Dharshan (Free darshan) 14 Compartments / 4 Hours,"About 55,414 pilgrims had Srivari Dharshan from 3am to 6pm on Oct 16",https://news.tirumala.org/sarva-dharshan-free-darshan-14-compartments-4-hours-and-special-entry-darshan-rs-300-closed/
2017-10-17,49842,50368,2017-10-17 19:48:38,month_day_year_inferred@title,,and waiting hours detsail by 6pm. Sarva Dharshan (Free darshan) 10 Compartments / 4 Hours,"About 49,842 pilgrims had Srivari Dharshan from 3am to 6pm on Oct 17",https://news.tirumala.org/about-49842-pilgrims-had-srivari-dharshan-from-3am-to-6pm-on-oct-17/
2017-10-18,45775,50387,2017-10-18 18:49:30,month_day_year_inferred@title,,and waiting hours detsail by 6pm. Sarva Dharshan (Free darshan) 29 Compartments / 8 Hours,"About 45,775 pilgrims had Srivari Dharshan from 3am to 6pm on Oct 18",https://news.tirumala.org/sarva-dharshan-free-darshan-29-compartments-8-hours-and-special-entry-darshan-rs-300-closed/
2017-10-19,43453,50403,2017-10-19 18:35:40,month_day_year_inferred@title,,and waiting hours detsail by 6pm. Sarva Dharshan (Free darshan) 29 Compartments / 8 Hours,"About 43,453 pilgrims had Srivari Dharshan from 3am to 6pm on Oct 19",https://news.tirumala.org/about-43453-pilgrims-had-srivari-dharshan-from-3am-to-6pm-on-oct-19/
2017-10-20,49286,50407,2017-10-20 18:38:12,month_day_year_inferred@title,,and waiting hours detsail by 6pm. Sarva Dharshan (Free darshan) 27 Compartments / 8 Hours,"About 49,286 pilgrims had Srivari Dharshan from 3am to 6pm on Oct 20",https://news.tirumala.org/about-49286-pilgrims-had-srivari-dharshan-from-3am-to-6pm-on-oct-20/
2017-10-21,63126,50412,2017-10-21 18:41:13,month_day_year_inferred@title,,and waiting hours detsail by 6pm. Sarva Dharshan (Free darshan) Line Outside / 15 Hours an,"About 63,126 pilgrims had Srivari Dharshan from 3am to 6pm on Oct 21",https://news.tirumala.org/sarva-dharshan-free-darshan-line-outside-15-hours-and-special-entry-darshan-rs-300-closed/
2017-10-22,70050,50504,2017-10-22 18:03:45,month_day_year_inferred@title,,and waiting hours detsail by 6pm. Sarva Dharshan (Free darshan) Line Outside / 12 Hours an,"About 70,050 pilgrims had Srivari Dharshan from 3am to 6pm on Oct 22",https://news.tirumala.org/about-70050-pilgrims-had-srivari-dharshan-from-3am-to-6pm-on-oct-22/
2017-10-23,60815,50545,2017-10-23 18:18:55,month_day_year_inferred@title,,and waiting hours detsail by 6pm. Sarva Dharshan (Free darshan) 18 Compartments / 6 Hours,"About 60,815 pilgrims had Srivari Dharshan from 3am to 6pm on Oct 23",https://news.tirumala.org/sarva-dharshan-free-darshan-18-compartments-6-hours-and-special-entry-darshan-rs-300-closed/
2017-10-24,50512,50612,2017-10-24 18:40:28,month_day_year_inferred@body,,and waiting hours detsail by 6pm. Sarva Dharshan (Free darshan) 20 Compartments / 5 Hours,Sarva Dharshan (Free darshan) 20 Compartments / 5 Hours and Special Entry Darshan (Rs.300) Closed,https://news.tirumala.org/sarva-dharshan-free-darshan-20-compartments-5-hours-and-special-entry-darshan-rs-300-closed/
2017-10-25,43865,50652,2017-10-25 18:42:21,month_day_year_inferred@title,,and waiting hours detsail by 6pm. Sarva Dharshan (Free darshan) 20 Compartments / 6 Hours,"About 43,865 pilgrims had Srivari Dharshan from 3am to 6pm on Oct 25",https://news.tirumala.org/about-43865-pilgrims-had-srivari-dharshan-from-3am-to-6pm-on-oct-25/
2017-10-26,45099,50711,2017-10-26 18:29:24,month_day_year_inferred@title,,and waiting hours detsail by 6pm. Sarva Dharshan (Free darshan) 13 Compartments / 4 Hours,"About 45,099 pilgrims had Srivari Dharshan from 3am to 6pm on Oct 26",https://news.tirumala.org/sarva-dharshan-free-darshan-13-compartments-4-hours-and-special-entry-darshan-rs-300-closed/
2017-10-27,44303,50766,2017-10-27 20:23:04,month_day_year_inferred@title,,and waiting hours detsail by 6pm. Sarva Dharshan (Free darshan) 25 Compartments / 5 Hours,"About 44,303 pilgrims had Srivari Dharshan from 3am to 6pm on Oct 27",https://news.tirumala.org/sarva-dharshan-free-darshan-25-compartments-5-hours-and-special-entry-darshan-rs-300-closed/
2017-10-28,52033,50835,2017-10-28 19:20:32,month_day_year_inferred@title,,and waiting hours detsail by 6pm. Sarva Dharshan (Free darshan) 27 Compartments / 9 Hours,"About 52,033 pilgrims had Srivari Dharshan from 3am to 6pm on Oct 28",https://news.tirumala.org/sarva-dharshan-free-darshan-31-compartments-9-hours-and-special-entry-darshan-rs-300-closed/
2017-10-29,58277,50873,2017-10-29 18:57:52,month_day_year_inferred@title,,and waiting hours detsail by 6pm. Sarva Dharshan (Free darshan) 24 Compartments / 6 Hours,"About 58,277 pilgrims had Srivari Dharshan from 3am to 6pm on Oct 29",https://news.tirumala.org/about-58277-pilgrims-had-srivari-dharshan-from-3am-to-6pm-on-oct-29/
2017-10-30,48070,50902,2017-10-30 18:57:19,month_day_year_inferred@title,,and waiting hours detsail by 6pm. Sarva Dharshan (Free darshan) 16 Compartments / 5 Hours,"About 48,070 pilgrims had Srivari Dharshan from 3am to 6pm on Oct 30",https://news.tirumala.org/sarva-dharshan-free-darshan-16-compartments-5-hours-and-special-entry-darshan-rs-300-closed/
2017-11-01,47468,50958,2017-11-01 18:48:41,month_day_year_inferred@title,,and waiting hours detsail by 6pm. Sarva Dharshan (Free darshan) 11 Compartments / 4 Hours,"About 47,468 pilgrims had Srivari Dharshan from 3am to 6pm on Nov 1",https://news.tirumala.org/sarva-dharshan-free-darshan-11-compartments-4-hours-and-special-entry-darshan-rs-300-closed/
2017-11-02,39210,50978,2017-11-02 18:16:46,month_day_year_inferred@title,,and waiting hours detsail by 6pm. Sarva Dharshan (Free darshan) 21 Compartments / 5 Hours,"About 39,210 pilgrims had Srivari Dharshan from 3am to 6pm on Nov 2",https://news.tirumala.org/sarva-dharshan-free-darshan-21-compartments-5-hours-and-special-entry-darshan-rs-300-closed/
2017-11-03,37325,51026,2017-11-03 18:52:42,month_day_year_inferred@title,,and waiting hours detsail by 6pm. Sarva Dharshan (Free darshan) 21 Compartments / 6 Hours,"About 37,325 pilgrims had Srivari Dharshan from 3am to 6pm on Nov 3",https://news.tirumala.org/sarva-dharshan-free-darshan-21-compartments-6-hours-and-special-entry-darshan-rs-300-closed/
2017-11-04,52367,51068,2017-11-04 18:09:06,month_day_year_inferred@title,,and waiting hours detsail by 6pm. Sarva Dharshan (Free darshan) 23 Compartments / 7 Hours,"About 52,367 pilgrims had Srivari Dharshan from 3am to 6pm on Nov 4",https://news.tirumala.org/about-52367-pilgrims-had-srivari-dharshan-from-3am-to-6pm-on-nov-4/
2017-11-05,53404,51112,2017-11-05 18:57:28,month_day_year_inferred@title,,and waiting hours detsail by 6pm. Sarva Dharshan (Free darshan) 25 Compartments / 10 Hours,"About 53,404 pilgrims had Srivari Dharshan from 3am to 6pm on Nov 5",https://news.tirumala.org/sarva-dharshan-free-darshan-25-compartments-10-hours-and-special-entry-darshan-rs-300-closed/
2017-11-06,48026,51149,2017-11-06 18:31:45,month_day_year_inferred@title,,and waiting hours detsail by 6pm. Sarva Dharshan (Free darshan) 13 Compartments / 5 Hours,"About 48,026 pilgrims had Srivari Dharshan from 3am to 6pm on Nov 6",https://news.tirumala.org/about-48026-pilgrims-had-srivari-dharshan-from-3am-to-6pm-on-nov-6/
2017-11-07,45089,51145,2017-11-07 18:19:08,month_day_year_inferred@title,,and waiting hours detsail by 6pm. Sarva Dharshan (Free darshan) 22 Compartments / 5 Hours,"About 45,089 pilgrims had Srivari Dharshan from 3am to 6pm on Nov 7",https://news.tirumala.org/sarva-dharshan-free-darshan-2-compartments-6-hours-and-special-entry-darshan-rs-300-closed/
2017-11-08,39432,51199,2017-11-08 19:35:16,month_day_year_inferred@title,,and waiting hours detsail by 6pm. Sarva Dharshan (Free darshan) 16 Compartments / 5 Hours,"About 39,432 pilgrims had Srivari Dharshan from 3am to 6pm on Nov 8",https://news.tirumala.org/sarva-dharshan-free-darshan-16-compartments-5-hours-and-special-entry-darshan-rs-300-closed-2/
2017-11-09,37470,51255,2017-11-09 19:10:26,month_day_year_inferred@title,,and waiting hours detsail by 6pm. Sarva Dharshan (Free darshan) 24 Compartments / 5 Hours,"About 37,470 pilgrims had Srivari Dharshan from 3am to 6pm on Nov 9",https://news.tirumala.org/about-37470-pilgrims-had-srivari-dharshan-from-3am-to-6pm-on-nov-9/
2017-11-10,41435,51284,2017-11-10 18:20:41,month_day_year_inferred@title,,and waiting hours detsail by 6pm. Sarva Dharshan (Free darshan) 15 Compartments / 4 Hours,"About 41,435 pilgrims had Srivari Dharshan from 3am to 6pm on Nov 10",https://news.tirumala.org/sarva-dharshan-free-darshan-15-compartments-4-hours-and-special-entry-darshan-rs-300-closed/
2017-11-11,53142,51306,2017-11-11 19:15:31,month_day_year_inferred@title,,and waiting hours detsail by 6pm. Sarva Dharshan (Free darshan) Line Outside / 8 Hours and,"About 53,142 pilgrims had Srivari Dharshan from 3am to 6pm on Nov 11",https://news.tirumala.org/about-53142-pilgrims-had-srivari-dharshan-from-3am-to-6pm-on-nov-11/
2017-11-12,54223,51339,2017-11-12 19:17:41,month_day_year_inferred@title,,and waiting hours detsail by 6pm. Sarva Dharshan (Free darshan) Line Outside / 10 Hours an,"About 54,223 pilgrims had Srivari Dharshan from 3am to 6pm on Nov 12",https://news.tirumala.org/sarva-dharshan-free-darshan-line-outside-10-hours-and-special-entry-darshan-rs-300-closed/
2017-11-13,50454,51377,2017-11-13 18:45:10,month_day_year_inferred@title,,and waiting hours detsail by 6pm. Sarva Dharshan (Free darshan) 24 Compartments / 6 Hours,"About 50,454 pilgrims had Srivari Dharshan from 3am to 6pm on Nov 13",https://news.tirumala.org/sarva-dharshan-free-darshan-24-compartments-6-hours-and-special-entry-darshan-rs-300-closed/
2017-11-14,44672,51446,2017-11-14 18:51:45,month_day_year_inferred@title,,and waiting hours detsail by 6pm. Sarva Dharshan (Free darshan) 22 Compartments / 6 Hours,"About 44,672 pilgrims had Srivari Dharshan from 3am to 6pm on Nov 14",https://news.tirumala.org/sarva-dharshan-free-darshan-22-compartments-6-hours-and-special-entry-darshan-rs-300-closed/
2017-11-15,43163,51535,2017-11-15 20:45:29,month_day_year_inferred@title,,and waiting hours detsail by 6pm. Sarva Dharshan (Free darshan) 17 Compartments / 6 Hours,"About 43,163 pilgrims had Srivari Dharshan from 3am to 6pm on Nov 15",https://news.tirumala.org/sarva-dharshan-free-darshan-17-compartments-6-hours-and-special-entry-darshan-rs-300-closed/
2017-11-16,42146,51606,2017-11-16 19:02:41,month_day_year_inferred@title,,and waiting hours detsail by 6pm. Sarva Dharshan (Free darshan) 19 Compartments / 4 Hours,"About 42,146 pilgrims had Srivari Dharshan from 3am to 6pm on Nov 16",https://news.tirumala.org/sarva-dharshan-free-darshan-19-compartments-4-hours-and-special-entry-darshan-rs-300-closed/
2017-11-20,49105,51990,2017-11-20 19:27:52,month_day_year_inferred@title,,and waiting hours detsail by 6pm. Sarva Dharshan (Free darshan) 19 Compartments / 5 Hours,"About 49,105 pilgrims had Srivari Dharshan from 3am to 6pm on Nov 20",https://news.tirumala.org/sarva-dharshan-free-darshan-19-compartments-5-hours-and-special-entry-darshan-rs-300-closed/
2017-11-21,47037,52130,2017-11-21 18:56:09,month_day_year_inferred@title,,and waiting hours detsail by 6pm. Sarva Dharshan (Free darshan) 24 Compartments / 8 Hours,"About 47,037 pilgrims had Srivari Dharshan from 3am to 6pm on Nov 21",https://news.tirumala.org/sarva-dharshan-free-darshan-24-compartments-8-hours-and-special-entry-darshan-rs-300-closed/
2017-11-22,48728,52211,2017-11-22 18:32:33,month_day_year_inferred@title,,and waiting hours detsail by 6pm. Sarva Dharshan (Free darshan) 25 Compartments / 8 Hours,"About 48,728 pilgrims had Srivari Dharshan from 3am to 6pm on Nov 22",https://news.tirumala.org/about-48728-pilgrims-had-srivari-dharshan-from-3am-to-6pm-on-nov-22/
2017-11-23,39509,52294,2017-11-23 18:19:17,month_day_year_inferred@title,,and waiting hours detsail by 6pm. Sarva Dharshan (Free darshan) 31 Compartments / 7 Hours,"About 39,509 pilgrims had Srivari Dharshan from 3am to 6pm on Nov 23",https://news.tirumala.org/sarva-dharshan-free-darshan-31-compartments-7-hours-and-special-entry-darshan-rs-300-closed/
2017-11-24,41529,52384,2017-11-24 18:38:01,month_day_year_inferred@title,,and waiting hours detsail by 6pm. Sarva Dharshan (Free darshan) 42 Compartments / 10 Hours,"About 41,529 pilgrims had Srivari Dharshan from 3am to 6pm on Nov 24",https://news.tirumala.org/about-41529-pilgrims-had-srivari-dharshan-from-3am-to-6pm-on-nov-24/
2017-11-25,54574,52412,2017-11-25 22:41:08,month_day_year_inferred@title,,and waiting hours detsail by 6pm. Sarva Dharshan (Free darshan) 27 Compartments / 10 Hours,"About 54,574 pilgrims had Srivari Dharshan from 3am to 6pm on Nov 25",https://news.tirumala.org/about-54574-pilgrims-had-srivari-dharshan-from-3am-to-6pm-on-nov-25/
2017-11-26,57833,52425,2017-11-26 18:44:22,month_day_year_inferred@title,,and waiting hours detsail by 6pm. Sarva Dharshan (Free darshan) 44 Compartments / 16 Hours,"About 57,833 pilgrims had Srivari Dharshan from 3am to 6pm on Nov 26",https://news.tirumala.org/about-57833-pilgrims-had-srivari-dharshan-from-3am-to-6pm-on-nov-26/
2017-11-28,39804,52469,2017-11-28 19:45:23,month_day_year_inferred@title,,and waiting hours detsail by 6pm. Sarva Dharshan (Free darshan) 25 Compartments / 8 Hours,"About 39,804 pilgrims had Srivari Dharshan from 3am to 6pm on Nov 28",https://news.tirumala.org/sarva-dharshan-free-darshan-25-compartments-8-hours-and-special-entry-darshan-rs-300-closed/
2017-11-29,40227,52485,2017-11-29 18:48:24,month_day_year_inferred@title,,and waiting hours detsail by 6pm. Sarva Dharshan (Free darshan) 29 Compartments / 6 Hours,"About 40,227 pilgrims had Srivari Dharshan from 3am to 6pm on Nov 29",https://news.tirumala.org/about-40227-pilgrims-had-srivari-dharshan-from-3am-to-6pm-on-nov-29/
2017-11-30,38567,52552,2017-11-30 18:41:52,month_day_year_inferred@title,,and waiting hours detsail by 6pm. Sarva Dharshan (Free darshan) 35 Compartments / 9 Hours,"About 38,567 pilgrims had Srivari Dharshan from 3am to 6pm on Nov 30",https://news.tirumala.org/sarva-dharshan-free-darshan-35-compartments-9-hours-and-special-entry-darshan-rs-300-closed/
2017-12-01,43120,52640,2017-12-01 18:26:33,month_day_year_inferred@title,,and waiting hours detsail by 6pm. Sarva Dharshan (Free darshan) 23 Compartments / 6 Hours,"About 43,120 pilgrims had Srivari Dharshan from 3am to 6pm on Dec 1",https://news.tirumala.org/sarva-dharshan-free-darshan-23-compartments-6-hours-and-special-entry-darshan-rs-300-closed/
2017-12-02,51380,52682,2017-12-02 18:46:27,month_day_year_inferred@title,,and waiting hours detsail by 6pm. Sarva Dharshan (Free darshan) 28 Compartments / 6 Hours,"About 51,380 pilgrims had Srivari Dharshan from 3am to 6pm on Dec 2",https://news.tirumala.org/sarva-dharshan-free-darshan-28-compartments-6-hours-and-special-entry-darshan-rs-300-closed/
2017-12-03,37478,52729,2017-12-03 18:30:00,month_day_year_inferred@title,,and waiting hours detsail by 6pm. Sarva Dharshan (Free darshan) 41 Compartments / 12 Hours,"About 37,478 pilgrims had Srivari Dharshan from 3am to 6pm on Dec 3",https://news.tirumala.org/sarva-dharshan-free-darshan-41-compartments-12-hours-and-special-entry-darshan-rs-300-closed/
2017-12-04,67265,52798,2017-12-04 18:55:35,month_day_year_inferred@title,,and waiting hours detsail by 6pm. Sarva Dharshan (Free darshan) 2 Compartments / 3 Hours a,"About 67,265 pilgrims had Srivari Dharshan from 3am to 6pm on Dec 4",https://news.tirumala.org/about-67265-pilgrims-had-srivari-dharshan-from-3am-to-6pm-on-dec-4/
2017-12-05,43683,52824,2017-12-05 18:42:04,month_day_year_inferred@title,,and waiting hours detsail by 6pm. Sarva Dharshan (Free darshan) 23 Compartments / 6 Hours,"About 43,683 pilgrims had Srivari Dharshan from 3am to 6pm on Dec 5",https://news.tirumala.org/sarva-dharshan-free-darshan-23-compartments-6-hours-and-special-entry-darshan-rs-300-closed-2/
2017-12-06,37037,52851,2017-12-06 18:24:11,month_day_year_inferred@title,,and waiting hours detsail by 6pm. Sarva Dharshan (Free darshan) 26 Compartments / 8 Hours,"About 37,037 pilgrims had Srivari Dharshan from 3am to 6pm on Dec 6",https://news.tirumala.org/sarva-dharshan-free-darshan-26-compartments-8-hours-and-special-entry-darshan-rs-300-closed/
2017-12-07,39256,52880,2017-12-07 18:30:26,month_day_year_inferred@title,,and waiting hours detsail by 6pm. Sarva Dharshan (Free darshan) 26 Compartments / 78 Hours,"About 39,256 pilgrims had Srivari Dharshan from 3am to 6pm on Dec 7",https://news.tirumala.org/sarva-dharshan-free-darshan-26-compartments-78-hours-and-special-entry-darshan-rs-300-closed/
2017-12-08,41792,52916,2017-12-08 18:16:35,month_day_year_inferred@title,,and waiting hours detsail by 6pm. Sarva Dharshan (Free darshan) 20 Compartments / 5 Hours,"About 41,792 pilgrims had Srivari Dharshan from 3am to 6pm on Dec 8",https://news.tirumala.org/sarva-dharshan-free-darshan-20-compartments-5-hours-and-special-entry-darshan-rs-300-closed-2/
2017-12-09,51778,52937,2017-12-09 22:11:07,month_day_year_inferred@title,,"and waiting hours details - Sarva darshan (free darshan) 32 Compartments / 8 Hours, Specia","About 51,778 pilgrims had Srivari darshan from 3am to 6pm on Dec 9",https://news.tirumala.org/about-51778-pilgrims-had-srivari-darshan-on-dec-9/
2017-12-10,54276,52993,2017-12-10 18:18:49,month_day_year_inferred@title,,"and waiting hours details - Sarva darshan (free darshan) 42 Compartments / 12 Hours, Speci","About 54,276 pilgrims had Srivari darshan from 3am to 6pm on Dec 10",https://news.tirumala.org/about-54276-pilgrims-had-srivari-darshan-from-3am-to-6pm-on-dec-10/
2017-12-11,52365,52995,2017-12-11 18:39:51,month_day_year_inferred@title,,"and waiting hours details - Sarva darshan (free darshan) 18 Compartments / 4 Hours, Specia","About 52,365 pilgrims had Srivari darshan from 3am to 6pm on Dec 11",https://news.tirumala.org/sarva-darshan-free-darshan-18-compartments-4-hours-special-entry-darshan-rs-300-darshan-after-8am/
2017-12-12,43590,53031,2017-12-12 20:02:18,month_day_year_inferred@title,,"and waiting hours details - Sarva darshan (free darshan) 28 Compartments / 8 Hours, Specia","About 43,590 pilgrims had Srivari darshan from 3am to 6pm on Dec 12",https://news.tirumala.org/sarva-darshan-free-darshan-28-compartments-8-hours-special-entry-darshan-rs-300-darshan-after-8am/
2017-12-13,39786,53064,2017-12-13 19:45:04,month_day_year_inferred@title,,"and waiting hours details - Sarva darshan (free darshan) 27 Compartments / 8 Hours, Specia","About 39,786 pilgrims had Srivari darshan from 3am to 6pm on Dec 13",https://news.tirumala.org/sarva-darshan-free-darshan-27-compartments-8-hours-special-entry-darshan-rs-300-darshan-after-8am/
2017-12-14,39813,53225,2017-12-14 18:55:52,month_day_year_inferred@title,,"and waiting hours details - Sarva darshan (free darshan) 35 Compartments / 8 Hours, Specia","About 39,813 pilgrims had Srivari darshan from 3am to 6pm on Dec 14",https://news.tirumala.org/about-39813-pilgrims-had-srivari-darshan-from-3am-to-6pm-on-dec-14/
2017-12-15,42775,53229,2017-12-15 18:58:24,month_day_year_inferred@title,,"and waiting hours details - Sarva darshan (free darshan) 23 Compartments / 8 Hours, Specia","About 42,775 pilgrims had Srivari darshan from 3am to 6pm on Dec 15",https://news.tirumala.org/about-42775-pilgrims-had-srivari-darshan-from-3am-to-6pm-on-dec-15/
2017-12-16,42774,53233,2017-12-16 19:00:42,month_day_year_inferred@title,,"and waiting hours details - Sarva darshan (free darshan) 29 Compartments / 9 Hours, Specia","About 42,774 pilgrims had Srivari darshan from 3am to 6pm on Dec 16",https://news.tirumala.org/about-42774-pilgrims-had-srivari-darshan-from-3am-to-6pm-on-dec-16/
2017-12-17,55028,53159,2017-12-17 19:05:49,month_day_year_inferred@title,12,"and waiting hours details - Sarva darshan (free darshan) Line Outside / 12 Hours, Special","About 55,028 pilgrims had Srivari darshan from 3am to 6pm on Dec 17",https://news.tirumala.org/sarva-darshan-free-darshan-line-outside-12-hours-special-entry-darshan-rs-300-darshan-closed/
2017-12-18,56947,53269,2017-12-18 18:15:55,month_day_year_inferred@title,,"and waiting hours details - Sarva darshan (free darshan) 9 Compartments / 6 Hours, Special","About 56,947 pilgrims had Srivari darshan from 3am to 6pm on Dec 18",https://news.tirumala.org/sarva-darshan-free-darshan-9-compartments-6-hours-special-entry-darshan-rs-300-darshan-closed/
2017-12-19,48457,53309,2017-12-19 18:55:56,month_day_year_inferred@title,,"and waiting hours details - Sarva darshan (free darshan) 14 Compartments / 5 Hours, Specia","About 48,457 pilgrims had Srivari darshan from 3am to 6pm on Dec 19",https://news.tirumala.org/about-48457-pilgrims-had-srivari-darshan-from-3am-to-6pm-on-dec-19/
2017-12-20,42595,53344,2017-12-20 19:23:24,month_day_year_inferred@title,,"and waiting hours details - Sarva darshan (free darshan) 18 Compartments / 10 Hours, Speci","About 42,595 pilgrims had Srivari darshan from 3am to 6pm on Dec 20",https://news.tirumala.org/about-42595-pilgrims-had-srivari-darshan-from-3am-to-6pm-on-dec-20/
2017-12-21,43719,53346,2017-12-21 19:24:58,month_day_year_inferred@title,,"and waiting hours details - Sarva darshan (free darshan) 20 Compartments / 7 Hours, Specia","About 43,719 pilgrims had Srivari darshan from 3am to 6pm on Dec 21",https://news.tirumala.org/sarva-darshan-free-darshan-20-compartments-7-hours-special-entry-darshan-rs-300-darshan-direct/
2017-12-22,46992,53353,2017-12-22 18:29:12,month_day_year_inferred@title,,"and waiting hours details - Sarva darshan (free darshan) 11 Compartments / 4 Hours, Specia","About 46,992 pilgrims had Srivari darshan from 3am to 6pm on Dec 22",https://news.tirumala.org/sarva-darshan-free-darshan-11-compartments-4-hours-special-entry-darshan-rs-300-darshan-direct/
2017-12-23,58449,53418,2017-12-23 19:47:34,month_day_year_inferred@title,,"and waiting hours details - Sarva darshan (free darshan) 23 Compartments / 10 Hours, Speci","About 58,449 pilgrims had Srivari darshan from 3am to 6pm on Dec 23",https://news.tirumala.org/sarva-darshan-free-darshan-23-compartments-10-hours-special-entry-darshan-rs-300-darshan-direct/
2017-12-24,61705,53441,2017-12-24 18:32:40,month_day_year_inferred@title,,"and waiting hours details - Sarva darshan (free darshan) 40 Compartments / 16 Hours, Speci","About 61,705 pilgrims had Srivari darshan from 3am to 6pm on Dec 24",https://news.tirumala.org/about-61705-pilgrims-had-srivari-darshan-from-3am-to-6pm-on-dec-24/
2017-12-25,69387,53620,2017-12-25 18:48:45,month_day_year_inferred@title,,"and waiting hours details - Sarva darshan (free darshan) 31 Compartments / 14 Hours, Speci","About 69,387 pilgrims had Srivari darshan from 3am to 6pm on Dec 25",https://news.tirumala.org/about-69387-pilgrims-had-srivari-darshan-from-3am-to-6pm-on-dec-25/
2017-12-26,53325,53624,2017-12-26 18:53:04,month_day_year_inferred@title,,"and waiting hours details - Sarva darshan (free darshan) 39 Compartments / 12 Hours, Speci","About 53,325 pilgrims had Srivari darshan from 3am to 6pm on Dec 26",https://news.tirumala.org/about-53325-pilgrims-had-srivari-darshan-from-3am-to-6pm-on-dec-26/
2017-12-27,57674,53630,2017-12-28 19:06:05,month_day_year_inferred@title,,and waiting hours details - Sarva darshan (free darshan) 44 Compartments / Vaikunta Ekadas,"About 57,674 pilgrims had Srivari darshan from 3am to 6pm on Dec 27",https://news.tirumala.org/about-57674-pilgrims-had-srivari-darshan-from-3am-to-6pm-on-dec-27-2/
2017-12-27,57674,53628,2017-12-28 22:05:46,month_day_year_inferred@title,,"and waiting hours details - Sarva darshan (free darshan) 25 Compartments / 8 Hours, Specia","About 57,674 pilgrims had Srivari darshan from 3am to 6pm on Dec 27",https://news.tirumala.org/about-57674-pilgrims-had-srivari-darshan-from-3am-to-6pm-on-dec-27/
2018-01-01,69096,53825,2018-01-01 18:32:39,month_day_year_inferred@title,,"and waiting hours details - Sarva darshan (free darshan) 35 Compartments / 7 Hours, Specia","About 69,096 pilgrims had Srivari darshan from 3am to 6pm on Jan 1",https://news.tirumala.org/about-69096-pilgrims-had-srivari-darshan-from-3am-to-6pm-on-jan-1/
2018-01-02,46968,53851,2018-01-02 18:53:02,month_day_year_inferred@title,,"and waiting hours details - Sarva darshan (free darshan) 15 Compartments / 5 Hours, Specia","About 46,968 pilgrims had Srivari darshan from 3am to 6pm on Jan 2",https://news.tirumala.org/about-46968-pilgrims-had-srivari-darshan-from-3am-to-6pm-on-jan-2/
2018-01-03,47181,53861,2018-01-03 18:33:01,month_day_year_inferred@title,2,"and waiting hours details - Sarva darshan (free darshan) Direct Line / 2 Hours, Special En","About 47,181 pilgrims had Srivari darshan from 3am to 6pm on Jan 3",https://news.tirumala.org/sarva-darshan-free-darshan-direct-line-2-hours-special-entry-darshan-rs-300-darshan-direct/
2018-01-04,42761,53899,2018-01-04 18:24:28,month_day_year_inferred@title,,"and waiting hours details - Sarva darshan (free darshan) 18 Compartments / 6 Hours, Specia","About 42,761 pilgrims had Srivari darshan from 3am to 6pm on Jan 4",https://news.tirumala.org/sarva-darshan-free-darshan-18-compartments-6-hours-special-entry-darshan-rs-300-darshan-direct/
2018-01-05,37716,53941,2018-01-05 18:16:35,month_day_year_inferred@title,,"and waiting hours details - Sarva darshan (free darshan) 27 Compartments / 8 Hours, Specia","About 37,716 pilgrims had Srivari darshan from 3am to 6pm on Jan 5",https://news.tirumala.org/sarva-darshan-free-darshan-27-compartments-8-hours-special-entry-darshan-rs-300-darshan-direct/
2018-01-06,51251,53969,2018-01-06 18:25:40,month_day_year_inferred@title,,"and waiting hours details - Sarva darshan (free darshan) 22 Compartments / 6 Hours, Specia","About 51,251 pilgrims had Srivari darshan from 3am to 6pm on Jan 6",https://news.tirumala.org/about-51251-pilgrims-had-srivari-darshan-from-3am-to-6pm-on-jan-6/
2018-01-07,53316,54000,2018-01-07 18:51:31,month_day_year_inferred@title,,"and waiting hours details - Sarva darshan (free darshan) 23 Compartments / 7 Hours, Specia","About 53,316 pilgrims had Srivari darshan from 3am to 6pm on Jan 7",https://news.tirumala.org/about-53316-pilgrims-had-srivari-darshan-from-3am-to-6pm-on-jan-7/
2018-01-08,50860,54026,2018-01-08 19:52:09,month_day_year_inferred@title,,"and waiting hours details - Sarva darshan (free darshan) 13 Compartments / 6 Hours, Specia","About 50,860 pilgrims had Srivari darshan from 3am to 6pm on Jan 8",https://news.tirumala.org/sarva-darshan-free-darshan-13-compartments-6-hours-special-entry-darshan-rs-300-darshan-direct/
2018-01-09,43079,54061,2018-01-09 19:06:20,month_day_year_inferred@title,,"and waiting hours details - Sarva darshan (free darshan) 24 Compartments / 9 Hours, Specia","About 43,079 pilgrims had Srivari darshan from 3am to 6pm on Jan 9",https://news.tirumala.org/sarva-darshan-free-darshan-24-compartments-9-hours-special-entry-darshan-rs-300-darshan-direct/
2018-01-10,45628,54111,2018-01-10 18:57:52,month_day_year_inferred@title,,"and waiting hours details - Sarva darshan (free darshan) 18 Compartments / 6 Hours, Specia","About 45,628 pilgrims had Srivari darshan from 3am to 6pm on Jan 10",https://news.tirumala.org/about-45628-pilgrims-had-srivari-darshan-from-3am-to-6pm-on-jan-10/
2018-01-11,38832,54192,2018-01-11 20:22:55,month_day_year_inferred@title,,"and waiting hours details - Sarva darshan (free darshan) 14 Compartments / 6 Hours, Specia","About 38,832 pilgrims had Srivari darshan from 3am to 6pm on Jan 11",https://news.tirumala.org/sarva-darshan-free-darshan-14-compartments-6-hours-special-entry-darshan-rs-300-darshan-direct/
2018-01-12,44745,54226,2018-01-12 18:18:25,month_day_year_inferred@title,,"and waiting hours details - Sarva darshan (free darshan) 22 Compartments / 8 Hours, Specia","About 44,745 pilgrims had Srivari darshan from 3am to 6pm on Jan 12",https://news.tirumala.org/about-44745-pilgrims-had-srivari-darshan-from-3am-to-6pm-on-jan-12/
2018-01-13,48454,54242,2018-01-13 20:27:49,month_day_year_inferred@title,,"and waiting hours details - Sarva darshan (free darshan) 28 Compartments / 6 Hours, Specia","About 48,454 pilgrims had Srivari darshan from 3am to 6pm on Jan 13",https://news.tirumala.org/sarva-darshan-free-darshan-28-compartments-6-hours-special-entry-darshan-rs-300-darshan-direct/
2018-01-14,53538,54319,2018-01-14 18:58:11,month_day_year_inferred@title,,"and waiting hours details - Sarva darshan (free darshan) 37 Compartments / 12 Hours, Speci","About 53,538 pilgrims had Srivari darshan from 3am to 6pm on Jan 14",https://news.tirumala.org/about-53538-pilgrims-had-srivari-darshan-from-3am-to-6pm-on-jan-14/
2018-01-15,56561,54322,2018-01-15 18:44:57,month_day_year_inferred@title,,"and waiting hours details - Sarva darshan (free darshan) 23 Compartments / 12 Hours, Speci","About 56,561 pilgrims had Srivari darshan from 3am to 6pm on Jan 15",https://news.tirumala.org/sarva-darshan-free-darshan-23-compartments-12-hours-special-entry-darshan-rs-300-darshan-direct/
2018-01-16,52962,54378,2018-01-16 19:19:46,month_day_year_inferred@title,,"and waiting hours details - Sarva darshan (free darshan) 4 Compartments / 4 Hours, Special","About 52,962 pilgrims had Srivari darshan from 3am to 6pm on Jan 16",https://news.tirumala.org/sarva-darshan-free-darshan-4-compartments-4-hours-special-entry-darshan-rs-300-darshan-direct/
2018-01-17,42366,54395,2018-01-17 18:40:09,month_day_year_inferred@title,,"and waiting hours details - Sarva darshan (free darshan) 29 Compartments / 8 Hours, Specia","About 42,366 pilgrims had Srivari darshan from 3am to 6pm on Jan 17",https://news.tirumala.org/about-42366-pilgrims-had-srivari-darshan-from-3am-to-6pm-on-jan-17/
2018-01-18,42896,54430,2018-01-18 18:41:36,month_day_year_inferred@title,13,"and waiting hours details - Sarva darshan (free darshan) Line Outside / 13 Hours, Special","About 42,896 pilgrims had Srivari darshan from 3am to 6pm on Jan 18",https://news.tirumala.org/sarva-darshan-free-darshan-31-compartments-13-hours-special-entry-darshan-rs-300-darshan-direct/
2018-01-19,42111,54475,2018-01-19 18:30:21,month_day_year_inferred@title,,"and waiting hours details - Sarva darshan (free darshan) 43 Compartments / 14 Hours, Speci","About 42,111 pilgrims had Srivari darshan from 3am to 6pm on Jan 19",https://news.tirumala.org/sarva-darshan-free-darshan-43-compartments-14-hours-special-entry-darshan-rs-300-darshan-direct/
2018-01-20,53042,54482,2018-01-20 18:52:57,month_day_year_inferred@title,12,"and waiting hours details - Sarva darshan (free darshan) Line Outside / 12 Hours, Special","About 53,042 pilgrims had Srivari darshan from 3am to 6pm on Jan 20",https://news.tirumala.org/about-53042-pilgrims-had-srivari-darshan-from-3am-to-6pm-on-jan-20/
2018-01-21,54549,54486,2018-01-21 18:55:56,month_day_year_inferred@title,,"and waiting hours details - Sarva darshan (free darshan) 29 Compartments / 12 Hours, Speci","About 54,549 pilgrims had Srivari darshan from 3am to 6pm on Jan 21",https://news.tirumala.org/about-54549-pilgrims-had-srivari-darshan-from-3am-to-6pm-on-jan-21/
2018-01-22,47005,54491,2018-01-22 05:58:37,month_day_year_inferred@title,,"and waiting hours details - Sarva darshan (free darshan) 29 Compartments / 10 Hours, Speci","About 47,005 pilgrims had Srivari darshan from 3am to 6pm on Jan 22",https://news.tirumala.org/about-47005-pilgrims-had-srivari-darshan-from-3am-to-6pm-on-jan-22/
2018-01-24,62273,54717,2018-01-24 19:19:43,month_day_year_inferred@title,,"and waiting hours details - Sarva darshan (free darshan) 12 Compartments / 4 Hours, Specia","About 62,273 pilgrims had Srivari darshan from 3am to 6pm on Jan 24",https://news.tirumala.org/sarva-darshan-free-darshan-12-compartments-4-hours-special-entry-darshan-rs-300-darshan-direct/
2018-01-25,41782,54781,2018-01-25 19:30:33,month_day_year_inferred@title,8,"and waiting hours details - Sarva darshan (free darshan) Line Outside / 8 Hours, Special E","About 41,782 pilgrims had Srivari darshan from 3am to 6pm on Jan 25",https://news.tirumala.org/sarva-darshan-free-darshan-line-outside-8-hours-special-entry-darshan-rs-300-darshan-direct/
2018-01-26,38118,54883,2018-01-26 18:34:50,month_day_year_inferred@title,14,"and waiting hours details - Sarva darshan (free darshan) Line Outside / 14 Hours, Special","About 38,118 pilgrims had Srivari darshan from 3am to 6pm on Jan 26",https://news.tirumala.org/sarva-darshan-free-darshan-line-outside-14-hours-special-entry-darshan-rs-300-darshan-direct/
2018-01-27,53849,54917,2018-01-27 18:48:05,month_day_year_inferred@title,12,"and waiting hours details - Sarva darshan (free darshan) Line Outside / 12 Hours, Special","About 53,849 pilgrims had Srivari darshan from 3am to 6pm on Jan 27",https://news.tirumala.org/sarva-darshan-free-darshan-line-outside-12-hours-special-entry-darshan-rs-300-darshan-direct-2/
2018-01-28,55545,55000,2018-01-28 18:40:05,month_day_year_inferred@title,10,"and waiting hours details - Sarva darshan (free darshan) Line Outside / 10 Hours, Special","About 55,545 pilgrims had Srivari darshan from 3am to 6pm on Jan 28",https://news.tirumala.org/about-55545-pilgrims-had-srivari-darshan-from-3am-to-6pm-on-jan-28/
2018-01-29,43631,55041,2018-01-29 18:34:24,month_day_year_inferred@title,,"and waiting hours details - Sarva darshan (free darshan) 19 Compartments / 5 Hours, Specia","About 43,631 pilgrims had Srivari darshan from 3am to 6pm on Jan 29",https://news.tirumala.org/sarva-darshan-free-darshan-19-compartments-5-hours-special-entry-darshan-rs-300-darshan-direct/
2018-01-30,39091,55079,2018-01-30 22:16:54,month_day_year_inferred@title,,"and waiting hours details - Sarva darshan (free darshan) 16 Compartments / 6 Hours, Specia","About 39,091 pilgrims had Srivari darshan from 3am to 6pm on Jan 30",https://news.tirumala.org/about-39091-pilgrims-had-srivari-darshan-from-3am-to-6pm-on-jan-30/
2018-02-01,40791,55175,2018-02-01 18:43:46,month_day_year_inferred@title,,"and waiting hours details - Sarva darshan (free darshan) 6 Compartments / 4 Hours, Special","About 40,791 pilgrims had Srivari darshan from 3am to 6pm on Feb 1",https://news.tirumala.org/sarva-darshan-free-darshan-6-compartments-4-hours-special-entry-darshan-rs-300-darshan-direct/
2018-02-02,38975,55219,2018-02-02 18:26:25,month_day_year_inferred@title,,"and waiting hours details - Sarva darshan (free darshan) 18 Compartments / 5 Hours, Specia","About 38,975 pilgrims had Srivari darshan from 3am to 6pm on Feb 2",https://news.tirumala.org/sarva-darshan-free-darshan-18-compartments-5-hours-special-entry-darshan-rs-300-darshan-direct/
2018-02-03,47914,55228,2018-02-03 18:28:41,month_day_year_inferred@title,,"and waiting hours details - Sarva darshan (free darshan) 18 Compartments / 6 Hours, Specia","About 47,914 pilgrims had Srivari darshan from 3am to 6pm on Feb 3",https://news.tirumala.org/about-47914-pilgrims-had-srivari-darshan-from-3am-to-6pm-on-feb-3/
2018-02-04,52271,55245,2018-02-04 18:51:24,month_day_year_inferred@title,,"and waiting hours details - Sarva darshan (free darshan) 6 Compartments / 5 Hours, Special","About 52,271 pilgrims had Srivari darshan from 3am to 6pm on Feb 4",https://news.tirumala.org/about-52271-pilgrims-had-srivari-darshan-from-3am-to-6pm-on-feb-4/
2018-02-05,46223,55280,2018-02-05 19:27:17,month_day_year_inferred@title,,"and waiting hours details - Sarva darshan (free darshan) 17 Compartments / 6 Hours, Specia","About 46,223 pilgrims had Srivari darshan from 3am to 6pm on Feb 5",https://news.tirumala.org/sarva-darshan-free-darshan-17-compartments-6-hours-special-entry-darshan-rs-300-darshan-direct/
2018-02-06,44045,55361,2018-02-06 18:36:16,month_day_year_inferred@title,,"and waiting hours details - Sarva darshan (free darshan) 27 Compartments / 8 Hours, Specia","About 44,045 pilgrims had Srivari darshan from 3am to 6pm on Feb 6",https://news.tirumala.org/about-44045-pilgrims-had-srivari-darshan-from-3am-to-6pm-on-feb-6/
2018-02-07,38241,55436,2018-02-07 19:11:38,month_day_year_inferred@title,,"and waiting hours details - Sarva darshan (free darshan) 26 Compartments / 8 Hours, Specia","About 38,241 pilgrims had Srivari darshan from 3am to 6pm on Feb 7",https://news.tirumala.org/sarva-darshan-free-darshan-26-compartments-8-hours-special-entry-darshan-rs-300-darshan-direct/
2018-02-08,38704,55513,2018-02-08 18:44:00,month_day_year_inferred@title,,"and waiting hours details - Sarva darshan (free darshan) 31 Compartments / 9 Hours, Specia","About 38,704 pilgrims had Srivari darshan from 3am to 6pm on Feb 8",https://news.tirumala.org/sarva-darshan-free-darshan-31-compartments-9-hours-special-entry-darshan-rs-300-darshan-direct/
2018-02-09,39197,55633,2018-02-09 18:57:53,month_day_year_inferred@title,,"and waiting hours details - Sarva darshan (free darshan) 26 Compartments / 7 Hours, Specia","About 39,197 pilgrims had Srivari darshan from 3am to 6pm on Feb 9",https://news.tirumala.org/sarva-darshan-free-darshan-26-compartments-7-hours-special-entry-darshan-rs-300-darshan-direct/
2018-02-10,48570,55738,2018-02-10 18:37:21,month_day_year_inferred@title,,"and waiting hours details - Sarva darshan (free darshan) 27 Compartments / 8 Hours, Specia","About 48,570 pilgrims had Srivari darshan from 3am to 6pm on Feb 10",https://news.tirumala.org/sarva-darshan-free-darshan-27-compartments-8-hours-special-entry-darshan-rs-300-darshan-direct-2/
2018-02-11,48365,55789,2018-02-11 18:41:48,month_day_year_inferred@title,,"and waiting hours details - Sarva darshan (free darshan) 28 Compartments / 9 Hours, Specia","About 48,365 pilgrims had Srivari darshan from 3am to 6pm on Feb 11",https://news.tirumala.org/sarva-darshan-free-darshan-28-compartments-9-hours-special-entry-darshan-rs-300-darshan-direct/
2018-02-12,46920,55874,2018-02-12 18:35:23,month_day_year_inferred@title,,"and waiting hours details - Sarva darshan (free darshan) 19 Compartments / 7 Hours, Specia","About 46,920 pilgrims had Srivari darshan from 3am to 6pm on Feb 12",https://news.tirumala.org/sarva-darshan-free-darshan-19-compartments-7-hours-special-entry-darshan-rs-300-darshan-direct/
2018-02-13,43524,55945,2018-02-13 19:36:00,month_day_year_inferred@title,,"and waiting hours details - Sarva darshan (free darshan) 24 Compartments / 8 Hours, Specia","About 43,524 pilgrims had Srivari darshan from 3am to 6pm on Feb 13",https://news.tirumala.org/sarva-darshan-free-darshan-24-compartments-8-hours-special-entry-darshan-rs-300-darshan-direct/
2018-02-15,39397,56069,2018-02-15 19:04:38,month_day_year_inferred@title,,"and waiting hours details - Sarva darshan (free darshan) 9 Compartments / 5 Hours, Special","About 39,397 pilgrims had Srivari darshan from 3am to 6pm on Feb 15",https://news.tirumala.org/sarva-darshan-free-darshan-9-compartments-5-hours-special-entry-darshan-rs-300-darshan-direct/
2018-02-16,39455,56100,2018-02-16 18:39:16,month_day_year_inferred@title,,"and waiting hours details - Sarva darshan (free darshan) 15 Compartments / 5 Hours, Specia","About 39,455 pilgrims had Srivari darshan from 3am to 6pm on Feb 16",https://news.tirumala.org/about-39455-pilgrims-had-srivari-darshan-from-3am-to-6pm-on-feb-16/
2018-02-17,49265,56139,2018-02-17 19:10:56,month_day_year_inferred@title,,"and waiting hours details - Sarva darshan (free darshan) 24 Compartments / 6 Hours, Specia","About 49,265 pilgrims had Srivari darshan from 3am to 6pm on Feb 17",https://news.tirumala.org/about-49265-pilgrims-had-srivari-darshan-from-3am-to-6pm-on-feb-17/
2018-02-18,47894,56179,2018-02-18 20:21:43,month_day_year_inferred@title,,"and waiting hours details - Sarva darshan (free darshan) 25 Compartments / 7 Hours, Specia","About 47,894 pilgrims had Srivari darshan from 3am to 6pm on Feb 18",https://news.tirumala.org/sarva-darshan-free-darshan-25-compartments-7-hours-special-entry-darshan-rs-300-darshan-direct/
2018-02-19,47535,56215,2018-02-19 18:39:55,month_day_year_inferred@title,,"and waiting hours details - Sarva darshan (free darshan) 20 Compartments / 6 Hours, Specia","About 47,535 pilgrims had Srivari darshan from 3am to 6pm on Feb 19",https://news.tirumala.org/about-47535-pilgrims-had-srivari-darshan-from-3am-to-6pm-on-feb-19/
2018-02-20,43719,56217,2018-02-20 18:40:50,month_day_year_inferred@title,,"and waiting hours details - Sarva darshan (free darshan) 20 Compartments / 5 Hours, Specia","About 43,719 pilgrims had Srivari darshan from 3am to 6pm on Feb 20",https://news.tirumala.org/sarva-darshan-free-darshan-20-compartments-5-hours-special-entry-darshan-rs-300-darshan-direct/
2018-02-21,36126,56229,2018-02-21 18:34:22,month_day_year_inferred@title,,"and waiting hours details - Sarva darshan (free darshan) 25 Compartments / 7 Hours, Specia","About 36,126 pilgrims had Srivari darshan from 3am to 6pm on Feb 21",https://news.tirumala.org/sarva-darshan-free-darshan-25-compartments-7-hours-special-entry-darshan-rs-300-darshan-direct-2/
2018-02-22,38072,56247,2018-02-22 18:37:43,month_day_year_inferred@title,,"and waiting hours details - Sarva darshan (free darshan) 26 Compartments / 8 Hours, Specia","About 38,072 pilgrims had Srivari darshan from 3am to 6pm on Feb 22",https://news.tirumala.org/sarva-darshan-free-darshan-26-compartments-8-hours-special-entry-darshan-rs-300-darshan-direct-2/
2018-02-23,37878,56322,2018-02-23 18:28:47,month_day_year_inferred@title,,"and waiting hours details - Sarva darshan (free darshan) 24 Compartments / 6 Hours, Specia","About 37,878 pilgrims had Srivari darshan from 3am to 6pm on Feb 23",https://news.tirumala.org/about-37878-pilgrims-had-srivari-darshan-from-3am-to-6pm-on-feb-23/
2018-02-24,47386,56318,2018-02-24 18:26:08,month_day_year_inferred@title,,"and waiting hours details - Sarva darshan (free darshan) 26 Compartments / 7 Hours, Specia","About 47,386 pilgrims had Srivari darshan from 3am to 6pm on Feb 24",https://news.tirumala.org/about-47386-pilgrims-had-srivari-darshan-from-3am-to-6pm-on-feb-24/
2018-02-25,45985,56320,2018-02-25 18:27:12,month_day_year_inferred@title,,"and waiting hours details - Sarva darshan (free darshan) 24 Compartments / 8 Hours, Specia","About 45,985 pilgrims had Srivari darshan from 3am to 6pm on Feb 25",https://news.tirumala.org/about-45985-pilgrims-had-srivari-darshan-from-3am-to-6pm-on-feb-25/
2018-02-26,47637,56352,2018-02-26 18:11:29,month_day_year_inferred@title,,"and waiting hours details - Sarva darshan (free darshan) 20 Compartments / 6 Hours, Specia","About 47,637 pilgrims had Srivari darshan from 3am to 6pm on Feb 26",https://news.tirumala.org/sarva-darshan-free-darshan-20-compartments-6-hours-special-entry-darshan-rs-300-darshan-direct/
2018-02-27,42157,56417,2018-02-27 18:28:40,month_day_year_inferred@title,,"and waiting hours details - Sarva darshan (free darshan) 26 Compartments / 6 Hours, Specia","About 42,157 pilgrims had Srivari darshan from 3am to 6pm on Feb 27",https://news.tirumala.org/sarva-darshan-free-darshan-26-compartments-6-hours-special-entry-darshan-rs-300-darshan-direct/
2018-02-28,38985,56456,2018-02-28 18:34:52,month_day_year_inferred@title,,"and waiting hours details - Sarva darshan (free darshan) 16 Compartments / 6 Hours, Specia","About 38,985 pilgrims had Srivari darshan from 3am to 6pm on Feb 28",https://news.tirumala.org/sarva-darshan-free-darshan-16-compartments-6-hours-special-entry-darshan-rs-300-darshan-direct/
2018-03-01,39962,56544,2018-03-01 18:31:50,month_day_year_inferred@title,,"and waiting hours details - Sarva darshan (free darshan) 20 Compartments / 7 Hours, Specia","About 39,962 pilgrims had Srivari darshan from 3am to 6pm on March 1",https://news.tirumala.org/about-39962-pilgrims-had-srivari-darshan-from-3am-to-6pm-on-march-1-2/
2018-03-02,39989,56507,2018-03-02 18:38:33,month_day_year_inferred@title,,"and waiting hours details - Sarva darshan (free darshan) 23 Compartments / 6 Hours, Specia","About 39,989 pilgrims had Srivari darshan from 3am to 6pm on March 2",https://news.tirumala.org/about-39962-pilgrims-had-srivari-darshan-from-3am-to-6pm-on-march-1/
2018-03-03,48960,56550,2018-03-03 18:16:31,month_day_year_inferred@title,,"and waiting hours details - Sarva darshan (free darshan) 23 Compartments / 8 Hours, Specia","About 48,960 pilgrims had Srivari darshan from 3am to 6pm on March 3",https://news.tirumala.org/sarva-darshan-free-darshan-23-compartments-8-hours-special-entry-darshan-rs-300-darshan-direct/
2018-03-04,50407,56573,2018-03-04 18:18:43,month_day_year_inferred@title,,"and waiting hours details - Sarva darshan (free darshan) 21 Compartments / 6 Hours, Specia","About 50,407 pilgrims had Srivari darshan from 3am to 6pm on March 4",https://news.tirumala.org/about-50407-pilgrims-had-srivari-darshan-from-3am-to-6pm-on-march-4/
2018-03-05,46354,56602,2018-03-05 18:54:31,month_day_year_inferred@title,,"and waiting hours details - Sarva darshan (free darshan) 10 Compartments / 5 Hours, Specia","About 46,354 pilgrims had Srivari darshan from 3am to 6pm on March 5",https://news.tirumala.org/sarva-darshan-free-darshan-10-compartments-5-hours-special-entry-darshan-rs-300-darshan-direct/
2018-03-06,42562,56616,2018-03-06 18:33:56,month_day_year_inferred@title,,"and waiting hours details - Sarva darshan (free darshan) 22 Compartments / 8 Hours, Specia","About 42,562 pilgrims had Srivari darshan from 3am to 6pm on March 6",https://news.tirumala.org/about-42562-pilgrims-had-srivari-darshan-from-3am-to-6pm-on-march-6/
2018-03-07,39507,56633,2018-03-07 18:50:51,month_day_year_inferred@title,,"and waiting hours details - Sarva darshan (free darshan) 14 Compartments / 5 Hours, Specia","About 39,507 pilgrims had Srivari darshan from 3am to 6pm on March 7",https://news.tirumala.org/sarva-darshan-free-darshan-14-compartments-5-hours-special-entry-darshan-rs-300-darshan-direct/
2018-03-08,36246,56677,2018-03-08 18:21:06,month_day_year_inferred@title,,"and waiting hours details - Sarva darshan (free darshan) 24 Compartments / 6 Hours, Specia","About 36,246 pilgrims had Srivari darshan from 3am to 6pm on March 8",https://news.tirumala.org/about-36246-pilgrims-had-srivari-darshan-from-3am-to-6pm-on-march-8/
2018-03-09,33997,56689,2018-03-09 19:01:19,month_day_year_inferred@title,,"and waiting hours details - Sarva darshan (free darshan) 25 Compartments / 7 Hours, Specia","About 33,997 pilgrims had Srivari darshan from 3am to 6pm on March 9",https://news.tirumala.org/sarva-darshan-free-darshan-25-compartments-7-hours-special-entry-darshan-rs-300-darshan-direct-3/
2018-03-10,48292,56720,2018-03-10 18:15:23,month_day_year_inferred@title,,"and waiting hours details - Sarva darshan (free darshan) 27 Compartments / 8 Hours, Specia","About 48,292 pilgrims had Srivari darshan from 3am to 6pm on March 10",https://news.tirumala.org/about-48292-pilgrims-had-srivari-darshan-from-3am-to-6pm-on-march-10/
2018-03-11,50337,56756,2018-03-11 19:03:16,month_day_year_inferred@title,,"and waiting hours details - Sarva darshan (free darshan) 27 Compartments / 12 Hours, Speci","About 50,337 pilgrims had Srivari darshan from 3am to 6pm on March 11",https://news.tirumala.org/about-50337-pilgrims-had-srivari-darshan-from-3am-to-6pm-on-march-11/
2018-03-12,47649,56783,2018-03-12 18:27:23,month_day_year_inferred@title,,"and waiting hours details - Sarva darshan (free darshan) 29 Compartments / 10 Hours, Speci","About 47,649 pilgrims had Srivari darshan from 3am to 6pm on March 12",https://news.tirumala.org/sarva-darshan-free-darshan-29-compartments-10-hours-special-entry-darshan-rs-300-darshan-direct/
2018-03-13,41302,56866,2018-03-13 18:27:15,month_day_year_inferred@title,,"and waiting hours details - Sarva darshan (free darshan) 31 Compartments / 10 Hours, Speci","About 41,302 pilgrims had Srivari darshan from 3am to 6pm on March 13",https://news.tirumala.org/sarva-darshan-free-darshan-31-compartments-10-hours-special-entry-darshan-rs-300-darshan-direct/
2018-03-14,42065,56936,2018-03-14 18:40:45,month_day_year_inferred@title,,"and waiting hours details - Sarva darshan (free darshan) 31 Compartments / 10 Hours, Speci","About 42,065 pilgrims had Srivari darshan from 3am to 6pm on March 14",https://news.tirumala.org/sarva-darshan-free-darshan-31-compartments-10-hours-special-entry-darshan-rs-300-darshan-direct-2/
2018-03-15,43685,56992,2018-03-15 19:27:36,month_day_year_inferred@title,,"and waiting hours details - Sarva darshan (free darshan) 29 Compartments / 9 Hours, Specia","About 43,685 pilgrims had Srivari darshan from 3am to 6pm on March 15",https://news.tirumala.org/sarva-darshan-free-darshan-29-compartments-9-hours-special-entry-darshan-rs-300-darshan-direct/
2018-03-16,40129,57041,2018-03-16 18:39:50,month_day_year_inferred@title,,"and waiting hours details - Sarva darshan (free darshan) 20 Compartments / 7 Hours, Specia","About 40,129 pilgrims had Srivari darshan from 3am to 6pm on March 16",https://news.tirumala.org/sarva-darshan-free-darshan-20-compartments-7-hours-special-entry-darshan-rs-300-darshan-direct-2/
2018-03-17,49891,57100,2018-03-17 18:09:59,month_day_year_inferred@title,,"and waiting hours details - Sarva darshan (free darshan) 11 Compartments / 5 Hours, Specia","About 49,891 pilgrims had Srivari darshan from 3am to 6pm on March 17",https://news.tirumala.org/sarva-darshan-free-darshan-11-compartments-5-hours-special-entry-darshan-rs-300-darshan-direct/
2018-03-18,40989,57177,2018-03-18 18:52:59,month_day_year_inferred@title,,"and waiting hours details - Sarva darshan (free darshan) 29 Compartments / 8 Hours, Specia","About 40,989 pilgrims had Srivari darshan from 3am to 6pm on March 18",https://news.tirumala.org/sarva-darshan-free-darshan-29-compartments-8-hours-special-entry-darshan-rs-300-darshan-direct/
2018-03-19,50194,57220,2018-03-19 18:59:14,month_day_year_inferred@title,,"and waiting hours details - Sarva darshan (free darshan) 19 Compartments / 5 Hours, Specia","About 50,194 pilgrims had Srivari darshan from 3am to 6pm on March 19",https://news.tirumala.org/sarva-darshan-free-darshan-19-compartments-5-hours-special-entry-darshan-rs-300-darshan-direct-2/
2018-03-20,44167,57288,2018-03-20 18:56:12,month_day_year_inferred@title,,"and waiting hours details - Sarva darshan (free darshan) 27 Compartments / 7 Hours, Specia","About 44,167 pilgrims had Srivari darshan from 3am to 6pm on March 20",https://news.tirumala.org/about-44167-pilgrims-had-srivari-darshan-from-3am-to-6pm-on-march-20/
2018-03-21,37063,57380,2018-03-21 18:48:10,month_day_year_inferred@title,,"and waiting hours details - Sarva darshan (free darshan) 31 Compartments / 8 Hours, Specia","About 37,063 pilgrims had Srivari darshan from 3am to 6pm on March 21",https://news.tirumala.org/about-37063-pilgrims-had-srivari-darshan-from-3am-to-6pm-on-march-21/
2018-03-22,42778,57398,2018-03-22 19:00:27,month_day_year_inferred@title,,"and waiting hours details - Sarva darshan (free darshan) 31 Compartments / 8 Hours, Specia","About 42,778 pilgrims had Srivari darshan from 3am to 6pm on March 22",https://news.tirumala.org/about-42778-pilgrims-had-srivari-darshan-from-3am-to-6pm-on-march-22/
2018-03-23,39515,57454,2018-03-23 18:43:21,month_day_year_inferred@title,,"and waiting hours details - Sarva darshan (free darshan) 29 Compartments / 8 Hours, Specia","About 39,515 pilgrims had Srivari darshan from 3am to 6pm on March 23",https://news.tirumala.org/sarva-darshan-free-darshan-29-compartments-8-hours-special-entry-darshan-rs-300-darshan-direct-2/
2018-03-24,52860,57504,2018-03-24 19:23:50,month_day_year_inferred@title,,"and waiting hours details - Sarva darshan (free darshan) 28 Compartments / 9 Hours, Specia","About 52,860 pilgrims had Srivari darshan from 3am to 6pm on March 24",https://news.tirumala.org/sarva-darshan-free-darshan-28-compartments-9-hours-special-entry-darshan-rs-300-darshan-direct-2/
2018-03-26,47254,57697,2018-03-26 18:51:41,month_day_year_inferred@title,,"and waiting hours details - Sarva darshan (free darshan) 20 Compartments / 7 Hours, Specia","About 47,254 pilgrims had Srivari darshan from 3am to 6pm on March 26",https://news.tirumala.org/about-47254-pilgrims-had-srivari-darshan-from-3am-to-6pm-on-march-26/
2018-03-27,43393,57730,2018-03-27 18:38:10,month_day_year_inferred@title,,"and waiting hours details - Sarva darshan (free darshan) 23 Compartments / 6 Hours, Specia","About 43,393 pilgrims had Srivari darshan from 3am to 6pm on March 27",https://news.tirumala.org/sarva-darshan-free-darshan-23-compartments-6-hours-special-entry-darshan-rs-300-darshan-direct/
2018-03-28,45386,57841,2018-03-28 18:14:35,month_day_year_inferred@title,,"and waiting hours details - Sarva darshan (free darshan) 27 Compartments / 7 Hours, Specia","About 45,386 pilgrims had Srivari darshan from 3am to 6pm on March 28.",https://news.tirumala.org/about-45386-pilgrims-had-srivari-darshan-from-3am-to-6pm-on-march-28/
2018-03-29,41186,57943,2018-03-29 18:41:58,month_day_year_inferred@title,,"and waiting hours details - Sarva darshan (free darshan) 29 Compartments / 14 Hours, Speci","About 41,186 pilgrims had Srivari darshan from 3am to 6pm on March 29",https://news.tirumala.org/sarva-darshan-free-darshan-29-compartments-14-hours-special-entry-darshan-rs-300-darshan-direct/
2018-03-30,52865,58102,2018-03-30 18:29:58,month_day_year_inferred@title,,"and waiting hours details - Sarva darshan (free darshan) 31 Compartments / 12 Hours, Speci","About 52,865 pilgrims had Srivari darshan from 3am to 6pm on March 30",https://news.tirumala.org/about-52865-pilgrims-had-srivari-darshan-from-3am-to-6pm-on-march-30/
2018-03-31,54542,58107,2018-03-31 18:22:53,month_day_year_inferred@title,,"and waiting hours details - Sarva darshan (free darshan) 26 Compartments / 14 Hours, Speci","About 54,542 pilgrims had Srivari darshan from 3am to 6pm on March 31",https://news.tirumala.org/about-54542-pilgrims-had-srivari-darshan-from-3am-to-6pm-on-march-31/
2018-04-01,53527,58167,2018-04-01 20:29:47,month_day_year_inferred@title,,and waiting hours details - Sarva darshan (free darshan) 31 Compartments- Line Outside / 1,"About 53,527 pilgrims had Srivari darshan from 3am to 6pm on April 1",https://news.tirumala.org/about-53527-pilgrims-had-srivari-darshan-from-3am-to-6pm-on-april-1/
2018-04-02,50685,58208,2018-04-02 20:31:12,month_day_year_inferred@title,,"and waiting hours details - Sarva darshan (free darshan) 11 Compartments / 5 Hours, Specia","About 50,685 pilgrims had Srivari darshan from 3am to 6pm on April 2.",https://news.tirumala.org/about-50685-pilgrims-had-srivari-darshan-from-3am-to-6pm-on-april-2/
2018-04-03,46655,58227,2018-04-03 18:28:35,month_day_year_inferred@title,,"and waiting hours details - Sarva darshan (free darshan) 16 Compartments / 6 Hours, Specia","About 46,655 pilgrims had Srivari darshan from 3am to 6pm on April 3",https://news.tirumala.org/sarva-darshan-free-darshan-16-compartments-6-hours-special-entry-darshan-rs-300-darshan-direct-2/
2018-04-04,39363,58302,2018-04-04 18:49:50,month_day_year_inferred@title,,"and waiting hours details - Sarva darshan (free darshan) 15 Compartments / 6 Hours, Specia","About 39,363 pilgrims had Srivari darshan from 3am to 6pm on April 4",https://news.tirumala.org/about-39363-pilgrims-had-srivari-darshan-from-3am-to-6pm-on-april-4/
2018-04-05,37353,58307,2018-04-05 18:51:48,month_day_year_inferred@title,,"and waiting hours details - Sarva darshan (free darshan) 29 Compartments / 8 Hours, Specia","About 37,353 pilgrims had Srivari darshan from 3am to 6pm on April 5",https://news.tirumala.org/about-37353-pilgrims-had-srivari-darshan-from-3am-to-6pm-on-april-5/
2018-04-06,45518,58391,2018-04-06 18:42:44,month_day_year_inferred@title,,"and waiting hours details - Sarva darshan (free darshan) 11 Compartments / 5 Hours, Specia","About 45,518 pilgrims had Srivari darshan from 3am to 6pm on April 6",https://news.tirumala.org/about-45518-pilgrims-had-srivari-darshan-from-3am-to-6pm-on-april-6/
2018-04-07,49786,58349,2018-04-07 18:40:45,month_day_year_inferred@title,,"and waiting hours details - Sarva darshan (free darshan) 28 Compartments / 8 Hours, Specia","About 49,786 pilgrims had Srivari darshan from 3am to 6pm on April 7.",https://news.tirumala.org/about-49786-pilgrims-had-srivari-darshan-from-3am-to-6pm-on-april-7/
2018-04-08,52194,58415,2018-04-08 18:50:37,month_day_year_inferred@title,,"and waiting hours details - Sarva darshan (free darshan) 26 Compartments / 8 Hours, Specia","About 52,194 pilgrims had Srivari darshan from 3am to 6pm on April 8",https://news.tirumala.org/about-52194-pilgrims-had-srivari-darshan-from-3am-to-6pm-on-april-8/
2018-04-09,49361,58430,2018-04-09 18:57:32,month_day_year_inferred@title,,"and waiting hours details - Sarva darshan (free darshan) 9 Compartments / 5 Hours, Special","About 49,361 pilgrims had Srivari darshan from 3am to 6pm on April 9",https://news.tirumala.org/sarva-darshan-free-darshan-9-compartments-5-hours-special-entry-darshan-rs-300-darshan-direct-2/
2018-04-10,44287,58458,2018-04-10 18:36:13,month_day_year_inferred@title,,"and waiting hours details - Sarva darshan (free darshan) 14 Compartments / 6 Hours, Specia","About 44,287 pilgrims had Srivari darshan from 3am to 6pm on April 10",https://news.tirumala.org/sarva-darshan-free-darshan-14-compartments-6-hours-special-entry-darshan-rs-300-darshan-direct-2/
2018-04-11,38944,58491,2018-04-11 18:34:18,month_day_year_inferred@title,,"and waiting hours details - Sarva darshan (free darshan) 20 Compartments / 6 Hours, Specia","About 38,944 pilgrims had Srivari darshan from 3am to 6pm on April 11",https://news.tirumala.org/sarva-darshan-free-darshan-20-compartments-6-hours-special-entry-darshan-rs-300-darshan-direct-2/
2018-04-12,39174,58540,2018-04-12 19:25:28,month_day_year_inferred@title,,"and waiting hours details - Sarva darshan (free darshan) 27 Compartments / 7 Hours, Specia","About 39,174 pilgrims had Srivari darshan from 3am to 6pm on April 12",https://news.tirumala.org/sarva-darshan-free-darshan-27-compartments-7-hours-special-entry-darshan-rs-300-darshan-direct/
2018-04-13,39886,58570,2018-04-13 18:21:04,month_day_year_inferred@title,,"and waiting hours details - Sarva darshan (free darshan) 28 Compartments / 7 Hours, Specia","About 39,886 pilgrims had Srivari darshan from 3am to 6pm on April 13",https://news.tirumala.org/sarva-darshan-free-darshan-28-compartments-7-hours-special-entry-darshan-rs-300-darshan-direct/
2018-04-14,54861,58595,2018-04-14 18:16:29,month_day_year_inferred@title,,"and waiting hours details - Sarva darshan (free darshan) 31 Compartments / 16 Hours, Speci","About 54,861 pilgrims had Srivari darshan from 3am to 6pm on April 14",https://news.tirumala.org/about-54861-pilgrims-had-srivari-darshan-from-3am-to-6pm-on-april-14/
2018-04-15,64804,58629,2018-04-15 19:23:40,month_day_year_inferred@title,,"and waiting hours details - Sarva darshan (free darshan) 29 Compartments / 12 Hours, Speci","About 64,804 pilgrims had Srivari darshan from 3am to 6pm on April 15",https://news.tirumala.org/sarva-darshan-free-darshan-29-compartments-12-hours-special-entry-darshan-rs-300-darshan-direct/
2018-04-16,54189,58661,2018-04-16 19:47:47,month_day_year_inferred@title,,"and waiting hours details - Sarva darshan (free darshan) 31 Compartments / 10 Hours, Speci","About 54,189 pilgrims had Srivari darshan from 3am to 6pm on April 16",https://news.tirumala.org/sarva-darshan-free-darshan-31-compartments-10-hours-special-entry-darshan-rs-300-darshan-direct-3/
2018-04-17,46757,58691,2018-04-17 18:48:08,month_day_year_inferred@title,,"and waiting hours details - Sarva darshan (free darshan) 12 Compartments / 6 Hours, Specia","About 46,757 pilgrims had Srivari darshan from 3am to 6pm on April 17",https://news.tirumala.org/about-46757-pilgrims-had-srivari-darshan-from-3am-to-6pm-on-april-17/
2018-04-18,37463,58706,2018-04-18 18:45:42,month_day_year_inferred@title,,"and waiting hours details - Sarva darshan (free darshan) 22 Compartments / 7 Hours, Specia","About 37,463 pilgrims had Srivari darshan from 3am to 6pm on April 18",https://news.tirumala.org/sarva-darshan-free-darshan-22-compartments-7-hours-special-entry-darshan-rs-300-darshan-direct/
2018-04-19,37675,58751,2018-04-19 18:18:31,month_day_year_inferred@title,,"and waiting hours details - Sarva darshan (free darshan) 23 Compartments / 7 Hours, Specia","About 37,675 pilgrims had Srivari darshan from 3am to 6pm on April 19",https://news.tirumala.org/sarva-darshan-free-darshan-23-compartments-7-hours-special-entry-darshan-rs-300-darshan-direct/
2018-04-20,38029,58754,2018-04-20 18:37:13,month_day_year_inferred@title,,"and waiting hours details - Sarva darshan (free darshan) 22 Compartments / 7 Hours, Specia","About 38,029 pilgrims had Srivari darshan from 3am to 6pm on April 20",https://news.tirumala.org/about-38029-pilgrims-had-srivari-darshan-from-3am-to-6pm-on-april-20/
2018-04-21,52950,58801,2018-04-21 18:21:43,month_day_year_inferred@body,,"and waiting hours details - Sarva darshan (free darshan) 22 Compartments / 5 Hours, Specia","Sarva darshan (free darshan) 22 Compartments / 5 Hours, Special Entry darshan (Rs.300 darshan) Direct",https://news.tirumala.org/sarva-darshan-free-darshan-22-compartments-5-hours-special-entry-darshan-rs-300-darshan-direct/
2018-04-22,60717,58847,2018-04-22 18:57:03,month_day_year_inferred@title,,"and waiting hours details - Sarva darshan (free darshan) 20 Compartments / 4 Hours, Specia","About 60,717 pilgrims had Srivari darshan from 3am to 6pm on April 22",https://news.tirumala.org/about-60717-pilgrims-had-srivari-darshan-from-3am-to-6pm-on-april-22/
2018-04-23,48746,58901,2018-04-23 19:01:23,month_day_year_inferred@title,,"and waiting hours details - Sarva darshan (free darshan) 27 Compartments / 7 Hours, Specia","About 48,746 pilgrims had Srivari darshan from 3am to 6pm on April 23",https://news.tirumala.org/about-48746-pilgrims-had-srivari-darshan-from-3am-to-6pm-on-april-23/
2018-04-24,46853,59013,2018-04-24 18:43:43,month_day_year_inferred@title,,"and waiting hours details - Sarva darshan (free darshan) 26 Compartments / 6 Hours, Specia","About 46,853 pilgrims had Srivari darshan from 3am to 6pm on April 24",https://news.tirumala.org/about-46853-pilgrims-had-srivari-darshan-from-3am-to-6pm-on-april-24/
2018-04-25,39038,59015,2018-04-25 18:44:32,month_day_year_inferred@title,,"and waiting hours details - Sarva darshan (free darshan) 31 Compartments / 8 Hours, Specia","About 39,038 pilgrims had Srivari darshan from 3am to 6pm on April 25",https://news.tirumala.org/about-39038-pilgrims-had-srivari-darshan-from-3am-to-6pm-on-april-25/
2018-04-26,40301,59101,2018-04-26 19:08:57,month_day_year_inferred@title,10,"and waiting hours details - Sarva darshan (free darshan) Line Outside / 10 Hours, Special","About 40,301 pilgrims had Srivari darshan from 3am to 6pm on April 26",https://news.tirumala.org/about-40301-pilgrims-had-srivari-darshan-from-3am-to-6pm-on-april-26/
2018-04-27,42425,59137,2018-04-27 19:39:29,month_day_year_inferred@title,10,"and waiting hours details - Sarva darshan (free darshan) Line Outside / 10 Hours, Special","About 42,425 pilgrims had Srivari darshan from 3am to 6pm on April 27",https://news.tirumala.org/sarva-darshan-free-darshan-line-outside-10-hours-special-entry-darshan-rs-300-darshan-direct/
2018-04-28,50668,59210,2018-04-28 19:08:52,month_day_year_inferred@title,14,"and waiting hours details - Sarva darshan (free darshan) Line Outside / 14 Hours, Special","About 50,668 pilgrims had Srivari darshan from 3am to 6pm on April 28",https://news.tirumala.org/sarva-darshan-free-darshan-line-outside-14-hours-special-entry-darshan-rs-300-darshan-direct-2/
2018-04-29,61810,59298,2018-04-29 18:59:56,month_day_year_inferred@title,12,"and waiting hours details - Sarva darshan (free darshan) Line Outside / 12 Hours, Special","About 61,810 pilgrims had Srivari darshan from 3am to 6pm on April 29",https://news.tirumala.org/sarva-darshan-free-darshan-line-outside-12-hours-special-entry-darshan-rs-300-darshan-direct-3/
2018-04-30,46345,59337,2018-04-30 18:19:57,month_day_year_inferred@title,10,"and waiting hours details - Sarva darshan (free darshan) Line Outside / 10 Hours, Special","About 46,345 pilgrims had Srivari darshan from 3am to 6pm on April 30",https://news.tirumala.org/sarva-darshan-free-darshan-line-outside-10-hours-special-entry-darshan-rs-300-darshan-direct-2/
2018-05-01,49801,59376,2018-05-01 18:42:30,month_day_year_inferred@title,,"and waiting hours details - Sarva darshan (free darshan) 31 Compartments / 15 Hours, Speci","About 49,801 pilgrims had Srivari darshan from 3am to 6pm on May 1",https://news.tirumala.org/sarva-darshan-free-darshan-31-compartments-15-hours-special-entry-darshan-rs-300-darshan-direct/
2018-05-02,43257,59469,2018-05-03 16:31:59,month_day_year_inferred@title,12,"and waiting hours details - Sarva darshan (free darshan) Line Outside / 12 Hours, Special","About 43,257 pilgrims had Srivari darshan from 3am to 6pm on May 2",https://news.tirumala.org/about-43257-pilgrims-had-srivari-darshan-from-3am-to-6pm-on-may-2/
2018-05-03,57505,59499,2018-05-03 22:21:31,month_day_year_inferred@title,20,"and waiting hours details - Sarva darshan (free darshan) Line Outside / 20 Hours, Special",About 57.505 pilgrims had Srivari darshan from 3am to 10pm on May 3,https://news.tirumala.org/about-57-505-pilgrims-had-srivari-darshan-from-3am-to-10pm-on-may-3/
2018-05-04,43516,59537,2018-05-04 20:22:06,month_day_year_inferred@title,,"and waiting hours details - Sarva darshan (free darshan) 31 Compartments / 12 Hours, Speci","About 43,516 pilgrims had Srivari darshan from 3am to 10pm on May 4",https://news.tirumala.org/sarva-darshan-free-darshan-31-compartments-12-hours-special-entry-darshan-rs-300-darshan-direct/
2018-05-05,62465,59571,2018-05-05 18:09:13,month_day_year_inferred@title,,"and waiting hours details - Sarva darshan (free darshan) 25 Compartments / 11 Hours, Speci","About 62,465 pilgrims had Srivari darshan from 3am to 10pm on May 5",https://news.tirumala.org/sarva-darshan-free-darshan-25-compartments-11-hours-special-entry-darshan-rs-300-darshan-direct/
2018-05-06,58769,59616,2018-05-06 19:05:17,month_day_year_inferred@title,,"and waiting hours details - Sarva darshan (free darshan) 12 Compartments / 9 Hours, Specia","About 58,769 pilgrims had Srivari darshan from 3am to 10pm on May 6",https://news.tirumala.org/sarva-darshan-free-darshan-12-compartments-9-hours-special-entry-darshan-rs-300-darshan-direct/
2018-05-07,64037,59681,2018-05-07 22:01:56,month_day_year_inferred@title,,"and waiting hours details - Sarva darshan (free darshan) 14 Compartments / 12 Hours, Speci","About 64,037 pilgrims had Srivari darshan from 3am to 10pm on May 7",https://news.tirumala.org/sarva-darshan-free-darshan-14-compartments-12-hours-special-entry-darshan-rs-300-darshan-direct/
2018-05-08,51254,59710,2018-05-08 18:27:36,month_day_year_inferred@title,,"and waiting hours details - Sarva darshan (free darshan) 22 Compartments / 12 Hours, Speci","About 51,254 pilgrims had Srivari darshan from 3am to 10pm on May 8",https://news.tirumala.org/sarva-darshan-free-darshan-22-compartments-12-hours-special-entry-darshan-rs-300-darshan-direct/
2018-05-09,49921,59728,2018-05-09 20:21:06,month_day_year_inferred@title,,"and waiting hours details - Sarva darshan (free darshan) 24 Compartments / 20 Hours, Speci","About 49,921 pilgrims had Srivari darshan from 3am to 10pm on May 9",https://news.tirumala.org/sarva-darshan-free-darshan-24-compartments-20-hours-special-entry-darshan-rs-300-darshan-direct/
2018-05-10,45731,59756,2018-05-10 19:32:25,month_day_year_inferred@title,,"and waiting hours details - Sarva darshan (free darshan) 29 Compartments / 20 Hours, Speci","About 45,731 pilgrims had Srivari darshan from 3am to 10pm on May 10",https://news.tirumala.org/sarva-darshan-free-darshan-29-compartments-20-hours-special-entry-darshan-rs-300-darshan-direct/
2018-05-11,41505,59785,2018-05-11 20:10:36,month_day_year_inferred@title,,"and waiting hours details - Sarva darshan (free darshan) 24 Compartments / 24 Hours, Speci","About 41,505 pilgrims had Srivari darshan from 3am to 10pm on May 11",https://news.tirumala.org/sarva-darshan-free-darshan-24-compartments-24-hours-special-entry-darshan-rs-300-darshan-direct/
2018-05-12,60686,59840,2018-05-12 20:51:01,month_day_year_inferred@title,25,"and waiting hours details - Sarva darshan Token System (free darshan) 25 Hours, Special En","About 60,686 pilgrims had Srivari darshan from 3am to 6pm on May 12",https://news.tirumala.org/59840-2/
2018-07-06,42131,61508,2018-07-06 21:48:26,month_day_year_inferred@title,15,,"About 42,131 Pilgrims had Darshan from 3am to 6pm on July 6",https://news.tirumala.org/about-42131-pilgrims-had-darshan-from-3am-to-6pm-on-july-6/
2018-07-07,65305,61504,2018-07-07 21:43:22,month_day_year_inferred@title,20,,"About 65,305 Pilgrims had Darshan from 3am to 6pm on July 7",https://news.tirumala.org/about-65305-pilgrims-had-darshan-from-3am-to-6pm-on-july-7/
2018-07-08,69800,61498,2018-07-08 21:38:09,month_day_year_inferred@title,20,,"About 69,800 Pilgrims had darshan from 3am to 7pm on July 8",https://news.tirumala.org/total-pilgrims-had-darshan-69800/
2018-07-09,50115,61534,2018-07-09 20:07:44,month_day_year_inferred@title,24,,"About 50,115 Pilgrims had Darshan from 3am to 6pm on July 9",https://news.tirumala.org/about-50115-pilgrims-had-darshan-from-3am-to-6pm-on-july-9/
2018-07-10,48457,61562,2018-07-10 19:16:03,month_day_year_inferred@title,20,VQC-II: 25 compartments,"About 48,457 Pilgrims had Darshan from 3am to 6pm on July 10",https://news.tirumala.org/about-48457-pilgrims-had-darshan-from-3am-to-6pm-on-july-10/
2018-07-11,43469,61612,2018-07-11 18:22:20,month_day_year_inferred@title,16,,"About 43,469 Pilgrims had Darshan from 3am to 6pm on July 11",https://news.tirumala.org/about-43469-pilgrims-had-darshan-from-3am-to-6pm-on-july-11/
2018-07-12,45189,61607,2018-07-12 21:20:14,month_day_year_inferred@title,20,,"About 45,189 Pilgrims had Darshan from 3pm to 6pm on July 12",https://news.tirumala.org/about-45189-pilgrims-had-darshan-on-july-12/
2018-07-13,45327,61621,2018-07-13 18:23:43,month_day_year_inferred@title,20,VQC-II: 31 compartments,"About 45,327 Pilgrims had Darshan from 3am to 6pm on July 13",https://news.tirumala.org/about-45327-pilgrims-had-darshan-from-3am-to-6pm-on-july-13/
2018-07-14,61963,61804,2018-07-14 19:00:06,month_day_year_inferred@title,15,VQC-II: 24 compartments,"About 61,963 Pilgrims had Darshan from 3am to 6pm on July 14",https://news.tirumala.org/about-61963-pilgrims-had-darshan-from-3am-to-6pm-on-july-14/
2018-07-15,62353,61808,2018-07-15 19:06:25,month_day_year_inferred@title,,,"About 62,353 Pilgrims had Darshan from 3am to 6pm on July 15",https://news.tirumala.org/about-62353-pilgrims-had-darshan-from-3am-to-6pm-on-july-15/
2018-07-16,53799,61812,2018-07-16 19:10:28,month_day_year_inferred@title,15,,"About 53,799 Pilgrims had Darshan from 3am to 6pm on July 16",https://news.tirumala.org/about-53799-pilgrims-had-darshan-from-3am-to-6pm-on-july-16/
2018-07-17,51776,61821,2018-07-17 19:29:23,month_day_year_inferred@title,15,VQC-II: 27 compartments,"About 51,776 Pilgrims had Darshan from 3am to 6pm on July 17",https://news.tirumala.org/about-51776-pilgrims-had-darshan-from-3am-to-6pm-on-july-17/
2018-07-18,42786,61826,2018-07-18 19:34:43,month_day_year_inferred@title,24,,"About 42,786 Pilgrims had Darshan from 3am to 6pm on July 18",https://news.tirumala.org/about-42786-pilgrims-had-darshan-from-3am-to-6pm-on-july-18/
2018-07-19,44618,61865,2018-07-19 18:55:39,month_day_year_inferred@title,24,,"About 44,618 Pilgrims had Darshan from 3am to 6pm on July 19",https://news.tirumala.org/about-44618-pilgrims-had-darshan-from-3am-to-6pm-on-july-19/
2018-07-20,4821,61878,2018-07-20 18:56:59,month_day_year_inferred@title,20,VQC-II: 31 compartments,"About 48,21 Pilgrims had Darshan from 3am to 6pm on July 20",https://news.tirumala.org/about-4821-pilgrims-had-darshan-from-3am-to-6pm-on-july-20/
2018-07-21,67057,61892,2018-07-21 20:03:12,month_day_year_inferred@title,20,,"About 67,057 Pilgrims had Darshan from 3am to 6pm on July 21",https://news.tirumala.org/about-67057-pilgrims-had-darshan-from-3am-to-6pm-on-july-21/
2018-07-22,67368,61937,2018-07-22 21:11:11,month_day_year_inferred@title,16,VQC-II: 22 compartments,"About 67,368 Pilgrims had Darshan from 3am to 6pm on July 22",https://news.tirumala.org/about-67368-pilgrims-had-darshan-from-3am-to-6pm-on-july-22/
2018-07-23,53463,61981,2018-07-23 19:13:14,month_day_year_inferred@title,20,,"About 53,463 Pilgrims had Darshan from 3am to 6pm on July 23",https://news.tirumala.org/about-53463-pilgrims-had-darshan-from-3am-to-6pm-on-july-23/
2018-07-24,46574,62056,2018-07-24 19:40:26,month_day_year_inferred@title,24,,"About 46,574 Pilgrims had Darshan from 3am to 6pm on July 24",https://news.tirumala.org/about-46574-pilgrims-had-darshan-from-3am-to-6pm-on-july-24/
2018-07-25,47155,62081,2018-07-25 18:47:14,month_day_year_inferred@title,,,"About 47,155 Pilgrims had Darshan from 3am to 6pm on July 25",https://news.tirumala.org/about-47155-pilgrims-had-darshan-from-3am-to-6pm-on-july-25/
2018-07-26,56263,62109,2018-07-26 18:57:31,month_day_year_inferred@title,,,"About 56,263 Pilgrims had Darshan from 3am to 6pm on July 26",https://news.tirumala.org/about-56263-pilgrims-had-darshan-from-3am-to-6pm-on-july-26/
2018-07-30,54222,62227,2018-07-30 20:54:37,month_day_year_inferred@title,,VQC-II: 28 compartments,"About 54,222 Pilgrims had Darshan from 3am to 6pm on July 30",https://news.tirumala.org/about-43186-pilgrims-had-darshan-from-3am-to-4pm-on-july-30/
2018-07-31,48476,62259,2018-07-31 19:01:31,month_day_year_inferred@title,,,"About 48,476 Pilgrims had Darshan from 3am to 6pm on July 31",https://news.tirumala.org/about-48476-pilgrims-had-darshan-from-3am-to-6pm-on-july-31/
2018-08-01,43039,62296,2018-08-01 19:06:44,month_day_year_inferred@title,20,VQC-II: 31 compartments,"About 43,039 Pilgrims had Darshan from 3am to 6pm on Aug 1",https://news.tirumala.org/about-43039-pilgrims-had-darshan-from-3am-to-6pm-on-aug-1/
2018-08-02,44064,62327,2018-08-02 18:57:09,month_day_year_inferred@title,,VQC-II: 29 compartments,"About 44,064 Pilgrims had Darshan from 3am to 6pm on Aug 2",https://news.tirumala.org/about-44064-pilgrims-had-darshan-from-3am-to-6pm-on-aug-2/
2018-08-04,56109,62401,2018-08-04 19:05:30,month_day_year_inferred@title,14,VQC-II: 17 compartments,"About 56,109 Pilgrims had Darshan from 3am to 6pm on Aug 4",https://news.tirumala.org/about-56109-pilgrims-had-darshan-from-3am-to-6pm-on-aug-4/
2018-08-05,56358,62445,2018-08-05 18:29:43,month_day_year_inferred@title,,VQC-II: 21 compartments,"About 56,358 Pilgrims had Darshan from 3am to 6pm on Aug 5",https://news.tirumala.org/about-56358-pilgrims-had-darshan-from-3am-to-6pm-on-aug-5/
2018-08-06,55052,62453,2018-08-06 18:08:59,month_day_year_inferred@title,14,VQC-II: 22 compartments,"About 55,052 Pilgrims had Darshan from 3am to 6pm on Aug 6",https://news.tirumala.org/about-55052-pilgrims-had-darshan-from-3am-to-6pm-on-aug-6/
2018-08-07,48893,62488,2018-08-07 19:40:48,month_day_year_inferred@title,12,VQC-II: 17 compartments,"About 48,893 Pilgrims had Darshan from 3am to 6pm on Aug 7",https://news.tirumala.org/about-48893-pilgrims-had-darshan-from-3am-to-6pm-on-aug-7/
2018-08-09,37392,62535,2018-08-09 18:51:48,month_day_year_inferred@title,7,VQC-II: 6 compartments,"About 37,392 Pilgrims had Darshan from 3am to 6pm on Aug 9",https://news.tirumala.org/about-37392-pilgrims-had-darshan-from-3am-to-6pm-on-aug-9/
2018-08-10,39393,62581,2018-08-10 18:29:40,month_day_year_inferred@title,3,,"About 39,393 Pilgrims had Darshan from 3am to 6pm on Aug 10",https://news.tirumala.org/about-39393-pilgrims-had-darshan-from-3am-to-6pm-on-aug-10/
2018-08-11,24745,62606,2018-08-11 18:31:24,month_day_year_inferred@title,4,VQC-II: 10 compartments,"About 24,745 Pilgrims had Darshan from 3am to 6pm on Aug 11",https://news.tirumala.org/about-24745-pilgrims-had-darshan-from-3am-to-6pm-on-aug-11/
2018-08-12,15522,62630,2018-08-12 19:06:30,month_day_year_inferred@title,,VQC-II: 12 compartments,"About 15,522 Pilgrims had Darshan from 3am to 6pm on Aug 12",https://news.tirumala.org/about-15522-pilgrims-had-darshan-from-3am-to-6pm-on-aug-12/
2018-08-16,14000,62870,2018-08-16 18:29:50,month_day_year_inferred@title,,VQC-II: 27 compartments,"About 14,000 Pilgrims had Darshan from 3pm to 6pm on Aug 16",https://news.tirumala.org/about-14000-pilgrims-had-darshan-from-3am-to-6pm-on-aug-16/
2018-08-18,51512,62896,2018-08-18 18:46:11,month_day_year_inferred@title,10,VQC-II: 18 compartments,"About 51,512 Pilgrims had Darshan from 3am to 6pm on Aug 18",https://news.tirumala.org/about-51512-pilgrims-had-darshan-from-3am-to-6pm-on-aug-18/
2018-08-19,53963,62900,2018-08-19 18:19:01,month_day_year_inferred@title,20,VQC-II: 29 compartments,"About 53,963 Pilgrims had Darshan from 3am to 6pm on Aug 19",https://news.tirumala.org/about-53963-pilgrims-had-darshan-from-3am-to-6pm-on-aug-19/
2018-08-21,51253,62974,2018-08-21 18:36:20,month_day_year_inferred@title,10,VQC-II: 14 compartments,"About 51,253 Pilgrims had Darshan from 3am to 6pm on Aug 21",https://news.tirumala.org/about-51253-pilgrims-had-darshan-from-3am-to-6pm-on-aug-21/
2018-08-22,40105,63123,2018-08-22 18:59:10,month_day_year_inferred@title,10,VQC-II: 18 compartments,"About 40,105 Pilgrims had Darshan from 3am to 6pm on Aug 22",https://news.tirumala.org/about-40105-pilgrims-had-darshan-from-3am-to-6pm-on-aug-22/
2018-08-23,36348,63129,2018-08-23 19:02:47,month_day_year_inferred@title,20,VQC-II: 19 compartments,"About 36,348 Pilgrims had Darshan from 3pm to 6pm on Aug 23",https://news.tirumala.org/about-36348-pilgrims-had-darshan-from-3pm-to-6pm-on-aug-23/
2018-08-24,41121,63133,2018-08-24 19:05:44,month_day_year_inferred@title,20,VQC-II: 26 compartments,"About 41,121 Pilgrims had Darshan from 3am to 6pm on Aug 24",https://news.tirumala.org/about-41121-pilgrims-had-darshan-from-3am-to-6pm-on-aug-24/
2018-08-26,56933,63139,2018-08-26 18:11:45,month_day_year_inferred@title,20,,"About 56,933 Pilgrims had Darshan from 3am to 6pm on Aug 26",https://news.tirumala.org/about-56933-pilgrims-had-darshan-from-3am-to-6pm-on-aug-26/
2018-08-27,49995,63143,2018-08-27 18:39:49,month_day_year_inferred@title,20,,"About 49,995 Pilgrims had Darshan from 3am to 6pm on Aug 27",https://news.tirumala.org/about-49995-pilgrims-had-darshan-from-3am-to-6pm-on-aug-27/
2018-08-28,45919,63189,2018-08-28 18:15:44,month_day_year_inferred@title,20,VQC-II: 31 compartments,"About 45,919 Pilgrims had Darshan from 3am to 6pm on Aug 28",https://news.tirumala.org/about-45919-pilgrims-had-darshan-from-3am-to-6pm-on-aug-28/
2018-08-29,44162,63206,2018-08-29 19:01:46,month_day_year_inferred@title,20,,"About 44,162 Pilgrims had Darshan from 3am to 6pm on Aug 29",https://news.tirumala.org/about-44162-pilgrims-had-darshan-from-3am-to-6pm-on-aug-29/
2018-08-30,40214,63230,2018-08-30 19:31:47,month_day_year_inferred@title,24,,"About 40,214 Pilgrims had Darshan from 3am to 6pm on Aug 30",https://news.tirumala.org/about-40214-pilgrims-had-darshan-from-3am-to-6pm-on-aug-30/
2018-08-31,47006,63245,2018-08-31 18:33:32,month_day_year_inferred@title,22,VQC-II: 29 compartments,"About 47,006 Pilgrims had Darshan from 3am to 6pm on Aug 31",https://news.tirumala.org/about-47006-pilgrims-had-darshan-from-3am-to-6pm-on-aug-31/
2018-09-02,3543,63319,2018-09-02 18:35:33,month_day_year_inferred@title,,,"About 61,3543 Pilgrims had Darshan from 3am to 6pm on Sep 2",https://news.tirumala.org/about-613543-pilgrims-had-darshan-from-3am-to-6pm-on-sep-2/
2018-09-03,52683,63354,2018-09-03 18:23:10,month_day_year_inferred@title,20,VQC-II: 31 compartments,"About 52,683 Pilgrims had Darshan from 3am to 6pm on Sep 3",https://news.tirumala.org/about-52683-pilgrims-had-darshan-from-3am-to-6pm-on-sep-3/
2018-09-04,48811,63375,2018-09-04 18:28:42,month_day_year_inferred@title,20,VQC-II: 29 compartments,"About 48,811 Pilgrims had Darshan from 3am to 6pm on Sep 4",https://news.tirumala.org/about-48811-pilgrims-had-darshan-from-3am-to-6pm-on-sep-4/
2018-09-05,48207,63411,2018-09-05 20:01:13,month_day_year_inferred@title,20,,"About 48,207 Pilgrims had Darshan from 3am to 6pm on Sep 5",https://news.tirumala.org/about-48207-pilgrims-had-darshan-from-3am-to-6pm-on-sep-5/
2018-09-06,42247,63435,2018-09-06 18:53:58,month_day_year_inferred@title,20,,"About 42,247 Pilgrims had Darshan from 3am to 6pm on Sep 6",https://news.tirumala.org/about-42247-pilgrims-had-darshan-from-3am-to-6pm-on-sep-6/
2018-09-08,55638,63548,2018-09-08 18:23:53,month_day_year_inferred@title,20,,"About 55,638 Pilgrims had Darshan from 3am to 6pm on Sep 8",https://news.tirumala.org/about-55638-pilgrims-had-darshan-from-3am-to-6pm-on-sep-8/
2018-09-09,56946,63544,2018-09-09 18:21:24,month_day_year_inferred@title,20,,"About 56,946 Pilgrims had Darshan from 3am to 6pm on Sep 9",https://news.tirumala.org/about-56946-pilgrims-had-darshan-from-3am-to-6pm-on-sep-9/
2018-09-11,47670,63696,2018-09-11 20:29:38,month_day_year_inferred@title,8,,"About 47,670 Pilgrims had Darshan from 3am to 6pm on Sep 11",https://news.tirumala.org/about-47670-pilgrims-had-darshan-from-3am-to-6pm-on-sep-11/
2018-09-12,42828,63694,2018-09-12 20:28:15,month_day_year_inferred@title,,VQC-II: 3 compartments,"About 42,828 Pilgrims had Darshan from 3am to 6pm on Sep 12",https://news.tirumala.org/about-42828-pilgrims-had-darshan-from-3am-to-6pm-on-sep-12/
2018-09-13,21192,63806,2018-09-13 18:52:11,month_day_year_inferred@title,20,,"About 21,192 Pilgrims had Darshan from 3am to 6pm on Sep 13",https://news.tirumala.org/about-21192-pilgrims-had-darshan-from-3am-to-6pm-on-sep-13/
2018-09-14,46404,63885,2018-09-14 21:28:37,month_day_year_inferred@title,8,,"About 46,404 Pilgrims had Darshan from 3am to 6pm on Sep 14",https://news.tirumala.org/about-46404-pilgrims-had-darshan-from-3am-to-6pm-on-sep-14/
2018-09-15,49558,63955,2018-09-15 19:19:19,month_day_year_inferred@title,7,VQC-II: 17 compartments,"About 49,558 Pilgrims had Darshan from 3am to 6pm on Sep 15",https://news.tirumala.org/about-49558-pilgrims-had-darshan-from-3am-to-6pm-on-sep-15/
2018-09-16,63488,64150,2018-09-16 22:53:25,month_day_year_inferred@title,,,"About 63,488 Pilgrims had Darshan from 3am to 7pm on Sep 16",https://news.tirumala.org/about-63488-pilgrims-had-darshan-from-3am-to-7pm-on-sep-16/
2018-09-17,58402,64235,2018-09-17 18:33:15,month_day_year_inferred@title,,VQC-II: 8 compartments,"About 58,402 Pilgrims had Darshan from 3am to 6pm on Sep 17",https://news.tirumala.org/about-58402-pilgrims-had-darshan-from-3am-to-6pm-on-sep-17/
2018-09-18,57511,64351,2018-09-18 18:49:56,month_day_year_inferred@title,8,,"About 57,511 Pilgrims had Darshan from 3am to 6pm on Sep 18",https://news.tirumala.org/about-57511-pilgrims-had-darshan-from-3am-to-6pm-on-sep-18/
2018-09-19,55897,64471,2018-09-19 19:12:09,month_day_year_inferred@title,10,VQC-II: 12 compartments,"About 55,897 Pilgrims had Darshan from 3am to 7pm on Sep 19",https://news.tirumala.org/about-55897-pilgrims-had-darshan-from-3am-to-7pm-on-sep-19/
2018-09-20,55873,64566,2018-09-20 19:47:13,month_day_year_inferred@title,7,VQC-II: 16 compartments,"About 55,873 Pilgrims had Darshan from 3am to 7pm on Sep 20",https://news.tirumala.org/about-55873-pilgrims-had-darshan-from-3am-to-7pm-on-sep-20/
2018-09-21,25965,64639,2018-09-21 19:00:56,month_day_year_inferred@title,12,VQC-II: 26 compartments,"About 25,965 Pilgrims had Darshan from 3am to 6pm on Sep 21",https://news.tirumala.org/about-25965-pilgrims-had-darshan-from-3am-to-6pm-on-sep-21/
2018-09-22,60664,64662,2018-09-22 18:58:37,month_day_year_inferred@title,24,,"About 60,664 Pilgrims had Darshan from 3am to 6pm on Sep 22",https://news.tirumala.org/about-60664-pilgrims-had-darshan-from-3am-to-6pm-on-sep-22/
2018-09-23,61891,64718,2018-09-23 21:59:01,month_day_year_inferred@title,20,,"About 61,891 Pilgrims had Darshan from 3am to 6pm on Sep 23",https://news.tirumala.org/about-61891-pilgrims-had-darshan-from-3am-to-6pm-on-sep-23/
2018-09-24,60812,64749,2018-09-24 18:19:39,month_day_year_inferred@title,20,,"About 60,812 Pilgrims had Darshan from 3am to 6pm on Sep 24",https://news.tirumala.org/about-60812-pilgrims-had-darshan-from-3am-to-6pm-on-sep-24/
2018-09-25,50195,64822,2018-09-25 18:54:12,month_day_year_inferred@title,20,,"About 50,195 Pilgrims had Darshan from 3am to 6pm on Sep 25",https://news.tirumala.org/about-50195-pilgrims-had-darshan-from-3am-to-6pm-on-sep-25/
2018-09-26,44638,64849,2018-09-26 18:57:52,month_day_year_inferred@title,20,,"About 44,638 Pilgrims had Darshan from 3am to 6pm on Sep 26",https://news.tirumala.org/about-44638-pilgrims-had-darshan-from-3am-to-6pm-on-sep-26/
2018-09-27,45524,64864,2018-09-27 19:02:44,month_day_year_inferred@title,20,,"About 45,524 Pilgrims had Darshan from 3am to 6pm on Sep 27",https://news.tirumala.org/about-45524-pilgrims-had-darshan-from-3am-to-6pm-on-sep-27/
2018-09-28,49622,64903,2018-09-28 18:40:15,month_day_year_inferred@title,20,,"About 49,622 Pilgrims had Darshan from 3am to 6pm on Sep 28",https://news.tirumala.org/about-49622-pilgrims-had-darshan-from-3am-to-6pm-on-sep-28/
2018-09-29,66096,64921,2018-09-29 18:35:22,month_day_year_inferred@title,20,,"About 66,096 Pilgrims had Darshan from 3am to 6pm on Sep 29",https://news.tirumala.org/about-66096-pilgrims-had-darshan-from-3am-to-6pm-on-sep-29/
2018-09-30,70275,64957,2018-09-30 19:01:00,month_day_year_inferred@title,20,,"About 70,275 Pilgrims had Darshan from 3am to 6pm on Sep 30",https://news.tirumala.org/about-70275-pilgrims-had-darshan-from-3am-to-6pm-on-sep-30/
2018-10-01,54307,64984,2018-10-01 18:37:29,month_day_year_inferred@title,20,,"About 54,307 Pilgrims had Darshan from 3am to 6pm on Oct 1",https://news.tirumala.org/about-54307-pilgrims-had-darshan-from-3am-to-6pm-on-oct-1/
2018-10-02,52410,65004,2018-10-02 18:56:28,month_day_year_inferred@title,20,,"About 52,410 Pilgrims had Darshan from 3am to 6pm on Oct 2",https://news.tirumala.org/about-52410-pilgrims-had-darshan-from-3am-to-6pm-on-oct-2/
2018-10-03,50015,65016,2018-10-03 18:35:41,month_day_year_inferred@title,,,"About 50,015 Pilgrims had Darshan from 3am to 6pm on Oct 3",https://news.tirumala.org/about-50015-pilgrims-had-darshan-from-3am-to-6pm-on-oct-3/
2018-10-04,51444,65031,2018-10-04 18:29:44,month_day_year_inferred@title,20,,"About 51,444 Pilgrims had Darshan from 3am to 6pm on Oct 4",https://news.tirumala.org/about-51444-pilgrims-had-darshan-from-3am-to-6pm-on-oct-4/
2018-10-05,49946,65059,2018-10-05 19:39:34,month_day_year_inferred@title,,VQC-II: 31 compartments,"About 49,946 Pilgrims had Darshan from 3am to 6pm on Oct 5",https://news.tirumala.org/about-49946-pilgrims-had-darshan-from-3am-to-6pm-on-oct-5/
2018-10-06,65046,65077,2018-10-06 19:06:45,month_day_year_inferred@title,10,VQC-II: 15 compartments,"About 65,046 Pilgrims had Darshan from 3am to 6pm on Oct 6",https://news.tirumala.org/about-65046-pilgrims-had-darshan-from-3am-to-6pm-on-oct-6/
2018-10-07,60810,65121,2018-10-07 18:13:29,month_day_year_inferred@title,4,VQC-II: 1 compartments,"About 60,810 Pilgrims had Darshan from 3am to 6pm on Oct 7",https://news.tirumala.org/about-60810-pilgrims-had-darshan-from-3am-to-6pm-on-oct-7/
2018-10-08,49419,65117,2018-10-08 21:11:39,month_day_year_inferred@title,6,VQC-II: 8 compartments,"About 49,419 Pilgrims had Darshan from 3am to 6pm on Oct 8",https://news.tirumala.org/about-49419-pilgrims-had-darshan-from-3am-to-6pm-on-oct-8/
2018-10-09,50819,65144,2018-10-09 18:27:00,month_day_year_inferred@title,6,VQC-II: 6 compartments,"About 50,819 Pilgrims had Darshan from 3am to 6pm on Oct 9",https://news.tirumala.org/about-50819-pilgrims-had-darshan-from-3am-to-6pm-on-oct-9/
2018-10-10,46116,65211,2018-10-10 19:15:14,month_day_year_inferred@title,3,,"About 46,116 Pilgrims had Darshan from 3am to 6pm on Oct 10",https://news.tirumala.org/about-46116-pilgrims-had-darshan-from-3am-to-6pm-on-oct-10/
2018-10-13,64023,65594,2018-10-13 18:32:32,month_day_year_inferred@title,20,,"About 64,023 Pilgrims had Darshan from 3am to 6pm on Oct 13",https://news.tirumala.org/about-64023-pilgrims-had-darshan-from-3am-to-6pm-on-oct-13/
2018-10-14,75590,65916,2018-10-14 19:18:56,month_day_year_inferred@title,20,,"About 75,590 Pilgrims had Darshan from 3am to 7pm on Oct 14",https://news.tirumala.org/about-75590-pilgrims-had-darshan-from-3am-to-7pm-on-oct-14/
2018-10-15,62711,65912,2018-10-15 18:15:44,month_day_year_inferred@title,12,,"About 62,711 Pilgrims had Darshan from 3am to 6pm on Oct 15",https://news.tirumala.org/about-62711-pilgrims-had-darshan-from-3am-to-6pm-on-oct-15/
2018-10-16,64928,65981,2018-10-16 19:02:40,month_day_year_inferred@title,,VQC-II: 13 compartments,"About 64,928 Pilgrims had Darshan from 3am to 6pm on Oct 16",https://news.tirumala.org/about-64928-pilgrims-had-darshan-from-3am-to-6pm-on-oct-16/
2018-10-17,51923,66118,2018-10-17 18:46:42,month_day_year_inferred@title,,VQC-II: 4 compartments,"About 51,923 Pilgrims had Darshan from 3am to 6pm on Oct 17",https://news.tirumala.org/about-51923-pilgrims-had-darshan-from-3am-to-6pm-on-oct-17/
2018-10-18,64928,66198,2018-10-18 21:14:03,month_day_year_inferred@title,,,"About 64,928 Pilgrims had Darshan from 3am to 6pm on Oct 18",https://news.tirumala.org/about-64928-pilgrims-had-darshan-from-3am-to-6pm-on-oct-18/
2018-10-19,42769,66270,2018-10-19 18:20:48,month_day_year_inferred@title,,,"About 42,769 Pilgrims had Darshan from 3am to 6pm on Oct 19",https://news.tirumala.org/about-42769-pilgrims-had-darshan-from-3am-to-6pm-on-oct-19-2/
2018-10-21,66956,66274,2018-10-21 18:45:43,month_day_year_inferred@title,12,,"About 66,956 Pilgrims had Darshan from 3am to 6pm on Oct 21",https://news.tirumala.org/about-66956-pilgrims-had-darshan-from-3am-to-6pm-on-oct-21/
2018-10-22,55140,66296,2018-10-22 18:10:51,month_day_year_inferred@title,12,VQC-II: 28 compartments,"About 55,140 Pilgrims had Darshan from 3am to 6pm on Oct 22",https://news.tirumala.org/about-55140-pilgrims-had-darshan-from-3am-to-6pm-on-oct-22/
2018-10-24,40189,66339,2018-10-24 19:50:43,month_day_year_inferred@title,12,VQC-II: 22 compartments,"About 40,189 Pilgrims had Darshan from 3am to 6pm on Oct 24",https://news.tirumala.org/about-40189-pilgrims-had-darshan-from-3am-to-6pm-on-oct-24/
2018-10-25,46912,66389,2018-10-25 18:23:05,month_day_year_inferred@title,12,VQC-II: 21 compartments,"About 46,912 Pilgrims had Darshan from 3am to 6pm on Oct 25",https://news.tirumala.org/about-46912-pilgrims-had-darshan-from-3am-to-6pm-on-oct-25/
2018-12-04,45611,66495,2018-12-04 18:55:29,month_day_year_inferred@title,12,VQC-II: 25 compartments,"About 45,611 Pilgrims had Darshana from 3am to 6pm on Dec 4",https://news.tirumala.org/about-45611-pilgrims-had-darshana-from-3am-to-6pm-on-dec-4/
2018-12-06,41061,66573,2018-12-06 18:38:08,month_day_year_inferred@title,12,VQC-II: 17 compartments,"About 41,061 Pilgrims had Darshan from 3am to 6pm on Dec 6",https://news.tirumala.org/about-41061-pilgrims-had-darshan-from-3am-to-6pm-on-dec-6/
2018-12-07,40393,66569,2018-12-07 18:36:17,month_day_year_inferred@title,8,VQC-II: 11 compartments,"About 40,393 Pilgrims had Darshan from 3am to 6pm on Dec 7",https://news.tirumala.org/about-40393-pilgrims-had-darshan-from-3am-to-6pm-on-dec-7/
2018-12-08,52126,66685,2018-12-08 18:50:04,month_day_year_inferred@title,14,VQC-II: 20 compartments,"About 52,126 Pilgrims had Darshan from 3am to 6pm on Dec 8",https://news.tirumala.org/about-52126-pilgrims-had-darshan-from-3am-to-6pm-on-dec-8/
2018-12-09,54131,66687,2018-12-09 18:54:07,month_day_year_inferred@title,18,VQC-II: 30 compartments,"About 54,131 Pilgrims had Darshan from 3am to 6pm on Dec 9",https://news.tirumala.org/about-54131-pilgrims-had-darshan-from-3am-to-6pm-on-dec-9/
2018-12-10,52301,66677,2018-12-10 18:45:15,month_day_year_inferred@title,12,,"About 52,301 Pilgrims had Darshan from 3am to 6pm on Dec 10",https://news.tirumala.org/about-52301-pilgrims-had-darshan-from-3am-to-6pm-on-dec-10/
2018-12-11,42837,66704,2018-12-11 18:23:34,month_day_year_inferred@title,18,,"About 42,837 Pilgrims had Darshan from 3am to 6pm on Dec 11",https://news.tirumala.org/about-42837-pilgrims-had-darshan-from-3am-to-6pm-on-dec-11/
2018-12-12,46403,66708,2018-12-12 19:21:56,month_day_year_inferred@title,12,VQC-II: 22 compartments,"About 46,403 Pilgrims had Darshan from 3am to 6pm on Dec 12",https://news.tirumala.org/about-46403-pilgrims-had-darshan-from-3am-to-6pm-on-dec-12/
2018-12-13,40246,66732,2018-12-13 18:11:49,month_day_year_inferred@title,20,,"About 40,246 Pilgrims had Darshan from 3am to 6pm on Dec 13",https://news.tirumala.org/about-40246-pilgrims-had-darshan-from-3am-to-6pm-on-dec-13/
2018-12-14,45214,66755,2018-12-14 21:18:54,month_day_year_inferred@title,,,"About 45,214 Pilgrims had Darshan from 3am to 6pm on Dec 14",https://news.tirumala.org/about-45214-pilgrims-had-darshan-from-3am-to-6pm-on-dec-14/
2018-12-15,53048,66775,2018-12-15 21:55:05,month_day_year_inferred@title,16,VQC-II: 31 compartments,"About 53,048 Pilgrims had Darshan from 3am to 6pm on Dec 15",https://news.tirumala.org/about-53048-pilgrims-had-darshan-from-3am-to-6pm-on-dec-15/
2018-12-16,51929,66792,2018-12-16 20:10:38,month_day_year_inferred@title,,,"About 51,929 Pilgrims had Darshan from 3am to 6pm on Dec 16",https://news.tirumala.org/about-51929-pilgrims-had-darshan-from-3am-to-6pm-on-dec-16/
2018-12-18,63070,66829,2018-12-18 19:06:09,month_day_year_inferred@title,16,,"About 63,070 Pilgrims had Darshan from 3am to 6pm on Dec 18",https://news.tirumala.org/about-63070-pilgrims-had-darshan-from-3am-to-6pm-on-dec-18/
2018-12-19,67068,66833,2018-12-19 18:21:28,month_day_year_inferred@title,10,VQC-II: 19 compartments,"About 67,068 Pilgrims had Darshan from 3am to 6pm on Dec19",https://news.tirumala.org/about-67068-pilgrims-had-darshan-from-3am-to-6pm-on-dec19/
2018-12-20,41097,66852,2018-12-20 19:40:22,month_day_year_inferred@title,8,VQC-II: 18 compartments,"About 41,097 Pilgrims had Darshan from 3am to 6pm on Dec 20",https://news.tirumala.org/about-41097-pilgrims-had-darshan-from-3am-to-6pm-on-dec-20/
2018-12-21,43885,66870,2018-12-21 18:09:42,month_day_year_inferred@title,7,VQC-II: 9 compartments,"About 43,885 Pilgrims had Darshan from 3am to 6pm on Dec 21",https://news.tirumala.org/about-43885-pilgrims-had-darshan-from-3am-to-6pm-on-dec-21/
2018-12-22,49073,66874,2018-12-22 18:11:40,month_day_year_inferred@title,10,VQC-II: 27 compartments,"About 49,073 Pilgrims had Darshan from 3am to 6pm on Dec 22",https://news.tirumala.org/about-49073-pilgrims-had-darshan-from-3am-to-6pm-on-dec-22/
2018-12-23,55241,66882,2018-12-23 18:35:13,month_day_year_inferred@title,18,,"About 55,241 Pilgrims had Darshan from 3am to 6pm on Dec 23",https://news.tirumala.org/about-55241-pilgrims-had-darshan-from-3am-to-6pm-on-dec-23/
2018-12-24,58130,66905,2018-12-24 18:25:21,month_day_year_inferred@title,20,,"About 58,130 Pilgrims had Darshan from 3am to 6pm on Dec 24",https://news.tirumala.org/about-58130-pilgrims-had-darshan-from-3am-to-6pm-on-dec-24/
2018-12-25,54567,66914,2018-12-25 20:03:30,month_day_year_inferred@title,24,,"About 54,567 Pilgrims had Darshan from 3am to 7pm on Dec 25",https://news.tirumala.org/about-54567-pilgrims-had-darshan-from-3am-to-7pm-on-dec-25/
2018-12-26,52399,66918,2018-12-26 18:33:02,month_day_year_inferred@title,18,,"About 52,399 Pilgrims had Darshan from 3am to 6pm on Dec 26",https://news.tirumala.org/about-52399-pilgrims-had-darshan-from-3am-to-6pm-on-dec-26/
2018-12-27,51506,66936,2018-12-27 18:18:46,month_day_year_inferred@title,18,,"About 51,506 Pilgrims had Darshan from 3am to 6pm on Dec 27",https://news.tirumala.org/about-51506-pilgrims-had-darshan-from-3am-to-6pm-on-dec-27/
2018-12-28,54207,66978,2018-12-28 18:45:01,month_day_year_inferred@title,14,VQC-II: 27 compartments,"About 54,207 Pilgrims had Darshan from 3am to 6pm on Dec 28",https://news.tirumala.org/about-54207-pilgrims-had-darshan-from-3am-to-6pm-on-dec-28/
2018-12-29,59168,66985,2018-12-29 18:49:32,month_day_year_inferred@title,16,VQC-II: 31 compartments,"About 59,168 Pilgrims had Darshan from 3am to 6pm on Dec 29",https://news.tirumala.org/about-59168-pilgrims-had-darshan-from-3am-to-6pm-on-dec-29/
2018-12-30,61498,66999,2018-12-30 19:25:58,month_day_year_inferred@title,14,VQC-II: 23 compartments,"About 61,498 Pilgrims had Darshan from 3am to 6pm on Dec 30",https://news.tirumala.org/about-61498-pilgrims-had-darshan-from-3am-to-6pm-on-dec-30/
2018-12-31,55373,67005,2018-12-31 18:26:21,month_day_year_inferred@title,,,"About 55,373 Pilgrims had Darshan from 3am to 6pm on Dec 31",https://news.tirumala.org/about-55373-pilgrims-had-darshan-from-3am-to-6pm-on-dec-31/
2019-01-01,83520,67015,2019-01-01 20:00:21,month_day_year_inferred@title,,VQC-II: 5 compartments,"About 83,520 Pilgrims had Darshan from 4am to 7pm on Jan 1",https://news.tirumala.org/about-83520-pilgrims-had-darshan-from-4am-to-7pm-on-jan-1/
2019-01-02,41112,67026,2019-01-02 20:06:46,loose_dmy@body,6,VQC-II: 6 compartments,"About 41,112 Pilgrims had Darshan from 3am to 6pm on Dec 2",https://news.tirumala.org/about-41112-pilgrims-had-darshan-from-3am-to-6pm-on-dec-2/
2019-01-03,40936,67041,2019-01-03 19:11:32,month_day_year_inferred@title,10,VQC-II: 25 compartments,"About 40,936 Pilgrims had Darshan from 3am to 6pm on Jan 3",https://news.tirumala.org/about-40936-pilgrims-had-darshan-from-3am-to-6pm-on-jan-3/
2019-01-04,47557,67074,2019-01-04 18:28:54,month_day_year_inferred@title,,VQC-II: 14 compartments,"About 47,557 Pilgrims had Darshan from 3am to 6pm on Jan 4",https://news.tirumala.org/about-47557-pilgrims-had-darshan-from-3am-to-6pm-on-jan-4/
2019-01-05,51835,67083,2019-01-05 19:00:30,month_day_year_inferred@title,8,VQC-II: 10 compartments,"About 51,835 Pilgrims had Darshan from 3am to 6pm on Jan 5",https://news.tirumala.org/about-51835-pilgrims-had-darshan-from-3am-to-6pm-on-jan-5/
2019-01-07,50037,67099,2019-01-07 18:33:08,month_day_year_inferred@title,8,VQC-II: 19 compartments,"About 50,037 Pilgrims had Darshan from 3am to 6pm on Jan 7",https://news.tirumala.org/about-50037-pilgrims-had-darshan-from-3am-to-6pm-on-jan-7/
2019-01-08,37237,67122,2019-01-08 20:12:34,month_day_year_inferred@title,10,VQC-II: 29 compartments,"About 37,237 Pilgrims had Darshan from 3am to 6pm on Jan 8",https://news.tirumala.org/about-37237-pilgrims-had-darshan-from-3am-to-6pm-on-jan-8/
2019-01-09,46357,67176,2019-01-09 18:59:03,month_day_year_inferred@title,10,VQC-II: 17 compartments,"About 46,357 Pilgrims had Darshan from 3am to 6pm on Jan 9",https://news.tirumala.org/about-46357-pilgrims-had-darshan-from-3am-to-6pm-on-jan-9/
2019-01-10,45339,67180,2019-01-10 19:01:13,month_day_year_inferred@title,8,VQC-II: 16 compartments,"About 45,339 Pilgrims had Darshan from 3am to 6pm on Jan 10",https://news.tirumala.org/about-45339-pilgrims-had-darshan-from-3am-to-6pm-on-jan-10/
2019-01-11,36847,67184,2019-01-11 18:03:49,month_day_year_inferred@title,12,VQC-II: 19 compartments,"About 36,847 Pilgrims had Darshan from 3am to 6pm on Jan 11",https://news.tirumala.org/about-36847-pilgrims-had-darshan-from-3am-to-6pm-on-jan-11/
2019-01-12,44353,67188,2019-01-12 18:08:33,month_day_year_inferred@title,9,VQC-II: 18 compartments,"About 44,353 Pilgrims had Darshan from 3am to 6pm on Jan 12",https://news.tirumala.org/about-44353-pilgrims-had-darshan-from-3am-to-6pm-on-jan-12/
2019-01-13,55128,67131,2019-01-13 18:45:38,month_day_year_inferred@title,10,VQC-II: 27 compartments,"About 55,128 Pilgrims had Darshan from 3am to 6pm on Jan 13",https://news.tirumala.org/about-55128-pilgrims-had-darshan-from-3am-to-6pm-on-jan-13/
2019-01-15,44923,67200,2019-01-15 20:13:00,month_day_year_inferred@title,,,"About 44,923 Pilgrims had Darshan from 3am to 6pm on Jan 15",https://news.tirumala.org/about-44923-pilgrims-had-darshan-from-3am-to-6pm-on-jan-15/
2019-01-16,48404,67217,2019-01-16 18:45:26,month_day_year_inferred@title,12,,"About 48,404 Pilgrim had Darshan from 3am to 6pm on Jan 16",https://news.tirumala.org/about-48404-pilgrim-had-darshan-from-3am-to-6pm-on-jan-16/
2019-01-17,44307,67229,2019-01-17 19:29:05,month_day_year_inferred@title,24,,"About 44,307 Pilgrims had Darshan from 3am to 6pm on Jan 17",https://news.tirumala.org/about-44307-pilgrims-had-darshan-from-3am-to-6pm-on-jan-17/
2019-01-18,48457,67243,2019-01-18 19:31:32,month_day_year_inferred@title,14,,"About 48,457 Pilgrims had Darshan from 3am to 6pm on Jan 18",https://news.tirumala.org/about-48457-pilgrims-had-darshan-from-3am-to-6pm-on-jan-18/
2019-01-19,52139,67254,2019-01-19 19:16:09,month_day_year_inferred@title,18,,"About 52,139 Pilgrims had Darshan from 3am to 6pm on Jan 19",https://news.tirumala.org/about-52139-pilgrims-had-darshan-from-3am-to-6pm-on-jan-19/
2019-01-21,54152,67280,2019-01-21 18:34:07,month_day_year_inferred@title,20,,"About 54,152 Pilgrims had Darshan from 3am to 6pm on Jan 21",https://news.tirumala.org/about-54152-pilgrims-had-darshan-from-3am-to-6pm-on-jan-21/
2019-01-23,37546,67303,2019-01-23 18:28:28,month_day_year_inferred@title,10,VQC-II: 19 compartments,"About 37,546 Pilgrims had Darshan from 3am to 6pm on Jan 23",https://news.tirumala.org/about-37546-pilgrims-had-darshan-from-3am-to-6pm-on-jan-23/
2019-01-24,36897,67309,2019-01-24 19:32:34,month_day_year_inferred@title,10,VQC-II: 16 compartments,"About 36,897 Pilgrims had Darshan from 3am to 6pm on Jan 24",https://news.tirumala.org/about-36897-pilgrims-had-darshan-from-3am-to-6pm-on-jan-24/
2019-01-25,34844,67332,2019-01-25 18:27:32,month_day_year_inferred@title,10,VQC-II: 20 compartments,"About 34,844 Pilgrims had Darshan from 3am to 6pm on Jan 25",https://news.tirumala.org/about-34844-pilgrims-had-darshan-from-3am-to-6pm-on-jan-25/
2019-01-26,54354,67363,2019-01-26 18:09:04,month_day_year_inferred@title,18,,"About 54,354 Pilgrims had Darshan from 3am to 6pm on Jan 26",https://news.tirumala.org/about-54354-pilgrims-had-darshan-from-3am-to-6pm-on-jan-26/
2019-01-27,54640,67379,2019-01-27 18:31:37,month_day_year_inferred@title,20,,"About 54,640 Pilgrims had Darshan from 3am to 6pm on Jan 27",https://news.tirumala.org/about-54640-pilgrims-had-darshan-from-3am-to-6pm-on-jan-27/
2019-01-28,51808,67375,2019-01-28 18:28:41,month_day_year_inferred@title,14,VQC-II: 15 compartments,"About 51,808 Pilgrims had Darshan from 3am to 6pm on Jan 28",https://news.tirumala.org/about-51808-pilgrims-had-darshan-from-3am-to-6pm-on-jan-28/
2019-02-01,38870,67431,2019-02-01 18:55:23,month_day_year_inferred@title,,,"About 38,870 Pilgrims had Darshan from 3am to 6pm on Feb 1",https://news.tirumala.org/about-38870-pilgrims-had-darshan-from-3am-to-6pm-on-feb-1/
2019-02-02,45189,67449,2019-02-02 19:18:38,month_day_year_inferred@title,,VQC-II: 18 compartments,"About 45,189 Pilgrims had Darshan from 3am to 6pm on Feb 2",https://news.tirumala.org/about-45189-pilgrims-had-darshan-from-3am-to-6pm-on-feb-2/
2019-02-03,47711,67467,2019-02-03 20:20:16,month_day_year_inferred@title,8,VQC-II: 11 compartments,"About 47,711 Pilgrims had Darshan from 3am to 6pm on Feb 3",https://news.tirumala.org/about-47711-pilgrims-had-darshan-from-3am-to-6pm-on-feb-3/
2019-02-04,42965,67487,2019-02-04 18:50:50,month_day_year_inferred@title,8,VQC-II: 8 compartments,"About 42,965 Pilgrims had Darshan from 3am to 6pm on Feb 4",https://news.tirumala.org/about-42965-pilgrims-had-darshan-from-3am-to-6pm-on-feb-4/
2019-02-05,41526,67510,2019-02-05 18:34:18,month_day_year_inferred@title,10,VQC-II: 10 compartments,"About 41,526 Pilgrims had Darshan from 3am to 6pm on Feb 5",https://news.tirumala.org/about-41526-pilgrims-had-darshan-from-3am-to-6pm-on-feb-5/
2019-02-06,37123,67528,2019-02-06 18:19:47,month_day_year_inferred@title,12,VQC-II: 16 compartments,"About 37,123 Pilgrims had Darshan from 3am to 6pm on Feb 6",https://news.tirumala.org/about-37123-pilgrims-had-darshan-from-3am-to-6pm-on-feb-6/
2019-02-07,36549,67544,2019-02-07 19:41:29,month_day_year_inferred@title,12,VQC-II: 20 compartments,"About 36,549 Pilgrims had Darshan from 3am to 6pm on Feb 7",https://news.tirumala.org/about-36549-pilgrims-had-darshan-from-3am-to-6pm-on-feb-7/
2019-02-08,42509,67567,2019-02-08 18:47:00,month_day_year_inferred@title,,,"About 42,509 Pilgrims had Darshan from 3am to 6pm on Feb 8",https://news.tirumala.org/about-42509-pilgrims-had-darshan-from-3am-to-6pm-on-feb-8/
2019-02-09,44054,67574,2019-02-09 18:53:25,month_day_year_inferred@title,15,VQC-II: 23 compartments,"About 44,054 Pilgrims had Darshan from 3am to 6pm on Feb 9",https://news.tirumala.org/about-44054-pilgrims-had-darshan-from-3am-to-6pm-on-feb-9/
2019-02-11,54658,67613,2019-02-11 18:48:54,month_day_year_inferred@title,14,VQC-II: 20 compartments,"About 54,658 Pilgrims had Darshan from 3am to 6pm on Feb 11",https://news.tirumala.org/about-54658-pilgrims-had-darshan-from-3am-to-6pm-on-feb-11/
2019-02-13,39481,67662,2019-02-13 19:19:33,month_day_year_inferred@title,,VQC-II: 20 compartments,"About 39,481 Pilgrims had Darshan from 3am to 6pm on Feb 13",https://news.tirumala.org/about-39481-pilgrims-had-darshan-from-3am-to-6pm-on-feb-13/
2019-02-15,39909,67710,2019-02-15 18:36:50,month_day_year_inferred@title,,VQC-II: 22 compartments,"About 39,909 Pilgrims had Darshan from 3am to 6pm on Feb 15",https://news.tirumala.org/about-39909-pilgrims-had-darshan-from-3am-to-6pm-on-feb-15/
2019-02-16,46476,67732,2019-02-16 18:54:23,month_day_year_inferred@title,14,VQC-II: 29 compartments,"About 46,476 Pilgrims had Darshan from 3am to 6pm on Feb 16",https://news.tirumala.org/about-46476-pilgrims-had-darshan-from-3am-to-6pm-on-feb-16/
2019-02-17,52746,67752,2019-02-17 19:59:46,month_day_year_inferred@title,20,,"About 52,746 Pilgrims had Darshan from 3am to 6pm on Feb 17",https://news.tirumala.org/about-52746-pilgrims-had-darshan-from-3am-to-6pm-on-feb-17/
2019-02-18,49455,67780,2019-02-18 19:16:37,month_day_year_inferred@title,12,VQC-II: 30 compartments,"About 49,455 Pilgrims had Darshan from 3am to 6pm on Feb 18",https://news.tirumala.org/about-49455-pilgrims-had-darshan-from-3am-to-6pm-on-feb-18/
2019-02-19,44050,67811,2019-02-19 20:01:47,month_day_year_inferred@title,12,VQC-II: 23 compartments,"About 44,050 Pilgrims had Darshan from 3am to 6pm on Feb 19",https://news.tirumala.org/about-44050-pilgrims-had-darshan-from-3am-to-6pm-on-feb-19/
2019-02-20,38622,67832,2019-02-20 19:48:09,month_day_year_inferred@title,14,VQC-II: 26 compartments,"About 38,622 Pilgrims had Darshan from 3am to 6pm on Feb 20",https://news.tirumala.org/about-38622-pilgrims-had-darshan-from-3am-to-6pm-on-feb-20/
2019-02-21,37682,67847,2019-02-21 19:04:23,month_day_year_inferred@title,18,VQC-II: 19 compartments,"About 37,682 Pilgrims had Darshan from 3am to 6pm on Feb 21",https://news.tirumala.org/about-37682-pilgrims-had-darshan-from-3am-to-6pm-on-feb-21/
2019-02-22,35867,67851,2019-02-22 19:06:08,month_day_year_inferred@title,,VQC-II: 23 compartments,"About 35,867 Pilgrims had Darshan from 3am to 6pm on Feb 22",https://news.tirumala.org/about-35867-pilgrims-had-darshan-from-3am-to-6pm-on-feb-22/
2019-02-23,53578,67856,2019-02-23 19:08:26,month_day_year_inferred@title,12,VQC-II: 27 compartments,"About 53,578 Pilgrims had Darshan from 3am to 6pm on Feb 23",https://news.tirumala.org/about-53578-pilgrims-had-darshan-from-3am-to-6pm-on-feb-23/
2019-02-24,54548,67864,2019-02-24 19:11:43,month_day_year_inferred@title,18,,"About 54,548 Pilgrims had Darshan from 3am to 6pm on Feb 24",https://news.tirumala.org/about-54548-pilgrims-had-darshan-from-3am-to-6pm-on-feb-24/
2019-02-25,49553,67929,2019-02-25 20:02:53,month_day_year_inferred@title,10,VQC-II: 16 compartments,"About 49,553 Pilgrims had Darshan from 3am to 6pm on Feb 25",https://news.tirumala.org/about-49553-pilgrims-had-darshan-from-3am-to-6pm-on-feb-25/
2019-02-26,44086,67973,2019-02-26 18:22:31,month_day_year_inferred@title,8,VQC-II: 12 compartments,"About 44,086 Pilgrims had Darshan from 3am to 6pm on Feb 26",https://news.tirumala.org/about-44086-pilgrims-had-darshan-from-3am-to-6pm-on-feb-26/
2019-02-27,38326,68013,2019-02-27 21:59:08,month_day_year_inferred@title,10,VQC-II: 19 compartments,"About 38,326 Pilgrims had Darshan from 3am to 6pm on Feb 27",https://news.tirumala.org/about-38326-pilgrims-had-darshan-from-3am-to-6pm-on-feb-27/
2019-03-01,38511,68085,2019-03-01 21:17:19,month_day_year_inferred@title,12,VQC-II: 20 compartments,"About 38,511 Pilgrims had Darshan from 3am to 6pm on March 1",https://news.tirumala.org/about-38511-pilgrims-had-darshan-from-3am-to-6pm-on-march-1/
2019-03-02,50811,68110,2019-03-02 20:06:30,month_day_year_inferred@title,16,VQC-II: 27 compartments,"About 50,811 Pilgrims had Darshan from 3am to 6pm on March 2",https://news.tirumala.org/about-50811-pilgrims-had-darshan-from-3am-to-6pm-on-march-2/
2019-03-03,52788,68139,2019-03-03 19:43:32,month_day_year_inferred@title,18,,"About 52,788 Pilgrims had Darshan from 3am to 6pm on March 3",https://news.tirumala.org/about-52788-pilgrims-had-darshan-from-3am-to-6pm-on-march-3/
2019-03-04,45184,68154,2019-03-04 18:42:34,month_day_year_inferred@title,10,VQC-II: 21 compartments,"About 45,184 Pilgrims had Darshan from 3am to 6pm on March 4",https://news.tirumala.org/about-45184-pilgrims-had-darshan-from-3am-to-6pm-on-march-4/
2019-03-06,38288,68202,2019-03-06 18:56:12,month_day_year_inferred@title,8,VQC-II: 13 compartments,"About 38,288 Pilgrims had Darshan from 3am to 6pm on March 6",https://news.tirumala.org/about-38288-pilgrims-had-darshan-from-3am-to-6pm-on-march-6/
2019-03-07,38803,68227,2019-03-07 19:38:07,month_day_year_inferred@title,,,"About 38,803 Pilgrims had Darshan from 3am to 6pm on March 7",https://news.tirumala.org/about-38803-pilgrims-had-darshan-from-3am-to-6pm-on-march-7/
2019-03-08,35716,68242,2019-03-08 18:51:49,month_day_year_inferred@title,,,"About 35,716 Pilgrims had Darshan from 3am to 6pm on March 8",https://news.tirumala.org/about-35716-pilgrims-had-darshan-from-3am-to-6pm-on-march-8/
2019-03-09,49687,68248,2019-03-09 18:54:10,month_day_year_inferred@title,,VQC-II: 29 compartments,"About 49,687 Pilgrims had Darshan from 3am to 6pm on March 9",https://news.tirumala.org/about-49687-pilgrims-had-darshan-from-3am-to-6pm-on-march-9/
2019-03-10,48717,68260,2019-03-10 18:35:13,month_day_year_inferred@title,,,"About 48,717 Pilgrims had Darshan from 3am to 6pm on March 10",https://news.tirumala.org/about-48717-pilgrims-had-darshan-from-3am-to-6pm-on-march-10/
2019-03-11,51085,68283,2019-03-11 20:31:54,month_day_year_inferred@title,16,VQC-II: 21 compartments,"About 51,085 Pilgrims had Darshan from 3am to 6pm on March 11",https://news.tirumala.org/about-51085-pilgrims-had-darshan-from-3am-to-6pm-on-march-11/
2019-03-13,38898,68325,2019-03-13 18:01:41,month_day_year_inferred@title,10,,"About 38,898 Pilgrims had Darshan from 3am to 6pm on March 13",https://news.tirumala.org/about-38898-pilgrims-had-darshan-from-3am-to-6pm-on-march-13/
2019-03-14,37478,68343,2019-03-14 20:14:24,month_day_year_inferred@title,8,,"About 37,478 Pilgrims had Darshan from 3am to 6pm on March 14",https://news.tirumala.org/about-37478-pilgrims-had-darshan-from-3am-to-6pm-on-march-14/
2019-03-15,51414,68360,2019-03-15 21:18:44,month_day_year_inferred@title,12,,"About 51,414 Pilgrims had Darshan from 3am to 9m on March 15",https://news.tirumala.org/about-51414-pilgrims-had-darshan-from-3am-to-9m-on-march-15/
2019-03-16,46127,68375,2019-03-16 19:52:16,month_day_year_inferred@title,12,,"About 46,127 Pilgrims had Darshan from 3am to 7pm on March 16",https://news.tirumala.org/about-46127-pilgrims-had-darshan-from-3am-to-7pm-on-march-16/
2019-03-17,53071,68384,2019-03-17 18:25:06,month_day_year_inferred@title,,,"About 53,071 Pilgrims had Darshan from 3am to 6pm on March 17",https://news.tirumala.org/about-53071-pilgrims-had-darshan-from-3am-to-6pm-on-march-17/
2019-03-18,55005,68411,2019-03-18 18:48:56,month_day_year_inferred@title,16,VQC-II: 28 compartments,"About 55,005 Pilgrims had Darshan from 3am to 6pm on March 18",https://news.tirumala.org/about-55005-pilgrims-had-darshan-from-3am-to-6pm-on-march-18/
2019-03-20,39612,68478,2019-03-20 20:09:30,month_day_year_inferred@title,10,VQC-II: 19 compartments,"About 39,612 Pilgrims had Darshan from 3am to 6pm on March 20",https://news.tirumala.org/about-39612-pilgrims-had-darshan-from-3am-to-6pm-on-march-20/
2019-03-20,51888,68482,2019-03-20 21:15:31,month_day_year_inferred@title,12,VQC-II: 20 compartments,"About 51,888 Pilgrims had Darshan from 3am to 9pm on March 20",https://news.tirumala.org/about-51888-pilgrims-had-darshan-from-3am-to-9pm-on-march-20/
2019-03-21,41031,68529,2019-03-21 19:29:11,month_day_year_inferred@title,,,"About 41,031 Pilgrims had Darshan from 3am to 6pm on March 21",https://news.tirumala.org/about-41031-pilgrims-had-darshan-from-3am-to-6pm-on-march-21/
2019-06-06,44011,68745,2019-06-06 21:45:04,month_day_year_inferred@title,,,"About 44,011 Pilgrims had Darshan from 3am to 6pm on June 6",https://news.tirumala.org/about-44011-pilgrims-had-darshan-from-3am-to-6pm-on-june-6/
2019-06-07,46560,68854,2019-06-07 18:48:00,month_day_year_inferred@title,24,,"About 46,560 Pilgrims had Darshan from 3am to 6pm on June 7",https://news.tirumala.org/about-46560-pilgrims-had-darshan-from-3am-to-6pm-on-june-7/
2019-06-08,70689,68871,2019-06-08 20:19:00,month_day_year_inferred@title,24,,"About 70,689 Pilgrims had Darshan from 3am to 6pm on June 8",https://news.tirumala.org/about-70689-pilgrims-had-darshan-from-3am-to-6pm-on-june-8/
2019-06-09,50904,68950,2019-06-09 22:54:06,month_day_year_inferred@title,25,,"About 50,904 Pilgrims had Darshan from 3am to 6pm on June 9",https://news.tirumala.org/about-50904-pilgrims-had-darshan-from-3am-to-6pm-on-june-9/
2019-06-10,63865,68988,2019-06-10 19:29:34,month_day_year_inferred@title,18,,"About 63,865 Pilgrims had Darshan from 3am to 6pm on June 10",https://news.tirumala.org/about-63865-pilgrims-had-darshan-from-3am-to-6pm-on-june-10/
2019-06-11,54316,69045,2019-06-11 19:15:00,month_day_year_inferred@title,24,,"About 54,316 Pilgrims had Darshan from 3am to 6pm on June 11",https://news.tirumala.org/about-54316-pilgrims-had-darshan-from-3am-to-6pm-on-june-11/
2019-06-12,51418,69074,2019-06-12 21:43:10,month_day_year_inferred@title,,VQC-II: 18 compartments,"About 51,418 Pilgrims had Darshan from 3am to 6pm on June 12",https://news.tirumala.org/about-51418-pilgrims-had-darshan-from-3am-to-6pm-on-june-12/
2019-06-13,49097,69123,2019-06-13 20:09:42,month_day_year_inferred@title,20,,"About 49,097 Pilgrims had Darshan from 3am to 6pm on June 13",https://news.tirumala.org/about-49097-pilgrims-had-darshan-from-3am-to-6pm-on-june-13/
2019-06-14,53935,69218,2019-06-14 20:20:49,month_day_year_inferred@title,24,,"About 53,935 Pilgrims had Darshan from 3am to 6pm on June 14",https://news.tirumala.org/about-53935-pilgrims-had-darshan-from-3am-to-6pm-on-june-14/
2019-06-15,64255,69285,2019-06-15 18:45:36,month_day_year_inferred@title,,,"About 64,255 Pilgrims had Darshan from 3am to 6pm on June 15",https://news.tirumala.org/about-64255-pilgrims-had-darshan-from-3am-to-6pm-on-june-15/
2019-06-16,68047,69348,2019-06-16 21:02:31,month_day_year_inferred@title,28,,"About 68,047 Pilgrims had Darshan from 3am to 6pm on June 16",https://news.tirumala.org/about-68047-pilgrims-had-darshan-from-3am-to-6pm-on-june-16/
2019-06-17,60975,69397,2019-06-17 20:53:21,month_day_year_inferred@title,22,,"About 60,975 Pilgrims had Darshan from 3am to 6pm on June 17",https://news.tirumala.org/about-60975-pilgrims-had-darshan-from-3am-to-6pm-on-june-17/
2019-06-18,66209,69485,2019-06-18 19:32:44,month_day_year_inferred@title,24,,"About 66,209 Pilgrims had Darshan from 3am to 6pm on June 18",https://news.tirumala.org/about-66209-pilgrims-had-darshan-from-3am-to-6pm-on-june-18/
2019-06-19,56037,69536,2019-06-19 19:06:42,month_day_year_inferred@title,14,VQC-II: 24 compartments,"About 56,037 Pilgrims had Darshan from 3am to 6pm on June 19",https://news.tirumala.org/about-56037-pilgrims-had-darshan-from-3am-to-6pm-on-june-19/
2019-06-20,47381,69590,2019-06-20 19:41:56,month_day_year_inferred@title,,,"About 47,381 Pilgrims had Darshan from 3am to 6pm on June 20",https://news.tirumala.org/about-47381-pilgrims-had-darshan-from-3am-to-6pm-on-june-20/
2019-06-21,47414,69650,2019-06-21 18:57:01,month_day_year_inferred@title,,,"About 47,414 Pilgrims had Darshan from 3am to 6pm on June 21",https://news.tirumala.org/about-47414-pilgrims-had-darshan-from-3am-to-6pm-on-june-21/
2019-06-22,58548,69715,2019-06-22 19:05:53,month_day_year_inferred@title,,,"About 58,548 Pilgrims had Darshan from 3am to 6pm on June 22",https://news.tirumala.org/about-58548-pilgrims-had-darshan-from-3am-to-6pm-on-june-22/
2019-06-23,65514,69743,2019-06-23 18:36:24,month_day_year_inferred@title,24,,"About 65,514 Pilgrims had Darshan from 3am to 6pm on June 23",https://news.tirumala.org/about-65514-pilgrims-had-darshan-from-3am-to-6pm-on-june-23/
2019-06-24,58544,69769,2019-06-24 18:45:50,month_day_year_inferred@title,24,,"About 58,544 Pilgrims had Darshan from 3am to 6pm on June 24",https://news.tirumala.org/about-58544-pilgrims-had-darshan-from-3am-to-6pm-on-june-24/
2019-06-25,51064,69801,2019-06-25 18:15:27,month_day_year_inferred@title,,,"About 51,064 Pilgrims had Darshan from 3am to 6pm on June 25",https://news.tirumala.org/about-51064-pilgrims-had-darshan-from-3am-to-6pm-on-june-25/
2019-06-26,55099,69820,2019-06-26 18:51:41,month_day_year_inferred@title,,VQC-II: 19 compartments,"About 55,099 Pilgrims had Darshan from 3am to 6pm on June 26",https://news.tirumala.org/about-55099-pilgrims-had-darshan-from-3am-to-6pm-on-june-26/
2019-06-27,45405,69859,2019-06-27 19:51:19,month_day_year_inferred@title,24,VQC-II: 26 compartments,"About 45,405 Pilgrims had Darshan from 3am to 6pm on June 27",https://news.tirumala.org/about-45405-pilgrims-had-darshan-from-3am-to-6pm-on-june-27/
2019-06-28,49037,69885,2019-06-28 19:38:22,month_day_year_inferred@title,24,,"About 49,037 Pilgrims had Darshan from 3am to 7pm on June 28",https://news.tirumala.org/about-49037-pilgrims-had-darshan-from-3am-to-7pm-on-june-28/
2019-06-29,66363,69894,2019-06-29 19:52:43,month_day_year_inferred@title,24,,"About 66,363 Pilgrims had Darshan from 3am to 6pm on June 29",https://news.tirumala.org/about-66363-pilgrims-had-darshan-from-3am-to-6pm-on-june-29/
2019-06-30,63256,69943,2019-06-30 19:58:48,month_day_year_inferred@title,24,,"About 63,256 Pilgrims had Darshan from 3am to 6pm on June 30",https://news.tirumala.org/about-63256-pilgrims-had-darshan-from-3am-to-6pm-on-june-30/
2019-07-01,55295,69960,2019-07-01 19:54:32,month_day_year_inferred@title,20,VQC-II: 27 compartments,"About 55,295 Pilgrims had Darshan from 3am to 6pm on July 1",https://news.tirumala.org/about-55295-pilgrims-had-darshan-from-3am-to-6pm-on-july-1/
2019-07-02,51389,69964,2019-07-02 18:25:13,month_day_year_inferred@title,8,VQC-II: 14 compartments,"About 51,389 Pilgrims had Darshan from 3am to 6pm on July 2",https://news.tirumala.org/about-51389-pilgrims-had-darshan-from-3am-to-6pm-on-july-2/
2019-07-03,39167,69968,2019-07-03 20:32:52,month_day_year_inferred@title,10,VQC-II: 8 compartments,"About 39,167 Pilgrims had Darshan from 3am to 6pm on July 3",https://news.tirumala.org/about-39167-pilgrims-had-darshan-from-3am-to-6pm-on-july-3/
2019-07-04,35918,70047,2019-07-04 19:55:35,month_day_year_inferred@title,16,VQC-II: 22 compartments,"About 35,918 Pilgrims had Darshan from 3am to 6pm on July 4",https://news.tirumala.org/about-35918-pilgrims-had-darshan-from-3am-to-6pm-on-july-4/
2019-07-05,44802,70086,2019-07-05 18:42:47,month_day_year_inferred@title,22,,"About 44,802 Pilgrims had Darshan from 3am to 6pm on July 5",https://news.tirumala.org/about-44802-pilgrims-had-darshan-from-3am-to-6pm-on-july-5/
2019-07-06,64789,70108,2019-07-06 20:54:21,month_day_year_inferred@title,20,,"About 64,789 Pilgrims had Darshan from 3am to 6pm on July 6",https://news.tirumala.org/about-64789-pilgrims-had-darshan-from-3am-to-6pm-on-july-6/
2019-07-07,62148,70150,2019-07-07 18:52:33,month_day_year_inferred@title,24,,"About 62,148 Pilgrims had Darshan from 3am to 6pm on July 7",https://news.tirumala.org/about-62148-pilgrims-had-darshan-from-3am-to-6pm-on-july-7/
2019-07-08,55908,70178,2019-07-08 18:40:32,month_day_year_inferred@title,20,,"About 55,908 Pilgrims had Darshan from 3am to 6pm on July 8",https://news.tirumala.org/about-55908-pilgrims-had-darshan-from-3am-to-6pm-on-july-8/
2019-07-09,50116,70241,2019-07-09 18:49:59,month_day_year_inferred@title,24,,"About 50,116 Pilgrims had Darshan from 3am to 6pm on July 9",https://news.tirumala.org/about-50116-pilgrims-had-darshan-from-3am-to-6pm-on-july-9/
2019-07-10,42613,70265,2019-07-10 23:15:12,month_day_year_inferred@title,20,,"About 42,613 Pilgrims had Darshan from 3am to 6pm on July 10",https://news.tirumala.org/about-42613-pilgrims-had-darshan-from-3am-to-6pm-on-july-10/
2019-07-11,44574,70296,2019-07-11 18:49:29,month_day_year_inferred@title,24,,"About 44,574 Pilgrims had Darshan from 3am to 6pm on July 11",https://news.tirumala.org/about-44574-pilgrims-had-darshan-from-3am-to-6pm-on-july-11/
2019-07-12,39054,70352,2019-07-12 18:54:28,month_day_year_inferred@title,20,,"About 39,054 Pilgrims had Darshan from 3am to 6pm on July 12",https://news.tirumala.org/about-39054-pilgrims-had-darshan-from-3am-to-6pm-on-july-12/
2019-07-13,66957,70420,2019-07-13 18:46:20,month_day_year_inferred@title,,,"About 66,957 Pilgrims had Darshan from 3am to 6pm on July 13",https://news.tirumala.org/about-66957-pilgrims-had-darshan-from-3am-to-6pm-on-july-13/
2019-07-14,58441,70524,2019-07-14 19:41:16,month_day_year_inferred@title,24,,"About 58,441 Pilgrims had Darshan from 3am to 6pm on July 14",https://news.tirumala.org/about-58441-pilgrims-had-darshan-from-3am-to-6pm-on-july-14/
2019-07-15,56873,70587,2019-07-15 19:32:31,month_day_year_inferred@title,24,,"About 56,873 Pilgrims had Darshan from 3am to 6pm on July 15",https://news.tirumala.org/about-56873-pilgrims-had-darshan-from-3am-to-6pm-on-july-15/
2019-07-17,38587,70738,2019-07-17 20:21:39,month_day_year_inferred@title,20,,"About 38,587 Pilgrims had Darshan from 3am to 6pm on July 17",https://news.tirumala.org/about-38587-pilgrims-had-darshan-from-3am-to-6pm-on-july-17/
2019-07-18,48267,70770,2019-07-18 19:16:40,month_day_year_inferred@title,24,,"About 48,267 Pilgrims had Darshan from 3am to 6pm on July 18",https://news.tirumala.org/about-48267-pilgrims-had-darshan-from-3am-to-6pm-on-july-18/
2019-07-19,49128,70806,2019-07-19 19:14:08,month_day_year_inferred@title,24,,"About 49,128 Pilgrims had Darshan from 3am to 6pm on July 19",https://news.tirumala.org/about-49128-pilgrims-had-darshan-from-3am-to-6pm-on-july-19/
2019-07-21,60407,70853,2019-07-21 18:17:24,month_day_year_inferred@title,24,,"About 60,407 Pilgrims had Darshan from 3am to 6pm on July 21",https://news.tirumala.org/about-60407-pilgrims-had-darshan-from-3am-to-6pm-on-july-21/
2019-07-22,61242,70882,2019-07-22 19:14:32,month_day_year_inferred@title,20,,"About 61,242 Pilgrims had Darshan from 3am to 6pm on July 22",https://news.tirumala.org/about-61242-pilgrims-had-darshan-from-3am-to-6pm-on-july-22/
2019-07-23,53684,70924,2019-07-23 19:18:45,month_day_year_inferred@title,24,,"About 53,684 Pilgrims had Darshan from 3am to 6pm on July 23",https://news.tirumala.org/about-53684-pilgrims-had-darshan-from-3am-to-6pm-on-july-23/
2019-07-24,51102,70945,2019-07-24 19:48:10,month_day_year_inferred@title,24,,"About 51,102 Pilgrims had Darshan from 3am to 6pm on July 24",https://news.tirumala.org/about-51102-pilgrims-had-darshan-from-3am-to-6pm-on-july-24/
2019-07-25,51498,70975,2019-07-25 19:58:10,month_day_year_inferred@title,24,,"About 51,498 Pilgrims had Darshan from 3am to 6pm on July 25",https://news.tirumala.org/about-51498-pilgrims-had-darshan-from-3am-to-6pm-on-july-25/
2019-07-26,42178,71015,2019-07-26 18:16:28,month_day_year_inferred@title,24,,"About 42,178 Pilgrims had Darshan from 3am to 6pm on July 26",https://news.tirumala.org/about-42178-pilgrims-had-darshan-from-3am-to-6pm-on-july-26/
2019-07-27,65477,71072,2019-07-27 19:19:50,month_day_year_inferred@title,24,,"About 65,477 Pilgrims had Darshan from 3am to 6pm on July 27",https://news.tirumala.org/about-65477-pilgrims-had-darshan-from-3am-to-6pm-on-july-27/
2019-07-28,64522,71094,2019-07-28 19:16:23,month_day_year_inferred@title,18,,"About 64,522 Pilgrims had Darshan from 3am to 6pm on July 28",https://news.tirumala.org/about-64522-pilgrims-had-darshan-from-3am-to-6pm-on-july-28/
2019-07-29,62879,71120,2019-07-29 19:39:15,month_day_year_inferred@title,12,VQC-II: 21 compartments,"About 62,879 Pilgrims had Darshan from 3am to 6pm on July 29",https://news.tirumala.org/about-62879-pilgrims-had-darshan-from-3am-to-6pm-on-july-29/
2019-07-30,52085,71139,2019-07-30 19:40:45,month_day_year_inferred@title,8,VQC-II: 6 compartments,"About 52,085 Pilgrims had Darshan from 3am to 6pm on July 30",https://news.tirumala.org/about-52085-pilgrims-had-darshan-from-3am-to-6pm-on-july-30/
2019-07-31,40755,71181,2019-07-31 20:16:18,month_day_year_inferred@title,6,VQC-II: 8 compartments,"About 40,755 Pilgrims had Darshan from 3am to 6pm on July 31",https://news.tirumala.org/about-40755-pilgrims-had-darshan-from-3am-to-6pm-on-july-31/
2019-08-01,49076,71195,2019-08-01 20:02:45,month_day_year_inferred@title,6,VQC-II: 6 compartments,"About 49,076 Pilgrims had Darshan from 3am to 6pm on August 1",https://news.tirumala.org/about-49076-pilgrims-had-darshan-from-3am-to-6pm-on-august-1/
2019-08-02,41295,71231,2019-08-02 18:20:40,month_day_year_inferred@title,6,VQC-II: 8 compartments,"About 41,295 Pilgrims had Darshan from 3am to 6pm on August 2",https://news.tirumala.org/about-41295-pilgrims-had-darshan-from-3am-to-6pm-on-august-2/
2019-08-03,54091,71256,2019-08-03 18:41:22,month_day_year_inferred@title,16,VQC-II: 21 compartments,"About 54,091 Pilgrims had Darshan from 3am to 6pm on August 3",https://news.tirumala.org/about-54091-pilgrims-had-darshan-from-3am-to-6pm-on-august-3/
2019-08-04,60052,71319,2019-08-04 18:37:29,month_day_year_inferred@title,16,VQC-II: 24 compartments,"About 60,052 Pilgrims had Darshan from 3am to 6pm on August 4",https://news.tirumala.org/about-60052-pilgrims-had-darshan-from-3am-to-6pm-on-august-4/
2019-08-05,53978,71358,2019-08-05 18:13:19,month_day_year_inferred@title,12,VQC-II: 9 compartments,"About 53,978 Pilgrims had Darshan from 3am to 6pm on Aug 5",https://news.tirumala.org/about-53978-pilgrims-had-darshan-from-3am-to-6pm-on-aug-5/
2019-08-06,45099,71398,2019-08-06 18:50:48,month_day_year_inferred@title,8,VQC-II: 14 compartments,"About 45,099 Pilgrims had Darshan from 3am to 6pm on Aug 6",https://news.tirumala.org/about-45099-pilgrims-had-darshan-from-3am-to-6pm-on-aug-6/
2019-08-07,46722,71418,2019-08-07 18:51:01,month_day_year_inferred@title,12,VQC-II: 9 compartments,"About 46,722 Pilgrims had Darshan from 3am to 6pm on Aug 7",https://news.tirumala.org/about-46722-pilgrims-had-darshan-from-3am-to-6pm-on-aug-7/
2019-08-08,48849,71460,2019-08-08 19:31:18,month_day_year_inferred@title,12,VQC-II: 20 compartments,"About 48,849 Pilgrims had Darshan from 3am to 6pm on Aug 8",https://news.tirumala.org/about-48849-pilgrims-had-darshan-from-3am-to-6pm-on-aug-8/
2019-08-09,41302,71522,2019-08-09 19:09:01,month_day_year_inferred@title,12,VQC-II: 22 compartments,"About 41,302 Pilgrims had Darshan from 3am to 6pm on August 9",https://news.tirumala.org/about-41302-pilgrims-had-darshan-from-3am-to-6pm-on-august-9/
2019-08-10,60724,71572,2019-08-10 18:53:57,month_day_year_inferred@title,24,,"About 60,724 Pilgrims had Darshan from 3am to 6pm on Aug 10",https://news.tirumala.org/about-60724-pilgrims-had-darshan-from-3am-to-6pm-on-aug-10/
2019-08-11,66645,71594,2019-08-11 19:13:09,month_day_year_inferred@title,24,,"About 66,645 Pilgrims had Darshan from 3am to 6pm on August 11",https://news.tirumala.org/about-66645-pilgrims-had-darshan-from-3am-to-6pm-on-august-11/
2019-08-12,55404,71624,2019-08-12 18:48:48,month_day_year_inferred@title,24,,"About 55,404 Pilgrims had Darshan from 3am to 6pm on August 12",https://news.tirumala.org/about-55404-pilgrims-had-darshan-from-3am-to-6pm-on-august-12/
2019-08-13,59225,71661,2019-08-13 18:22:41,month_day_year_inferred@title,18,VQC-II: 29 compartments,"About 59,225 Pilgrims had Darshan from 3am to 6pm on August 13",https://news.tirumala.org/about-59225-pilgrims-had-darshan-from-3am-to-6pm-on-august-13/
2019-08-14,49239,71688,2019-08-14 19:36:25,month_day_year_inferred@title,20,VQC-II: 29 compartments,"About 49,239 Pilgrims had Darshan from 3am to 6pm on Aug 14",https://news.tirumala.org/about-49239-pilgrims-had-darshan-from-3am-to-6pm-on-aug-14/
2019-08-15,48354,71795,2019-08-15 18:32:51,month_day_year_inferred@title,24,,"About 48,354 Pilgrims had Darshan from 3am to 6pm on August 15",https://news.tirumala.org/about-48354-pilgrims-had-darshan-from-3am-to-6pm-on-august-15/
2019-08-16,44370,71850,2019-08-16 18:58:59,month_day_year_inferred@title,18,,"About 44,370 Pilgrims had Darshan from 3am to 6pm on August 16",https://news.tirumala.org/about-44370-pilgrims-had-darshan-from-3am-to-6pm-on-august-16/
2019-08-17,58215,71899,2019-08-17 19:24:01,month_day_year_inferred@title,24,,"About 58,215 Pilgrims had Darshan from 3am to 6pm on Aug 17",https://news.tirumala.org/about-58215-pilgrims-had-darshan-from-3am-to-6pm-on-aug-17/
2019-08-18,61612,71942,2019-08-18 19:27:47,month_day_year_inferred@title,16,VQC-II: 27 compartments,"About 61,612 Pilgrims had Darshan from 3am to 6pm on August 18",https://news.tirumala.org/about-61612-pilgrims-had-darshan-from-3am-to-6pm-on-august-18/
2019-08-19,55005,71965,2019-08-19 18:30:11,month_day_year_inferred@title,10,VQC-II: 9 compartments,"About 55,005 Pilgrims had Darshan from 3am to 6pm on Aug 19",https://news.tirumala.org/about-55005-pilgrims-had-darshan-from-3am-to-6pm-on-aug-19/
2019-08-20,52006,71987,2019-08-20 20:39:30,month_day_year_inferred@title,10,VQC-II: 11 compartments,"About 52,006 Pilgrims had Darshan from 3am to 6pm on August 20",https://news.tirumala.org/about-52006-pilgrims-had-darshan-from-3am-to-6pm-on-august-20/
2019-08-21,46658,72032,2019-08-21 18:40:51,month_day_year_inferred@title,8,VQC-II: 14 compartments,"About 46,658 Pilgrims had Darshan from 3am to 6pm on August 21",https://news.tirumala.org/about-46658-pilgrims-had-darshan-from-3am-to-6pm-on-august-21/
2019-08-22,49098,72052,2019-08-22 18:40:49,month_day_year_inferred@title,,VQC-II: 27 compartments,"About 49,098 Pilgrims had Darshan from 3am to 6pm on August 22",https://news.tirumala.org/about-49098-pilgrims-had-darshan-from-3am-to-6pm-on-august-22/
2019-08-23,45885,72093,2019-08-23 18:30:58,month_day_year_inferred@title,20,VQC-II: 29 compartments,About 45885 Pilgrims had Darshan from 3am to 6pm on August 23,https://news.tirumala.org/about-45885-pilgrims-had-darshan-from-3am-to-6pm-on-august-23/
2019-08-24,58488,72138,2019-08-24 18:38:48,month_day_year_inferred@title,12,VQC-II: 23 compartments,"About 58,488 Pilgrims had Darshan from 3am to 6pm on August 24",https://news.tirumala.org/about-58488-pilgrims-had-darshan-from-3am-to-6pm-on-august-24/
2019-08-25,60584,72162,2019-08-25 19:16:52,month_day_year_inferred@title,6,VQC-II: 8 compartments,"About 60,584 Pilgrims had Darshan from 3am to 6pm on August 25",https://news.tirumala.org/about-60584-pilgrims-had-darshan-from-3am-to-6pm-on-august-25/
2019-08-26,51537,72234,2019-08-26 18:44:08,month_day_year_inferred@title,6,VQC-II: 8 compartments,"About 51,537 Pilgrims had Darshan from 3am to 6pm on August 26",https://news.tirumala.org/about-51537-pilgrims-had-darshan-from-3am-to-6pm-on-august-26/
2019-08-27,48688,72249,2019-08-27 18:20:40,month_day_year_inferred@title,8,VQC-II: 7 compartments,"About 48,688 Pilgrims had Darshan from 3am to 6pm on August 27",https://news.tirumala.org/about-48688-pilgrims-had-darshan-from-3am-to-6pm-on-august-27/
2019-08-28,42592,72282,2019-08-28 18:17:22,month_day_year_inferred@title,12,VQC-II: 12 compartments,"About 42,592 Pilgrims had Darshan from 3am to 6pm on August 28",https://news.tirumala.org/about-42592-pilgrims-had-darshan-from-3am-to-6pm-on-august-28/
2019-08-29,47199,72318,2019-08-29 19:23:55,month_day_year_inferred@title,8,VQC-II: 12 compartments,"About 47,199 Pilgrims had Darshan from 3am to 6pm on August 29",https://news.tirumala.org/about-47199-pilgrims-had-darshan-from-3am-to-6pm-on-august-29/
2019-08-30,41899,72363,2019-08-30 19:36:14,month_day_year_inferred@title,8,VQC-II: 5 compartments,"About 41,899 Pilgrims had Darshan from 3am to 6pm on August 30",https://news.tirumala.org/about-41899-pilgrims-had-darshan-from-3am-to-6pm-on-august-30/
2019-08-31,49658,72413,2019-08-31 19:41:04,month_day_year_inferred@title,6,VQC-II: 5 compartments,"About 49,658 Pilgrims had Darshan from 3am to 6pm on August 31",https://news.tirumala.org/about-49658-pilgrims-had-darshan-from-3am-to-6pm-on-august-31/
2019-09-01,52391,72445,2019-09-01 21:44:11,month_day_year_inferred@title,10,VQC-II: 14 compartments,"About 52,391 Pilgrims had Darshan from 3am to 6pm on September 1",https://news.tirumala.org/about-52391-pilgrims-had-darshan-from-3am-to-6pm-on-september-1/
2019-09-02,57091,72482,2019-09-02 19:10:00,month_day_year_inferred@title,10,VQC-II: 15 compartments,"About 57,091 Pilgrims had Darshan from 3am to 6pm on September 2",https://news.tirumala.org/about-57091-pilgrims-had-darshan-from-3am-to-6pm-on-september-2/
2019-09-03,46396,72498,2019-09-03 18:44:55,month_day_year_inferred@title,6,VQC-II: 5 compartments,"About 46,396 Pilgrims had Darshan from 3am to 6pm on September 3",https://news.tirumala.org/about-46396-pilgrims-had-darshan-from-3am-to-6pm-on-september-3/
2019-09-04,45216,72526,2019-09-04 19:23:31,month_day_year_inferred@title,6,VQC-II: 7 compartments,"About 45,216 Pilgrims had Darshan from 3am to 6pm on September 4",https://news.tirumala.org/about-45216-pilgrims-had-darshan-from-3am-to-6pm-on-september-4/
2019-09-05,44900,72566,2019-09-05 21:17:24,month_day_year_inferred@title,8,VQC-II: 12 compartments,"About 44,900 Pilgrims had Darshan from 3am to 6pm on September 5",https://news.tirumala.org/about-44900-pilgrims-had-darshan-from-3am-to-6pm-on-september-5/
2019-09-06,39341,72612,2019-09-06 19:41:20,month_day_year_inferred@title,12,VQC-II: 19 compartments,"About 39,341 Pilgrims had Darshan from 3am to 6pm on September 6",https://news.tirumala.org/about-39341-pilgrims-had-darshan-from-3am-to-6pm-on-september-6/
2019-09-07,54652,72652,2019-09-07 18:57:31,month_day_year_inferred@title,8,VQC-II: 10 compartments,"About 54,652 Pilgrims had Darshan from 3am to 6pm on September 7",https://news.tirumala.org/about-54652-pilgrims-had-darshan-from-3am-to-6pm-on-september-7/
2019-09-08,54162,72680,2019-09-08 18:38:51,month_day_year_inferred@title,6,VQC-II: 6 compartments,"About 54,162 Pilgrims had Darshan from 3am to 6pm on September 8",https://news.tirumala.org/about-54162-pilgrims-had-darshan-from-3am-to-6pm-on-september-8/
2019-09-09,48620,72714,2019-09-09 18:26:15,month_day_year_inferred@title,12,VQC-II: 13 compartments,"About 48,620 Pilgrims had Darshan from 3am to 6pm on September 9",https://news.tirumala.org/about-48620-pilgrims-had-darshan-from-3am-to-6pm-on-september-9/
2019-09-10,49546,72776,2019-09-10 19:20:38,month_day_year_inferred@title,8,VQC-II: 10 compartments,"About 49,546 Pilgrims had Darshan from 3am to 6pm on September 10",https://news.tirumala.org/about-49546-pilgrims-had-darshan-from-3am-to-6pm-on-september-10/
2019-09-11,43744,72824,2019-09-11 20:06:05,month_day_year_inferred@title,8,VQC-II: 15 compartments,"About 43,744 Pilgrims had Darshan from 3am to 6pm on September 11",https://news.tirumala.org/about-43744-pilgrims-had-darshan-from-3am-to-6pm-on-september-11/
2019-09-12,47412,72896,2019-09-12 18:15:55,month_day_year_inferred@title,16,VQC-II: 24 compartments,"About 47,412 Pilgrims had Darshan from 3am to 6pm on September 12",https://news.tirumala.org/about-47412-pilgrims-had-darshan-from-3am-to-6pm-on-september-12/
2019-09-13,49811,72931,2019-09-13 18:26:09,month_day_year_inferred@title,12,VQC-II: 28 compartments,"About 49,811 Pilgrims had Darshan from 3am to 6pm on September 13",https://news.tirumala.org/about-49811-pilgrims-had-darshan-from-3am-to-6pm-on-september-13/
2019-09-14,59395,72935,2019-09-14 18:45:09,month_day_year_inferred@title,16,VQC-II: 27 compartments,"About 59,395 Pilgrims had Darshan from 3am to 6pm on September 14",https://news.tirumala.org/about-59395-pilgrims-had-darshan-from-3am-to-6pm-on-september-14/
2019-09-15,60731,72976,2019-09-15 21:48:11,month_day_year_inferred@title,16,VQC-II: 30 compartments,"About 60,731 Pilgrims had Darshan from 3am to 6pm on September 15",https://news.tirumala.org/about-60731-pilgrims-had-darshan-from-3am-to-6pm-on-september-15/
2019-09-16,53952,72997,2019-09-16 18:25:49,month_day_year_inferred@title,6,VQC-II: 5 compartments,"About 53,952 Pilgrims had Darshan from 3am to 6pm on September 16",https://news.tirumala.org/about-53952-pilgrims-had-darshan-from-3am-to-6pm-on-september-16/
2019-09-17,49075,73026,2019-09-17 18:58:18,month_day_year_inferred@title,6,VQC-II: 8 compartments,"About 49,075 Pilgrims had Darshan from 3am to 6pm on September 17",https://news.tirumala.org/about-49075-pilgrims-had-darshan-from-3am-to-6pm-on-september-17/
2019-09-18,45155,73046,2019-09-18 21:43:42,month_day_year_inferred@title,18,VQC-II: 25 compartments,"About 45,155 Pilgrims had Darshan from 3am to 6pm on September 18",https://news.tirumala.org/about-45155-pilgrims-had-darshan-from-3am-to-6pm-on-september-18/
2019-09-19,52990,73073,2019-09-19 21:31:46,month_day_year_inferred@title,12,VQC-II: 29 compartments,"About 52,990 Pilgrims had Darshan from 3am to 6pm on September 19",https://news.tirumala.org/about-52990-pilgrims-had-darshan-from-3am-to-6pm-on-september-19/
2019-09-20,42862,73118,2019-09-20 18:47:49,month_day_year_inferred@title,,VQC-II: 18 compartments,"About 42,862 Pilgrims had Darshan from 3am to 6pm on September 20",https://news.tirumala.org/about-42862-pilgrims-had-darshan-from-3am-to-6pm-on-september-20/
2019-09-21,56686,73151,2019-09-21 18:41:40,month_day_year_inferred@title,14,VQC-II: 24 compartments,"About 56,686 Pilgrims had Darshan from 3am to 6pm on September 21",https://news.tirumala.org/about-56686-pilgrims-had-darshan-from-3am-to-6pm-on-september-21/
2019-09-22,61501,73180,2019-09-22 19:40:06,month_day_year_inferred@title,10,,"About 61,501 Pilgrims had Darshan from 3am to 6pm on September 22",https://news.tirumala.org/about-61501-pilgrims-had-darshan-from-3am-to-6pm-on-september-22/
2019-09-23,38165,73324,2019-09-23 21:46:01,month_day_year_inferred@title,18,VQC-II: 29 compartments,"About 38,165 Pilgrims had Darshan from 3am to 6pm on September 23",https://news.tirumala.org/about-38165-pilgrims-had-darshan-from-3am-to-6pm-on-september-23/
2019-09-24,43711,73362,2019-09-24 20:36:37,month_day_year_inferred@title,26,VQC-II: 29 compartments,"About 43,711 Pilgrims had Darshan from 3am to 6pm on September 24",https://news.tirumala.org/about-43711-pilgrims-had-darshan-from-3am-to-6pm-on-september-24/
2019-09-27,40832,73455,2019-09-27 18:32:18,month_day_year_inferred@title,12,VQC-II: 26 compartments,"About 40,832 Pilgrims had Darshan from 3am to 6pm on September 27",https://news.tirumala.org/about-40832-pilgrims-had-darshan-from-3am-to-6pm-on-september-27/
2019-10-04,54321,74426,2019-10-03 21:41:24,month_day_year_inferred@title,24,,"About 54,321 Pilgrims had Darshan from 3am to 6pm on October 4",https://news.tirumala.org/about-54321-pilgrims-had-darshan-from-3am-to-6pm-on-october-3/
2019-10-06,66585,75260,2019-10-06 22:54:17,month_day_year_inferred@title,24,,"About 66,585 Pilgrims had Darshan from 3am to 6pm on October 6",https://news.tirumala.org/about-66585-pilgrims-had-darshan-from-3am-to-6pm-on-october-6/
2019-10-07,82303,75587,2019-10-07 19:37:07,month_day_year_inferred@title,24,,"About 82,303 Pilgrims had Darshan from 3am to 6pm on October 7",https://news.tirumala.org/auto-draft-5/
2019-10-08,68548,75752,2019-10-08 21:53:33,month_day_year_inferred@title,,,"About 68,548 Pilgrims had Darshan from 3am to 6pm on October 8",https://news.tirumala.org/about-68548-pilgrims-had-darshan-from-3am-to-6pm-on-october-8/
2019-10-10,51338,75847,2019-10-10 20:01:57,month_day_year_inferred@title,20,,"About 51,338 Pilgrims had Darshan from 3am to 6pm on October 10",https://news.tirumala.org/about-51338-pilgrims-had-darshan-from-3am-to-6pm-on-october-10/
2019-10-12,67212,76029,2019-10-12 18:47:32,month_day_year_inferred@title,,,"About 67,212 Pilgrims had Darshan from 3am to 6pm on October 12",https://news.tirumala.org/about-67212-pilgrims-had-darshan-from-3am-to-6pm-on-october-12/
2019-10-13,64654,76179,2019-10-13 20:46:35,month_day_year_inferred@title,22,,"About 64,654 Pilgrims had Darshan from 3am to 6pm on October 13",https://news.tirumala.org/about-64654-pilgrims-had-darshan-from-3am-to-6pm-on-october-13/
2019-10-14,58473,76266,2019-10-14 18:59:46,month_day_year_inferred@title,24,,"About 58,473 Pilgrims had Darshan from 3am to 6pm on October 14",https://news.tirumala.org/about-58473-pilgrims-had-darshan-from-3am-to-6pm-on-october-14/
2019-10-15,55491,76352,2019-10-15 18:49:47,month_day_year_inferred@title,18,,"About 55,491 Pilgrims had Darshan from 3am to 6pm on October 15",https://news.tirumala.org/about-55491-pilgrims-had-darshan-from-3am-to-6pm-on-october-15/
2019-10-17,43398,76565,2019-10-17 18:18:43,month_day_year_inferred@title,,,"About 43,398 Pilgrims had Darshan from 3am to 6pm on October 17",https://news.tirumala.org/about-43398-pilgrims-had-darshan-from-3am-to-6pm-on-october-17/
2019-10-18,45466,76594,2019-10-18 19:26:20,month_day_year_inferred@title,12,VQC-II: 27 compartments,"About 45,466 Pilgrims had Darshan from 3am to 6 pm on October 18",https://news.tirumala.org/about-45466-pilgrims-had-darshan-from-3am-to-6-pm%e2%80%8b-on-october-18/
2019-10-19,60805,76747,2019-10-19 18:50:40,month_day_year_inferred@title,12,,"About 60,805 Pilgrims had Darshan from 3am to 6pm on October 19",https://news.tirumala.org/about-60805-pilgrims-had-darshan-from-3am-to-6pm-on-october-19/
2019-10-20,56760,76826,2019-10-20 18:59:08,month_day_year_inferred@title,10,VQC-II: 26 compartments,"About 56,760 Pilgrims had Darshan from 3am to 6pm on October 20",https://news.tirumala.org/about-56760-pilgrims-had-darshan-from-3am-to-6pm-on-october-20/
2019-10-21,48912,76916,2019-10-21 18:51:20,month_day_year_inferred@title,6,,"About 48,912 Pilgrims had Darshan from 3am to 6pm on October 21",https://news.tirumala.org/about-48912-pilgrims-had-darshan-from-3am-to-6pm-on-october-21/
2019-10-22,44390,76977,2019-10-22 19:37:49,month_day_year_inferred@title,5,VQC-II: 7 compartments,"About 44,390 Pilgrims had Darshan from 3am to 6pm on October 22",https://news.tirumala.org/auto-draft-7/
2019-10-23,35759,77110,2019-10-23 19:02:29,month_day_year_inferred@title,6,VQC-II: 9 compartments,"About 35,759 Pilgrims had Darshan from 3am to 6pm on October 23",https://news.tirumala.org/about-35759-pilgrims-had-darshan-from-3am-to-6pm-on-october-23/
2019-10-24,41983,77222,2019-10-24 18:22:51,month_day_year_inferred@title,10,,"About 41,983 Pilgrims had Darshan from 3am to 6pm on October 24",https://news.tirumala.org/about-41983-pilgrims-had-darshan-from-3am-to-6pm-on-october-24/
2019-10-25,40107,77364,2019-10-25 20:40:27,month_day_year_inferred@title,3,VQC-II: 3 compartments,"About 40,107 Pilgrims had Darshan from 3am to 6pm on October 25",https://news.tirumala.org/about-40107-pilgrims-had-darshan-from-3am-to-6pm-on-october-25/
2019-10-26,48585,77430,2019-10-26 19:58:24,month_day_year_inferred@title,6,VQC-II: 12 compartments,"About 48,585 Pilgrims had Darshan from 3am to 6pm on October 26",https://news.tirumala.org/about-48585-pilgrims-had-darshan-from-3am-to-6pm-on-october-26/
2019-10-27,46600,77546,2019-10-27 19:39:31,month_day_year_inferred@title,6,VQC-II: 20 compartments,"About 46,600 Pilgrims had Darshan from 3am to 6pm on October 27",https://news.tirumala.org/about-46600-pilgrims-had-darshan-from-3am-to-6pm-on-october-27/
2019-10-28,52079,77625,2019-10-28 19:01:57,month_day_year_inferred@title,12,VQC-II: 21 compartments,"About 52,079 Pilgrims had Darshan from 3am to 6pm on October 28",https://news.tirumala.org/about-52079-pilgrims-had-darshan-from-3am-to-6pm-on-october-28/
2019-10-29,46519,77715,2019-10-29 19:18:33,month_day_year_inferred@title,18,,"About 46,519 Pilgrims had Darshan from 3am to 6pm on October 29",https://news.tirumala.org/about-46519-pilgrims-had-darshan-from-3am-to-6pm-on-october-29/
2019-10-30,52079,77831,2019-10-30 18:41:59,month_day_year_inferred@title,12,VQC-II: 21 compartments,"About 52,079 Pilgrims had Darshan from 3am to 6pm on October 30",https://news.tirumala.org/about-52079-pilgrims-had-darshan-from-3am-to-6pm-on-october-30/
2019-10-31,48620,77947,2019-10-31 19:18:42,month_day_year_inferred@title,12,VQC-II: 22 compartments,"About 48,620 Pilgrims had Darshan from 3am to 6pm on October 31",https://news.tirumala.org/about-48620-pilgrims-had-darshan-from-3am-to-6pm-on-october-31/
2019-11-01,42223,78053,2019-11-01 20:31:25,month_day_year_inferred@title,12,VQC-II: 22 compartments,"About 42,223 Pilgrims had Darshan from 3am to 6pm on November 1",https://news.tirumala.org/about-42223-pilgrims-had-darshan-from-3am-to-6pm-on-november-1/
2019-11-02,55701,78140,2019-11-02 18:19:08,month_day_year_inferred@title,12,,"About 55,701 Pilgrims had Darshan from 3am to 6pm on November 2",https://news.tirumala.org/about-55701-pilgrims-had-darshan-from-3am-to-6pm-on-november-2/
2019-11-03,56393,78167,2019-11-03 19:33:25,month_day_year_inferred@title,12,VQC-II: 25 compartments,"About 56,393 Pilgrims had Darshan from 3am to 6pm on November 3",https://news.tirumala.org/about-56393-pilgrims-had-darshan-from-3am-to-6pm-on-november-3/
2019-11-04,43389,78505,2019-11-04 18:11:35,month_day_year_inferred@title,6,VQC-II: 12 compartments,"About 43,389 Pilgrims had Darshan from 3am to 6pm on November 4",https://news.tirumala.org/about-43389-pilgrims-had-darshan-from-3am-to-6pm-on-november-4/
2019-11-05,46106,78443,2019-11-05 19:32:00,month_day_year_inferred@title,6,VQC-II: 10 compartments,"About 46,106 Pilgrims had Darshan from 3am to 6pm on November 5",https://news.tirumala.org/about-46106-pilgrims-had-darshan-from-3am-to-6pm-on-november-5/
2019-11-06,43457,78579,2019-11-06 20:03:09,month_day_year_inferred@title,6,VQC-II: 11 compartments,"About 43,457 Pilgrims had Darshan from 3am to 6pm on November 6",https://news.tirumala.org/about-43457-pilgrims-had-darshan-from-3am-to-6pm-on-november-6/
2019-11-07,45499,78686,2019-11-07 21:16:06,month_day_year_inferred@title,8,VQC-II: 16 compartments,"About 45,499 Pilgrims had Darshan from 3am to 6pm on November 7",https://news.tirumala.org/about-45499-pilgrims-had-darshan-from-3am-to-6pm-on-november-7/
2019-11-08,40023,78769,2019-11-08 19:22:59,month_day_year_inferred@title,,VQC-II: 25 compartments,"About 40,023 Pilgrims had Darshan from 3am to 6pm on November 8",https://news.tirumala.org/about-40023-pilgrims-had-darshan-from-3am-to-6pm-on-november-8/
2019-11-09,52603,78844,2019-11-09 21:23:00,month_day_year_inferred@title,10,,"About 52,603 Pilgrims had Darshan from 3am to 6pm on November 9",https://news.tirumala.org/about-52603-pilgrims-had-darshan-from-3am-to-6pm-on-november-9/
2019-11-10,54922,78896,2019-11-10 19:02:37,month_day_year_inferred@title,,VQC-II: 22 compartments,"About 54,922 Pilgrims had Darshan from 3am to 6pm on November 10",https://news.tirumala.org/about-54922-pilgrims-had-darshan-from-3am-to-6pm-on-november-10/
2019-11-12,59237,79016,2019-11-12 21:12:54,month_day_year_inferred@title,6,,"About 59,237 Pilgrims had Darshan from 3am to 6pm on November 12",https://news.tirumala.org/about-59237-pilgrims-had-darshan-from-3am-to-6pm-on-november-12/
2019-11-13,40053,79086,2019-11-13 21:14:06,month_day_year_inferred@title,6,VQC-II: 12 compartments,"About 40,053 Pilgrims had Darshan from 3am to 6pm on November 13",https://news.tirumala.org/about-40053-pilgrims-had-darshan-from-3am-to-6pm-on-november-13/
2019-11-14,39696,79205,2019-11-14 22:26:43,month_day_year_inferred@title,6,VQC-II: 14 compartments,"About 39,696 Pilgrims had Darshan from 3am to 6pm on November 14",https://news.tirumala.org/about-39696-pilgrims-had-darshan-from-3am-to-6pm-on-november-14/
2019-11-15,42017,79240,2019-11-15 19:49:17,month_day_year_inferred@title,12,VQC-II: 28 compartments,"About 42,017 Pilgrims had Darshan from 3am to 7pm on November 15",https://news.tirumala.org/about-42017-pilgrims-had-darshan-from-3am-to-6pm-on-november-15/
2019-11-16,55349,79429,2019-11-16 19:55:39,month_day_year_inferred@title,12,VQC-II: 20 compartments,"About 55,349 Pilgrims had Darshan from 3am to 6pm on November 16",https://news.tirumala.org/about-55349-pilgrims-had-darshan-from-3am-to-6pm-on-november-16/
2019-11-18,45749,79656,2019-11-18 18:20:44,month_day_year_inferred@title,8,VQC-II: 13 compartments,"About 45,749 Pilgrims had Darshan from 3am to 6pm on November 18",https://news.tirumala.org/about-45749-pilgrims-had-darshan-from-3am-to-6pm-on-november-18/
2019-11-19,49117,79711,2019-11-19 22:08:05,month_day_year_inferred@title,8,VQC-II: 11 compartments,"About 49,117 Pilgrims had Darshan from 3am to 6pm on November 19",https://news.tirumala.org/about-49117-pilgrims-had-darshan-from-3am-to-6pm-on-november-19/
2019-11-20,36879,79751,2019-11-20 20:40:20,month_day_year_inferred@title,12,VQC-II: 10 compartments,"About 36,879 Pilgrims had Darshan from 3am to 6pm on November 20",https://news.tirumala.org/about-36879-pilgrims-had-darshan-from-3am-to-6pm-on-november-20/
2019-11-21,42495,79839,2019-11-21 19:04:36,month_day_year_inferred@title,8,VQC-II: 15 compartments,"About 42,495 Pilgrims had Darshan from 3am to 6pm on November 21",https://news.tirumala.org/about-42495-pilgrims-had-darshan-from-3am-to-6pm-on-november-21/
2019-11-22,44813,79986,2019-11-22 22:33:17,month_day_year_inferred@title,12,,"About 44,813 Pilgrims had Darshan from 3am to 6pm on November 22",https://news.tirumala.org/about-44813-pilgrims-had-darshan-from-3am-to-6pm-on-november-22/
2019-11-23,54504,80181,2019-11-23 20:19:31,month_day_year_inferred@title,12,,"About 54,504 Pilgrims had Darshan from 3am to 6pm on November 23",https://news.tirumala.org/about-54504-pilgrims-had-darshan-from-3am-to-6pm-on-november-23/
2019-11-24,55849,80494,2019-11-24 22:02:08,month_day_year_inferred@title,22,,"About 55,849 Pilgrims had Darshan from 3am to 6pm on November 24",https://news.tirumala.org/about-55849-pilgrims-had-darshan-from-3am-to-6pm-on-november-24/
2019-11-25,46923,80804,2019-11-25 21:46:57,month_day_year_inferred@title,6,,"About 46,923 Pilgrims had Darshan from 3am to 6pm on November 25",https://news.tirumala.org/about-46923-pilgrims-had-darshan-from-3am-to-6pm-on-november-25/
2019-11-26,40343,81123,2019-11-26 22:26:44,month_day_year_inferred@title,6,VQC-II: 14 compartments,"About 40,343 Pilgrims had Darshan from 3 am to 6 pm on November 26",https://news.tirumala.org/about-40343-pilgrims-had-darshan-from-3-am-to-6-pm-on-november-26/
2019-11-27,43955,81450,2019-11-27 22:58:55,month_day_year_inferred@title,8,,"About 43,955 Pilgrims had Darshan from 3am to 6pm on November 27",https://news.tirumala.org/about-43955-pilgrims-had-darshan-from-3am-to-6pm-on-november-27/
2019-11-28,38459,81698,2019-11-28 18:47:45,month_day_year_inferred@title,12,,"About 38,459 Pilgrims had Darshan from 3am to 6pm on November 28",https://news.tirumala.org/about-38459-pilgrims-had-darshan-from-3am-to-6pm-on-november-28/
2019-11-29,39152,81933,2019-11-29 18:40:36,month_day_year_inferred@title,20,,"About 39,152 Pilgrims had Darshan from 3am to 6pm on November 29",https://news.tirumala.org/about-39152-pilgrims-had-darshan-from-3am-to-6pm-on-november-29/
2019-12-01,53954,82428,2019-12-01 20:04:34,month_day_year_inferred@title,,,"About 53,954 Pilgrims had Darshan from 3am to 6pm on December 1",https://news.tirumala.org/about-53954-pilgrims-had-darshan-from-3am-to-6pm-on-december-1/
2019-12-02,51089,82528,2019-12-02 22:36:13,month_day_year_inferred@title,,VQC-II: 28 compartments,"About 51,089 Pilgrims had Darshan from 3am to 6pm on Dec 2",https://news.tirumala.org/about-51089-pilgrims-had-darshan-from-3am-to-6pm-on-dec-2/
2019-12-03,44056,82663,2019-12-03 18:48:08,month_day_year_inferred@title,,VQC-II: 11 compartments,"About 44,056 Pilgrims had Darshan from 3am to 6pm on Dec 3",https://news.tirumala.org/about-44056-pilgrims-had-darshan-from-3am-to-6pm-on-dec-3/
2019-12-04,40469,82732,2019-12-04 21:17:04,month_day_year_inferred@title,6,,"About 40,469 Pilgrims had Darshan from 3am to 6pm on Dec4",https://news.tirumala.org/about-40469-pilgrims-had-darshan-from-3am-to-6pm-on-dec4/
2019-12-05,37454,82821,2019-12-05 18:28:06,month_day_year_inferred@title,10,,"About 37,454 Pilgrims had Darshan from 3am to 6pm on December 5",https://news.tirumala.org/about-37454-pilgrims-had-darshan-from-3am-to-6pm-on-december-5/
2019-12-06,39257,82909,2019-12-06 22:30:18,month_day_year_inferred@title,12,,"About 39,257 Pilgrims had Darshan from 3am to 6pm on December 6",https://news.tirumala.org/about-39257-pilgrims-had-darshan-from-3am-to-6pm-on-december-6/
2019-12-07,50758,83003,2019-12-07 18:23:57,month_day_year_inferred@title,,VQC-II: 24 compartments,"About 50,758 Pilgrims had Darshan from 3am to 6pm on December 7",https://news.tirumala.org/about-50758-pilgrims-had-darshan-from-3am-to-6pm-on-december-7/
2019-12-08,49251,83069,2019-12-08 18:04:56,month_day_year_inferred@title,,VQC-II: 31 compartments,"About 49,251 Pilgrims had Darshan from 3am to 6pm on December 8",https://news.tirumala.org/about-49251-pilgrims-had-darshan-from-3am-to-6pm-on-december-8/
2019-12-09,44857,83133,2019-12-09 21:44:35,month_day_year_inferred@title,,VQC-II: 13 compartments,"About 44,857 Pilgrims had Darshan from 3am to 6pm on December 9",https://news.tirumala.org/about-44857-pilgrims-had-darshan-from-3am-to-6pm-on-december-9/
2019-12-10,49967,83238,2019-12-10 19:35:23,month_day_year_inferred@title,,VQC-II: 10 compartments,"About 49,967 Pilgrims had Darshan from 3am to 6pm on December 10",https://news.tirumala.org/about-49967-pilgrims-had-darshan-from-3am-to-6pm-on-december-10/
2019-12-11,30296,83345,2019-12-11 18:46:09,month_day_year_inferred@title,,VQC-II: 22 compartments,"About 30,296 Pilgrims had Darshan from 3am to 6pm on December 11",https://news.tirumala.org/about-30296-pilgrims-had-darshan-from-3am-to-6pm-on-december-11/
2019-12-12,40096,83484,2019-12-12 19:13:07,month_day_year_inferred@title,,,"About 40,096 Pilgrims had Darshan from 3am to 6pm on December 12",https://news.tirumala.org/about-40096-pilgrims-had-darshan-from-3am-to-6pm-on-december-12/
2019-12-13,44415,83631,2019-12-13 19:23:41,month_day_year_inferred@title,,VQC-II: 24 compartments,"About 44,415 Pilgrims had Darshan from 3am to 6pm on December 13",https://news.tirumala.org/about-44415-pilgrims-had-darshan-from-3am-to-6pm-on-december-13/
2019-12-15,56226,83731,2019-12-15 19:51:14,month_day_year_inferred@title,14,,"About 56,226 Pilgrims had Darshan from 3am to 6pm on December 15",https://news.tirumala.org/about-56226-pilgrims-had-darshan-from-3am-to-6pm-on-december-15/
2019-12-16,52498,83871,2019-12-16 19:24:28,month_day_year_inferred@title,,VQC-II: 16 compartments,"About 52,498 Pilgrims had Darshan from 3am to 6pm on December 16",https://news.tirumala.org/about-52498-pilgrims-had-darshan-from-3am-to-6pm-on-december-16/
2019-12-17,45497,83969,2019-12-17 18:56:00,month_day_year_inferred@title,,VQC-II: 21 compartments,"About 45,497 Pilgrims had Darshan from 3am to 6pm on December 17",https://news.tirumala.org/about-45497-pilgrims-had-darshan-from-3am-to-6pm-on-december-17/
2019-12-18,45224,84054,2019-12-18 19:03:14,month_day_year_inferred@title,10,VQC-II: 15 compartments,"About 45,224 Pilgrims had Darshan from 3am to 6pm on December 18",https://news.tirumala.org/about-45224-pilgrims-had-darshan-from-3am-to-6pm-on-december-18/
2019-12-19,43765,84263,2019-12-19 20:48:51,month_day_year_inferred@title,14,VQC-II: 23 compartments,"About 43,765 Pilgrims had Darshan from 3am to 6pm on December 19",https://news.tirumala.org/about-43765-pilgrims-had-darshan-from-3am-to-6pm-on-december-19/
2019-12-20,40403,84368,2019-12-20 20:58:57,month_day_year_inferred@title,,,"About 40,403 Pilgrims had Darshan from 3am to 6pm on December 20",https://news.tirumala.org/about-40403-pilgrims-had-darshan-from-3am-to-6pm-on-december-20/
2019-12-21,50799,84467,2019-12-21 19:41:46,month_day_year_inferred@title,12,VQC-II: 29 compartments,"About 50,799 Pilgrims had Darshan from 3am to 6pm on December 21",https://news.tirumala.org/about-50799-pilgrims-had-darshan-from-3am-to-6pm-on-december-21/
2019-12-22,60265,84508,2019-12-22 20:06:56,month_day_year_inferred@title,24,,"About 60,265 Pilgrims had Darshan from 3am to 6pm on Dec 22",https://news.tirumala.org/about-60265-pilgrims-had-darshan-from-3am-to-6pm-on-dec-22/
2019-12-23,48868,84545,2019-12-23 18:45:16,month_day_year_inferred@title,18,,"About 48,868 Pilgrims had Darshan from 3am to 6pm on December 23",https://news.tirumala.org/about-48868-pilgrims-had-darshan-from-3am-to-6pm-on-december-23/
2019-12-24,51081,84655,2019-12-24 19:02:40,month_day_year_inferred@title,18,,"About 51,081 Pilgrims had Darshan from 3am to 6pm on December 24",https://news.tirumala.org/about-51081-pilgrims-had-darshan-from-3am-to-6pm-on-december-24/
2019-12-25,54033,84751,2019-12-25 19:00:26,month_day_year_inferred@title,3,,"About 54,033 Pilgrims had Darshan from 3am to 6pm on December 25",https://news.tirumala.org/about-54033-pilgrims-had-darshan-from-3am-to-6pm-on-december-25/
2019-12-26,22034,84878,2019-12-26 19:01:54,month_day_year_inferred@title,,,"About 22,034 Pilgrims had Darshan from 2pm to 6pm on December 26",https://news.tirumala.org/about-22034-pilgrims-had-darshan-from-2pm-to-6pm-on-december-26/
2019-12-27,40086,84995,2019-12-27 18:54:07,month_day_year_inferred@title,,,"About 40,086 Pilgrims had Darshan from 3am to 6pm on December 27",https://news.tirumala.org/about-40086-pilgrims-had-darshan-from-3am-to-6pm-on-december-27/
2019-12-28,52879,85050,2019-12-28 20:20:08,month_day_year_inferred@title,24,,"About 52,879 Pilgrims had Darshan from 3am to 6pm on December 28",https://news.tirumala.org/about-52879-pilgrims-had-darshan-from-3am-to-6pm-on-december-28/
2019-12-29,59424,85138,2019-12-29 19:51:22,month_day_year_inferred@title,,,"About 59,424 Pilgrims had Darshan from 3am to 6pm on December 29",https://news.tirumala.org/about-59424-pilgrims-had-darshan-from-3am-to-6pm-on-december-29/
2019-12-30,55284,85254,2019-12-30 18:58:08,month_day_year_inferred@title,18,VQC-II: 28 compartments,"About 55,284 Pilgrims had Darshan from 3am to 6pm on December 30",https://news.tirumala.org/about-55284-pilgrims-had-darshan-from-3am-to-6pm-on-december-30/
2019-12-31,54333,85321,2019-12-31 21:55:28,month_day_year_inferred@title,12,VQC-II: 26 compartments,"About 54,333 Pilgrims had Darshan from 3am to 6pm on December 31",https://news.tirumala.org/about-54333-pilgrims-had-darshan-from-3am-to-6pm-on-december-31/
2020-01-01,64992,85340,2020-01-01 18:47:52,month_day_year_inferred@title,,,"About 64,992 Pilgrims had Darshan from 3am to 6pm on January 1",https://news.tirumala.org/about-64992-pilgrims-had-darshan-from-3am-to-6pm-on-january-1/
2020-01-02,47074,85454,2020-01-02 19:40:28,month_day_year_inferred@title,4,,"About 47,074 Pilgrims had Darshan from 3am to 6pm on January 2",https://news.tirumala.org/about-47074-pilgrims-had-darshan-from-3am-to-6pm-on-january-2/
2020-01-03,41713,85553,2020-01-03 18:27:54,month_day_year_inferred@title,8,,"About 41,713 Pilgrims had Darshan from 3am to 6pm on January 3",https://news.tirumala.org/about-41713-pilgrims-had-darshan-from-3am-to-6pm-on-january-3/
2020-01-04,53344,85660,2020-01-04 20:25:56,month_day_year_inferred@title,6,VQC-II: 14 compartments,"About 53,344 Pilgrims had Darshan from 3am to 6pm on January 4",https://news.tirumala.org/about-53344-pilgrims-had-darshan-from-3am-to-6pm-on-january-4/
2020-01-06,60203,85932,2020-01-06 20:47:29,loose_dmy@body,14,,"About 60,203 Pilgrims had Darshan from 3.45am to 6pm on January 6",https://news.tirumala.org/about-60203-pilgrims-had-darshan-from-3-45am-to-6pm-on-january-6/
2020-01-08,53410,86121,2020-01-08 20:14:45,month_day_year_inferred@title,6,,"About 53,410 Pilgrims had Darshan from 3am to 6pm on January 8",https://news.tirumala.org/about-53410-pilgrims-had-darshan-from-3am-to-6pm-on-january-8/
2020-01-09,42351,86294,2020-01-09 19:10:34,month_day_year_inferred@title,6,VQC-II: 15 compartments,"About 42,351 Pilgrims had Darshan from 3am to 6pm on January 9",https://news.tirumala.org/about-42351-pilgrims-had-darshan-from-3am-to-6pm-on-january-9/
2020-01-10,41345,86480,2020-01-10 18:46:22,month_day_year_inferred@title,6,VQC-II: 17 compartments,"About 41,345 Pilgrims had Darshan from 3am to 6pm on January 10",https://news.tirumala.org/about-41345-pilgrims-had-darshan-from-3am-to-6pm-on-january-10/
2020-01-11,52787,86633,2020-01-11 18:51:45,month_day_year_inferred@title,6,VQC-II: 10 compartments,"About 52,787 Pilgrims had Darshan from 3am to 6pm on January 11",https://news.tirumala.org/about-52787-pilgrims-had-darshan-from-3am-to-6pm-on-january-11/
2020-01-12,53014,86719,2020-01-12 19:58:18,month_day_year_inferred@title,5,VQC-II: 9 compartments,"About 53,014 Pilgrims had Darshan from 3am to 6pm on January 12",https://news.tirumala.org/about-53014-pilgrims-had-darshan-from-3am-to-6pm-on-january-12/
2020-01-14,45914,86929,2020-01-14 18:48:33,month_day_year_inferred@title,6,,"About 45,914 Pilgrims had Darshan from 3am to 6pm on January 14",https://news.tirumala.org/about-45914-pilgrims-had-darshan-from-3am-to-6pm-on-january-14/
2020-01-15,42961,87019,2020-01-15 20:29:48,month_day_year_inferred@title,18,,"About 42,961 Pilgrims had Darshan from 3am to 6pm on January 15",https://news.tirumala.org/about-42961-pilgrims-had-darshan-from-3am-to-6pm-on-january-15/
2020-01-16,48981,87151,2020-01-16 18:45:00,month_day_year_inferred@title,16,,"About 48,981 Pilgrims had Darshan from 3am to 6pm on January 16",https://news.tirumala.org/about-48981-pilgrims-had-darshan-from-3am-to-6pm-on-january-16/
2020-01-17,41436,87323,2020-01-17 21:58:53,month_day_year_inferred@title,18,,"About 41,436 Pilgrims had Darshan from 3am to 6pm on January 17",https://news.tirumala.org/about-41436-pilgrims-had-darshan-from-3am-to-6pm-on-january-17/
2020-01-18,57384,87452,2020-01-18 18:56:44,month_day_year_inferred@title,20,,"About 57,384 Pilgrims had Darshan from 3am to 6pm on January 18",https://news.tirumala.org/about-57384-pilgrims-had-darshan-from-3am-to-6pm-on-january-18/
2020-01-19,59974,87566,2020-01-19 22:35:18,month_day_year_inferred@title,,,"About 59,974 Pilgrims had Darshan from 3am to 6pm on January 19",https://news.tirumala.org/about-59974-pilgrims-had-darshan-from-3am-to-6pm-on-january-19/
2020-01-20,50519,87622,2020-01-20 20:07:35,month_day_year_inferred@title,8,VQC-II: 16 compartments,"About 50,519 Pilgrims had Darshan from 3am to 6pm on January 20",https://news.tirumala.org/about-50519-pilgrims-had-darshan-from-3am-to-6pm-on-january-20/
2020-01-21,48959,87710,2020-01-21 19:41:36,month_day_year_inferred@title,,VQC-II: 11 compartments,"About 48,959 Pilgrims had Darshan from 3am to 6pm on January 21",https://news.tirumala.org/about-48959-pilgrims-had-darshan-from-3am-to-6pm-on-january-21/
2020-01-22,40807,87755,2020-01-22 19:29:39,month_day_year_inferred@title,,,"About 40,807 Pilgrims had Darshan from 3am to 6pm on January 22",https://news.tirumala.org/about-40807-pilgrims-had-darshan-from-3am-to-6pm-on-january-22/
2020-01-23,43773,87785,2020-01-23 18:46:06,month_day_year_inferred@title,8,VQC-II: 14 compartments,"About 43,773 Pilgrims had Darshan from 3am to 6pm on January 23",https://news.tirumala.org/about-43773-pilgrims-had-darshan-from-3am-to-6pm-on-january-23/
2020-01-24,40027,87948,2020-01-24 18:31:56,month_day_year_inferred@title,,VQC-II: 7 compartments,"About 40,027 Pilgrims had Darshan from 3am to 6pm on January 24",https://news.tirumala.org/about-40027-pilgrims-had-darshan-from-3am-to-6pm-on-january-24/
2020-01-25,52028,88126,2020-01-25 22:17:45,month_day_year_inferred@title,4,,"About 52,028 Pilgrims had Darshan from 3am to 6pm on January 25",https://news.tirumala.org/about-52028-pilgrims-had-darshan-from-3am-to-6pm-on-january-25/
2020-01-26,55723,88261,2020-01-26 18:23:55,month_day_year_inferred@title,8,,"About 55,723 Pilgrims had Darshan from 3am to 6pm on January 26",https://news.tirumala.org/about-55723-pilgrims-had-darshan-from-3am-to-6pm-on-january-26/
2020-01-27,44366,88371,2020-01-27 19:28:07,month_day_year_inferred@title,8,,"About 44,366 Pilgrims had Darshan from 3am to 6pm on January 27",https://news.tirumala.org/about-44366-pilgrims-had-darshan-from-3am-to-6pm-on-january-27/
2020-01-28,45388,88480,2020-01-28 20:13:00,month_day_year_inferred@title,12,,"About 45,388 Pilgrims had Darshan from 3am to 6pm on January 28",https://news.tirumala.org/about-45388-pilgrims-had-darshan-from-3am-to-6pm-on-january-28/
2020-01-29,38873,88594,2020-01-29 18:52:59,month_day_year_inferred@title,6,,"About 38,873 Pilgrims had Darshan from 3am to 6pm on January 29",https://news.tirumala.org/about-38873-pilgrims-had-darshan-from-3am-to-6pm-on-january-29/
2020-01-30,39541,88658,2020-01-30 19:04:27,month_day_year_inferred@title,8,,"About 39,541 Pilgrims had Darshan from 3am to 6pm on January 30",https://news.tirumala.org/about-39541-pilgrims-had-darshan-from-3am-to-6pm-on-january-30/
2020-01-31,41652,88869,2020-01-31 19:39:40,month_day_year_inferred@title,,VQC-II: 31 compartments,"About 41,652 Pilgrims had Darshan from 3am to 6pm on January 31",https://news.tirumala.org/about-41652-pilgrims-had-darshan-from-3am-to-6pm-on-january-31/
2020-02-01,68646,89209,2020-02-01 19:59:21,month_day_year_inferred@title,,,"About 68,646 Pilgrims had Darshan from 3am to 6pm on February 1",https://news.tirumala.org/about-68646-pilgrims-had-darshan-from-3am-to-6pm-on-february-1/
2020-02-02,50337,89317,2020-02-02 18:42:20,month_day_year_inferred@title,20,,"About 50,337 Pilgrims had Darshan from 3am to 6pm on February 2",https://news.tirumala.org/about-50337-pilgrims-had-darshan-from-3am-to-6pm-on-february-2/
2020-02-03,48389,89423,2020-02-03 20:00:45,month_day_year_inferred@title,,,"About 48,389 Pilgrims had Darshan from 3am to 6pm on February 3",https://news.tirumala.org/about-48389-pilgrims-had-darshan-from-3am-to-6pm-on-february-3/
2020-02-04,43354,89581,2020-02-04 19:29:54,month_day_year_inferred@title,6,,"About 43,354 Pilgrims had Darshan from 3am to 6pm on February 4",https://news.tirumala.org/about-43354-pilgrims-had-darshan-from-3am-to-6pm-on-february-4/
2020-02-05,39561,89779,2020-02-05 18:27:41,month_day_year_inferred@title,6,,"About 39,561 Pilgrims had Darshan from 3am to 6pm on February 5",https://news.tirumala.org/about-39561-pilgrims-had-darshan-from-3am-to-6pm-on-february-5/
2020-02-06,41544,89994,2020-02-06 21:38:49,month_day_year_inferred@title,,,"About 41,544 Pilgrims had Darshan from 3am to 6pm on February 6",https://news.tirumala.org/about-41544-pilgrims-had-darshan-from-3am-to-6pm-on-february-6/
2020-02-07,37127,90198,2020-02-07 21:42:48,month_day_year_inferred@title,12,,"About 37,127 Pilgrims had Darshan from 3am to 6pm on February 7",https://news.tirumala.org/about-37127-pilgrims-had-darshan-from-3am-to-6pm-on-february-7/
2020-02-08,54296,90342,2020-02-08 19:55:26,month_day_year_inferred@title,20,,"About 54,296 Pilgrims had Darshan from 3am to 6pm on February 8",https://news.tirumala.org/about-54296-pilgrims-had-darshan-from-3am-to-6pm-on-february-8/
2020-02-09,55395,90458,2020-02-09 21:15:19,month_day_year_inferred@title,18,,"About 55,395 Pilgrims had Darshan from 3am to 6pm on February 9",https://news.tirumala.org/about-55395-pilgrims-had-darshan-from-3am-to-6pm-on-february-9/
2020-02-10,49936,90583,2020-02-10 20:19:39,month_day_year_inferred@title,12,,"About 49,936 Pilgrims had Darshan from 3am to 6pm on February 10",https://news.tirumala.org/about-49936-pilgrims-had-darshan-from-3am-to-6pm-on-february-10/
2020-02-11,40581,90684,2020-02-11 19:16:54,month_day_year_inferred@title,6,,"About 40,581 Pilgrims had Darshan from 3am to 6pm on February 11",https://news.tirumala.org/about-40581-pilgrims-had-darshan-from-3am-to-6pm-on-february-11/
2020-02-13,43544,90768,2020-02-13 18:40:47,month_day_year_inferred@title,8,VQC-II: 18 compartments,"About 43,544 Pilgrims had Darshan from 3am to 6pm on February 13",https://news.tirumala.org/about-43544-pilgrims-had-darshan-from-3am-to-6pm-on-february-13/
2020-02-14,37312,90937,2020-02-14 18:44:12,month_day_year_inferred@title,10,,"About 37,312 Pilgrims had Darshan from 3am to 6pm on February 14",https://news.tirumala.org/about-37312-pilgrims-had-darshan-from-3am-to-6pm-on-february-14/
2020-02-15,49497,91156,2020-02-15 21:15:19,month_day_year_inferred@title,6,VQC-II: 24 compartments,"About 49,497 Pilgrims had Darshan from 3am to 6pm on February 15",https://news.tirumala.org/about-49497-pilgrims-had-darshan-from-3am-to-6pm-on-february-15/
2020-02-16,56222,91254,2020-02-16 20:34:10,month_day_year_inferred@title,12,,"About 56,222 Pilgrims had Darshan from 3am to 6pm on February 16",https://news.tirumala.org/about-56222-pilgrims-had-darshan-from-3am-to-6pm-on-february-16/
2020-02-17,50611,91628,2020-02-17 22:55:52,month_day_year_inferred@title,10,,"About 50,611 Pilgrims had Darshan from 3am to 6pm on February 17",https://news.tirumala.org/about-50611-pilgrims-had-darshan-from-3am-to-6pm-on-february-17/
2020-02-18,45143,91789,2020-02-18 19:03:34,month_day_year_inferred@title,10,,"About 45,143 Pilgrims had Darshan from 3am to 6pm on February 18",https://news.tirumala.org/about-45143-pilgrims-had-darshan-from-3am-to-6pm-on-february-18/
2020-02-19,40518,92060,2020-02-19 21:21:09,month_day_year_inferred@title,12,VQC-II: 18 compartments,"About 40,518 Pilgrims had Darshan from 3am to 6pm on February 19",https://news.tirumala.org/about-40518-pilgrims-had-darshan-from-3am-to-6pm-on-february-19/
2020-02-20,40320,92214,2020-02-20 19:53:22,month_day_year_inferred@title,6,VQC-II: 17 compartments,"About 40,320 Pilgrims had Darshan from 3am to 6pm on February 20",https://news.tirumala.org/about-40320-pilgrims-had-darshan-from-3am-to-6pm-on-february-20/
2020-02-21,38488,92408,2020-02-21 19:56:42,month_day_year_inferred@title,,,"About 38,488 Pilgrims had Darshan from 3am to 6pm on February 21",https://news.tirumala.org/about-38488-pilgrims-had-darshan-from-3am-to-6pm-on-february-21/
2020-02-22,56837,92537,2020-02-22 19:29:44,month_day_year_inferred@title,24,,"About 56,837 Pilgrims had Darshan from 3am to 6pm on February 22",https://news.tirumala.org/about-56837-pilgrims-had-darshan-from-3am-to-6pm-on-february-22/
2020-02-23,57091,92715,2020-02-23 18:21:10,month_day_year_inferred@title,16,,"About 57,091 Pilgrims had Darshan from 3am to 6pm on February 23",https://news.tirumala.org/about-57091-pilgrims-had-darshan-from-3am-to-6pm-on-february-23/
2020-02-24,46448,92854,2020-02-24 18:48:51,month_day_year_inferred@title,,,"About 46,448 Pilgrims had Darshan from 3am to 6pm on February 24",https://news.tirumala.org/about-46448-pilgrims-had-darshan-from-3am-to-6pm-on-february-24/
2020-02-25,45479,92962,2020-02-25 18:42:24,month_day_year_inferred@title,8,VQC-II: 22 compartments,"About 45,479 Pilgrims had Darshan from 3am to 6pm on February 25",https://news.tirumala.org/about-45479-pilgrims-had-darshan-from-3am-to-6pm-on-february-25/
2020-02-26,38688,93048,2020-02-26 18:29:57,month_day_year_inferred@title,8,,"About 38,688 Pilgrims had Darshan from 3am to 6pm on February 26",https://news.tirumala.org/about-38688-pilgrims-had-darshan-from-3am-to-6pm-on-february-26/
2020-02-27,40030,93130,2020-02-27 22:05:00,month_day_year_inferred@title,8,,"About 40,030 Pilgrims had Darshan from 3am to 6pm on February 27",https://news.tirumala.org/about-40030-pilgrims-had-darshan-from-3am-to-6pm-on-february-27/
2020-02-28,35233,93283,2020-02-28 19:57:22,month_day_year_inferred@title,8,VQC-II: 26 compartments,"About 35,233 Pilgrims had Darshan from 3am to 6pm on February 28",https://news.tirumala.org/about-35233-pilgrims-had-darshan-from-3am-to-6pm-on-february-28/
2020-02-29,46052,93419,2020-02-29 19:30:08,month_day_year_inferred@title,14,,"About 46,052 Pilgrims had Darshan from 3am to 6pm on February 29",https://news.tirumala.org/about-46052-pilgrims-had-darshan-from-3am-to-6pm-on-february-29/
2020-03-01,52628,93473,2020-03-01 19:20:59,month_day_year_inferred@title,,,"About 52,628 Pilgrims had Darshan from 3am to 6pm on March 1",https://news.tirumala.org/about-52628-pilgrims-had-darshan-from-3am-to-6pm-on-march-1/
2020-03-02,49967,93651,2020-03-02 22:26:23,month_day_year_inferred@title,6,,"About 49,967 Pilgrims had Darshan from 3am to 6pm on March 2",https://news.tirumala.org/about-49967-pilgrims-had-darshan-from-3am-to-6pm-on-march-2/
2020-03-03,43659,93737,2020-03-03 19:30:33,month_day_year_inferred@title,8,,"About 43,659 Pilgrims had Darshan from 3am to 6pm on March 3",https://news.tirumala.org/about-43659-pilgrims-had-darshan-from-3am-to-6pm-on-march-3/
2020-03-04,40402,93834,2020-03-04 21:23:09,month_day_year_inferred@title,6,,"About 40,402 Pilgrims had Darshan from 3am to 6pm on March 4",https://news.tirumala.org/about-40402-pilgrims-had-darshan-from-3am-to-6pm-on-march-4/
2020-03-05,40778,93992,2020-03-05 19:03:51,month_day_year_inferred@title,12,VQC-II: 19 compartments,"About 40,778 Pilgrims had Darshan from 3am to 6pm on March 5",https://news.tirumala.org/about-40778-pilgrims-had-darshan-from-3am-to-6pm-on-march-5/
2020-03-06,38133,94034,2020-03-06 19:11:18,month_day_year_inferred@title,9,,"About 38,133 Pilgrims had Darshan from 3am to 6pm on March 6",https://news.tirumala.org/about-38133-pilgrims-had-darshan-from-3am-to-6pm-on-march-6/
2020-03-07,51663,94190,2020-03-07 18:58:25,month_day_year_inferred@title,,,"About 51,663 Pilgrims had Darshan from 3am to 6pm on March 7",https://news.tirumala.org/about-51663-pilgrims-had-darshan-from-3am-to-6pm-on-march-7/
2020-03-08,56914,94350,2020-03-08 18:22:12,month_day_year_inferred@title,6,VQC-II: 10 compartments,"About 56,914 Pilgrims had Darshan from 3am to 6pm on March 8",https://news.tirumala.org/about-56914-pilgrims-had-darshan-from-3am-to-6pm-on-march-8/
2020-03-09,46098,94521,2020-03-09 20:52:42,month_day_year_inferred@title,5,,"About 46,098 Pilgrims had Darshan from 3am to 6pm on March 9",https://news.tirumala.org/about-46098-pilgrims-had-darshan-from-3am-to-6pm-on-march-9/
2020-03-10,44062,94554,2020-03-10 18:31:33,month_day_year_inferred@title,,,"About 44,062 Pilgrims had Darshan from 3am to 6pm on March 10",https://news.tirumala.org/about-44062-pilgrims-had-darshan-from-3am-to-6pm-on-march-10/
2020-03-11,40988,94684,2020-03-11 18:46:00,month_day_year_inferred@title,5,VQC-II: 8 compartments,"About 40,988 Pilgrims had Darshan from 3am to 6pm on March 11",https://news.tirumala.org/about-40988-pilgrims-had-darshan-from-3am-to-6pm-on-march-11/
2020-03-12,41590,94743,2020-03-12 19:47:47,month_day_year_inferred@title,5,,"About 41,590 Pilgrims had Darshan from 3am to 6pm on March 12",https://news.tirumala.org/about-41590-pilgrims-had-darshan-from-3am-to-6pm-on-march-12/
2020-03-13,38593,94838,2020-03-13 18:34:57,month_day_year_inferred@title,6,VQC-II: 12 compartments,"About 38,593 Pilgrims had Darshan from 3am to 6pm on March 13",https://news.tirumala.org/about-38593-pilgrims-had-darshan-from-3am-to-6pm-on-march-13/
2020-03-14,49341,94930,2020-03-14 18:47:59,month_day_year_inferred@title,8,VQC-II: 23 compartments,"About 49,341 Pilgrims had Darshan from 3am to 6pm on March 14",https://news.tirumala.org/about-49341-pilgrims-had-darshan-from-3am-to-6pm-on-march-14/
2020-03-15,49826,94995,2020-03-15 18:49:35,month_day_year_inferred@title,3,,"About 49,826 Pilgrims had Darshan from 3am to 6pm on March 15",https://news.tirumala.org/about-49826-pilgrims-had-darshan-from-3am-to-6pm-on-march-15/
2020-03-16,44140,95093,2020-03-16 19:10:10,month_day_year_inferred@title,,,"About 44,140 Pilgrims had Darshan from 3am to 6pm on March 16",https://news.tirumala.org/about-44140-pilgrims-had-darshan-from-3am-to-6pm-on-march-16/
2020-03-17,36102,95284,2020-03-17 21:15:36,month_day_year_inferred@title,2,,"About 36,102 Pilgrims had Darshan from 3am to 6pm on March 17",https://news.tirumala.org/about-36102-pilgrims-had-darshan-from-3am-to-6pm-on-march-17/
2020-03-18,28716,95452,2020-03-18 22:25:31,month_day_year_inferred@title,,,"About 28,716 Pilgrims had Darshan from 3am to 6pm on March 18",https://news.tirumala.org/about-28716-pilgrims-had-darshan-from-3am-to-6pm-on-march-18/
2020-07-07,10498,99686,2020-07-07 23:23:09,explicit_dmy@title,,,"Pilgrims who had darshan on 7-7-20: 10,498",https://news.tirumala.org/pilgrims-who-had-darshan-on-7-7-20-10498/
