date,festival,kind,venue,tier,evidence,source_url
2013-01-01,New Year's Day,fixed_national_holiday,national,major,fixed calendar date,
2013-01-26,Republic Day,fixed_national_holiday,national,major,fixed calendar date,
2013-03-03,Brahmotsavams,same_day_report,other_temple,major,Sri Kapileswara Swamy Temple Brahmotsavam Begins _ ధ్వజారోహణంతో శ్రీ కపిలేశ్వరస్వామివారి బ్రహ్మోత్సవాలు ప్రారంభం,https://news.tirumala.org/sri-kapileswara-swamy-temple-brahmotsavam-begins-_-%e0%b0%a7%e0%b1%8d%e0%b0%b5%e0%b0%9c%e0%b0%be%e0%b0%b0%e0%b1%8b%e0%b0%b9%e0%b0%a3%e0%b0%82%e0%b0%a4%e0%b1%8b-%e0%b0%b6%e0%b1%8d%e0%b0%b0/
2013-03-09,Brahmotsavams,same_day_report,other_temple,major,SRI KALYANA VENKATESWARA SWAMY TEMPLE BRAHMOTSAVAM CONCLUDES WITH CHAKRASNANAM _ ￼వైభవంగా శ్రీ కల్యాణ వెంకన్న చక్రస్నానం,https://news.tirumala.org/sri-kalyana-venkateswara-swamy-temple-brahmotsavam-concludes-with-chakrasnanam-_-%ef%bf%bc%e0%b0%b5%e0%b1%88%e0%b0%ad%e0%b0%b5%e0%b0%82%e0%b0%97%e0%b0%be-%e0%b0%b6%e0%b1%8d%e0%b0%b0%e0%b1%80/
2013-03-19,Brahmotsavams,same_day_report,unspecified,major,SRI KRT BRAHMOTSAVAMS CONCLUDES WITH CHAKRASNANAM _ నేత్రపర్వంగా శ్రీ కోదండరాముడి చక్రస్నానం,https://news.tirumala.org/sri-krt-brahmotsavams-concludes-with-chakrasnanam-_-%e0%b0%a8%e0%b1%87%e0%b0%a4%e0%b1%8d%e0%b0%b0%e0%b0%aa%e0%b0%b0%e0%b1%8d%e0%b0%b5%e0%b0%82%e0%b0%97%e0%b0%be-%e0%b0%b6%e0%b1%8d%e0%b0%b0/
2013-03-22,Brahmotsavams,announced_dates,unspecified,major,BRAHMOTSAVAMS IN PEETHAPURAM FROM MARCH 22 TO 28 _ పిఠాపురం శ్రీ వేంకటేశ్వరస్వామివారి బ్రహ్మోత్సవాల పోస్టర్ల ఆవిష్కరణ,https://news.tirumala.org/brahmotsavams-in-peethapuram-from-march-22-to-28-_-%e0%b0%aa%e0%b0%bf%e0%b0%a0%e0%b0%be%e0%b0%aa%e0%b1%81%e0%b0%b0%e0%b0%82-%e0%b0%b6%e0%b1%8d%e0%b0%b0%e0%b1%80-%e0%b0%b5%e0%b1%87%e0%b0%82/
2013-03-23,Brahmotsavams,announced_dates,unspecified,major,BRAHMOTSAVAMS IN PEETHAPURAM FROM MARCH 22 TO 28 _ పిఠాపురం శ్రీ వేంకటేశ్వరస్వామివారి బ్రహ్మోత్సవాల పోస్టర్ల ఆవిష్కరణ,https://news.tirumala.org/brahmotsavams-in-peethapuram-from-march-22-to-28-_-%e0%b0%aa%e0%b0%bf%e0%b0%a0%e0%b0%be%e0%b0%aa%e0%b1%81%e0%b0%b0%e0%b0%82-%e0%b0%b6%e0%b1%8d%e0%b0%b0%e0%b1%80-%e0%b0%b5%e0%b1%87%e0%b0%82/
2013-03-23,Teppotsavam,same_day_report,tirumala,minor,FIVE DAY SRI VARI ANNUAL FLOAT FESTIVAL BEGINS,https://news.tirumala.org/five-day-sri-vari-annual-float-festival-begins-3/
2013-03-24,Brahmotsavams,announced_dates,unspecified,major,BRAHMOTSAVAMS IN PEETHAPURAM FROM MARCH 22 TO 28 _ పిఠాపురం శ్రీ వేంకటేశ్వరస్వామివారి బ్రహ్మోత్సవాల పోస్టర్ల ఆవిష్కరణ,https://news.tirumala.org/brahmotsavams-in-peethapuram-from-march-22-to-28-_-%e0%b0%aa%e0%b0%bf%e0%b0%a0%e0%b0%be%e0%b0%aa%e0%b1%81%e0%b0%b0%e0%b0%82-%e0%b0%b6%e0%b1%8d%e0%b0%b0%e0%b1%80-%e0%b0%b5%e0%b1%87%e0%b0%82/
2013-03-25,Brahmotsavams,announced_dates,unspecified,major,BRAHMOTSAVAMS IN PEETHAPURAM FROM MARCH 22 TO 28 _ పిఠాపురం శ్రీ వేంకటేశ్వరస్వామివారి బ్రహ్మోత్సవాల పోస్టర్ల ఆవిష్కరణ,https://news.tirumala.org/brahmotsavams-in-peethapuram-from-march-22-to-28-_-%e0%b0%aa%e0%b0%bf%e0%b0%a0%e0%b0%be%e0%b0%aa%e0%b1%81%e0%b0%b0%e0%b0%82-%e0%b0%b6%e0%b1%8d%e0%b0%b0%e0%b1%80-%e0%b0%b5%e0%b1%87%e0%b0%82/
2013-03-26,Brahmotsavams,announced_dates,unspecified,major,BRAHMOTSAVAMS IN PEETHAPURAM FROM MARCH 22 TO 28 _ పిఠాపురం శ్రీ వేంకటేశ్వరస్వామివారి బ్రహ్మోత్సవాల పోస్టర్ల ఆవిష్కరణ,https://news.tirumala.org/brahmotsavams-in-peethapuram-from-march-22-to-28-_-%e0%b0%aa%e0%b0%bf%e0%b0%a0%e0%b0%be%e0%b0%aa%e0%b1%81%e0%b0%b0%e0%b0%82-%e0%b0%b6%e0%b1%8d%e0%b0%b0%e0%b1%80-%e0%b0%b5%e0%b1%87%e0%b0%82/
2013-03-27,Brahmotsavams,announced_dates,unspecified,major,BRAHMOTSAVAMS IN PEETHAPURAM FROM MARCH 22 TO 28 _ పిఠాపురం శ్రీ వేంకటేశ్వరస్వామివారి బ్రహ్మోత్సవాల పోస్టర్ల ఆవిష్కరణ,https://news.tirumala.org/brahmotsavams-in-peethapuram-from-march-22-to-28-_-%e0%b0%aa%e0%b0%bf%e0%b0%a0%e0%b0%be%e0%b0%aa%e0%b1%81%e0%b0%b0%e0%b0%82-%e0%b0%b6%e0%b1%8d%e0%b0%b0%e0%b1%80-%e0%b0%b5%e0%b1%87%e0%b0%82/
2013-03-28,Brahmotsavams,announced_dates,unspecified,major,BRAHMOTSAVAMS IN PEETHAPURAM FROM MARCH 22 TO 28 _ పిఠాపురం శ్రీ వేంకటేశ్వరస్వామివారి బ్రహ్మోత్సవాల పోస్టర్ల ఆవిష్కరణ,https://news.tirumala.org/brahmotsavams-in-peethapuram-from-march-22-to-28-_-%e0%b0%aa%e0%b0%bf%e0%b0%a0%e0%b0%be%e0%b0%aa%e0%b1%81%e0%b0%b0%e0%b0%82-%e0%b0%b6%e0%b1%8d%e0%b0%b0%e0%b1%80-%e0%b0%b5%e0%b1%87%e0%b0%82/
2013-04-15,Brahmotsavams,announced_dates,other_temple,major,BRAHMOTSAVAMS IN VALMIKIPURAM FROM APRIL 15 TO 24 _ వాల్మీకిపురం శ్రీ పట్టాభిరామస్వామివారి ఆలయ సాలకట్ల బ్రహ్మోత్సవ పోస్టర్ల ఆవిష్కరణ,https://news.tirumala.org/brahmotsavams-in-valmikipuram-from-april-15-to-24-_-%e0%b0%b5%e0%b0%be%e0%b0%b2%e0%b1%8d%e0%b0%ae%e0%b1%80%e0%b0%95%e0%b0%bf%e0%b0%aa%e0%b1%81%e0%b0%b0%e0%b0%82-%e0%b0%b6%e0%b1%8d%e0%b0%b0/
2013-04-16,Brahmotsavams,announced_dates,other_temple,major,BRAHMOTSAVAMS IN VALMIKIPURAM FROM APRIL 15 TO 24 _ వాల్మీకిపురం శ్రీ పట్టాభిరామస్వామివారి ఆలయ సాలకట్ల బ్రహ్మోత్సవ పోస్టర్ల ఆవిష్కరణ,https://news.tirumala.org/brahmotsavams-in-valmikipuram-from-april-15-to-24-_-%e0%b0%b5%e0%b0%be%e0%b0%b2%e0%b1%8d%e0%b0%ae%e0%b1%80%e0%b0%95%e0%b0%bf%e0%b0%aa%e0%b1%81%e0%b0%b0%e0%b0%82-%e0%b0%b6%e0%b1%8d%e0%b0%b0/
2013-04-17,Brahmotsavams,announced_dates,other_temple,major,BRAHMOTSAVAMS IN VALMIKIPURAM FROM APRIL 15 TO 24 _ వాల్మీకిపురం శ్రీ పట్టాభిరామస్వామివారి ఆలయ సాలకట్ల బ్రహ్మోత్సవ పోస్టర్ల ఆవిష్కరణ,https://news.tirumala.org/brahmotsavams-in-valmikipuram-from-april-15-to-24-_-%e0%b0%b5%e0%b0%be%e0%b0%b2%e0%b1%8d%e0%b0%ae%e0%b1%80%e0%b0%95%e0%b0%bf%e0%b0%aa%e0%b1%81%e0%b0%b0%e0%b0%82-%e0%b0%b6%e0%b1%8d%e0%b0%b0/
2013-04-18,Brahmotsavams,announced_dates,other_temple,major,BRAHMOTSAVAMS IN VALMIKIPURAM FROM APRIL 15 TO 24 _ వాల్మీకిపురం శ్రీ పట్టాభిరామస్వామివారి ఆలయ సాలకట్ల బ్రహ్మోత్సవ పోస్టర్ల ఆవిష్కరణ,https://news.tirumala.org/brahmotsavams-in-valmikipuram-from-april-15-to-24-_-%e0%b0%b5%e0%b0%be%e0%b0%b2%e0%b1%8d%e0%b0%ae%e0%b1%80%e0%b0%95%e0%b0%bf%e0%b0%aa%e0%b1%81%e0%b0%b0%e0%b0%82-%e0%b0%b6%e0%b1%8d%e0%b0%b0/
2013-04-19,Brahmotsavams,announced_dates,other_temple,major,BRAHMOTSAVAMS IN VALMIKIPURAM FROM APRIL 15 TO 24 _ వాల్మీకిపురం శ్రీ పట్టాభిరామస్వామివారి ఆలయ సాలకట్ల బ్రహ్మోత్సవ పోస్టర్ల ఆవిష్కరణ,https://news.tirumala.org/brahmotsavams-in-valmikipuram-from-april-15-to-24-_-%e0%b0%b5%e0%b0%be%e0%b0%b2%e0%b1%8d%e0%b0%ae%e0%b1%80%e0%b0%95%e0%b0%bf%e0%b0%aa%e0%b1%81%e0%b0%b0%e0%b0%82-%e0%b0%b6%e0%b1%8d%e0%b0%b0/
2013-04-20,Brahmotsavams,announced_dates,other_temple,major,BRAHMOTSAVAMS IN VALMIKIPURAM FROM APRIL 15 TO 24 _ వాల్మీకిపురం శ్రీ పట్టాభిరామస్వామివారి ఆలయ సాలకట్ల బ్రహ్మోత్సవ పోస్టర్ల ఆవిష్కరణ,https://news.tirumala.org/brahmotsavams-in-valmikipuram-from-april-15-to-24-_-%e0%b0%b5%e0%b0%be%e0%b0%b2%e0%b1%8d%e0%b0%ae%e0%b1%80%e0%b0%95%e0%b0%bf%e0%b0%aa%e0%b1%81%e0%b0%b0%e0%b0%82-%e0%b0%b6%e0%b1%8d%e0%b0%b0/
2013-04-21,Brahmotsavams,announced_dates,other_temple,major,BRAHMOTSAVAMS IN VALMIKIPURAM FROM APRIL 15 TO 24 _ వాల్మీకిపురం శ్రీ పట్టాభిరామస్వామివారి ఆలయ సాలకట్ల బ్రహ్మోత్సవ పోస్టర్ల ఆవిష్కరణ,https://news.tirumala.org/brahmotsavams-in-valmikipuram-from-april-15-to-24-_-%e0%b0%b5%e0%b0%be%e0%b0%b2%e0%b1%8d%e0%b0%ae%e0%b1%80%e0%b0%95%e0%b0%bf%e0%b0%aa%e0%b1%81%e0%b0%b0%e0%b0%82-%e0%b0%b6%e0%b1%8d%e0%b0%b0/
2013-04-22,Brahmotsavams,announced_dates,other_temple,major,BRAHMOTSAVAMS IN VALMIKIPURAM FROM APRIL 15 TO 24 _ వాల్మీకిపురం శ్రీ పట్టాభిరామస్వామివారి ఆలయ సాలకట్ల బ్రహ్మోత్సవ పోస్టర్ల ఆవిష్కరణ,https://news.tirumala.org/brahmotsavams-in-valmikipuram-from-april-15-to-24-_-%e0%b0%b5%e0%b0%be%e0%b0%b2%e0%b1%8d%e0%b0%ae%e0%b1%80%e0%b0%95%e0%b0%bf%e0%b0%aa%e0%b1%81%e0%b0%b0%e0%b0%82-%e0%b0%b6%e0%b1%8d%e0%b0%b0/
2013-04-23,Brahmotsavams,announced_dates,other_temple,major,BRAHMOTSAVAMS IN VALMIKIPURAM FROM APRIL 15 TO 24 _ వాల్మీకిపురం శ్రీ పట్టాభిరామస్వామివారి ఆలయ సాలకట్ల బ్రహ్మోత్సవ పోస్టర్ల ఆవిష్కరణ,https://news.tirumala.org/brahmotsavams-in-valmikipuram-from-april-15-to-24-_-%e0%b0%b5%e0%b0%be%e0%b0%b2%e0%b1%8d%e0%b0%ae%e0%b1%80%e0%b0%95%e0%b0%bf%e0%b0%aa%e0%b1%81%e0%b0%b0%e0%b0%82-%e0%b0%b6%e0%b1%8d%e0%b0%b0/
2013-04-23,Teppotsavam,same_day_report,tirumala,minor,FIVE DAY SRI VARI ANNUAL FLOAT FESTIVAL BEGINS _ అంగరంగ వైభవంగా శ్రీ కోదండరాముని తెప్పోత్సవాలు ప్రారంభం,https://news.tirumala.org/five-day-sri-vari-annual-float-festival-begins-_-%e0%b0%85%e0%b0%82%e0%b0%97%e0%b0%b0%e0%b0%82%e0%b0%97-%e0%b0%b5%e0%b1%88%e0%b0%ad%e0%b0%b5%e0%b0%82%e0%b0%97%e0%b0%be-%e0%b0%b6%e0%b1%8d%e0%b0%b0/
2013-04-24,Brahmotsavams,announced_dates,other_temple,major,BRAHMOTSAVAMS IN VALMIKIPURAM FROM APRIL 15 TO 24 _ వాల్మీకిపురం శ్రీ పట్టాభిరామస్వామివారి ఆలయ సాలకట్ల బ్రహ్మోత్సవ పోస్టర్ల ఆవిష్కరణ,https://news.tirumala.org/brahmotsavams-in-valmikipuram-from-april-15-to-24-_-%e0%b0%b5%e0%b0%be%e0%b0%b2%e0%b1%8d%e0%b0%ae%e0%b1%80%e0%b0%95%e0%b0%bf%e0%b0%aa%e0%b1%81%e0%b0%b0%e0%b0%82-%e0%b0%b6%e0%b1%8d%e0%b0%b0/
2013-04-26,Teppotsavam,same_day_report,other_temple,minor,ANNUAL FLOAT FESTIVAL IN SRI KODANDARAMA SWAMY TEMPLE CONCLUDES _ వైభవంగా ముగిసిన శ్రీ కోదండరాముని తెప్పోత్సవాలు,https://news.tirumala.org/%e0%b0%b5%e0%b1%88%e0%b0%ad%e0%b0%b5%e0%b0%82%e0%b0%97%e0%b0%be-%e0%b0%ae%e0%b1%81%e0%b0%97%e0%b0%bf%e0%b0%b8%e0%b0%bf%e0%b0%a8-%e0%b0%b6%e0%b1%8d%e0%b0%b0%e0%b1%80-%e0%b0%95%e0%b1%8b%e0%b0%a6-2/
2013-05-17,Brahmotsavams,announced_dates,other_temple,major,SRI GOVINDARAJA SWAMY BRAHMOTSAVAM FROM MAY 17 TO 25,https://news.tirumala.org/sri-govindaraja-swamy-brahmotsavam-from-may-17-to-25/
2013-05-18,Brahmotsavams,announced_dates,other_temple,major,SRI GOVINDARAJA SWAMY BRAHMOTSAVAM FROM MAY 17 TO 25,https://news.tirumala.org/sri-govindaraja-swamy-brahmotsavam-from-may-17-to-25/
2013-05-19,Brahmotsavams,announced_dates,other_temple,major,SRI GOVINDARAJA SWAMY BRAHMOTSAVAM FROM MAY 17 TO 25,https://news.tirumala.org/sri-govindaraja-swamy-brahmotsavam-from-may-17-to-25/
2013-05-20,Brahmotsavams,announced_dates,other_temple,major,SRI GOVINDARAJA SWAMY BRAHMOTSAVAM FROM MAY 17 TO 25,https://news.tirumala.org/sri-govindaraja-swamy-brahmotsavam-from-may-17-to-25/
2013-05-21,Brahmotsavams,announced_dates,other_temple,major,SRI GOVINDARAJA SWAMY BRAHMOTSAVAM FROM MAY 17 TO 25,https://news.tirumala.org/sri-govindaraja-swamy-brahmotsavam-from-may-17-to-25/
2013-05-22,Brahmotsavams,announced_dates,other_temple,major,SRI GOVINDARAJA SWAMY BRAHMOTSAVAM FROM MAY 17 TO 25,https://news.tirumala.org/sri-govindaraja-swamy-brahmotsavam-from-may-17-to-25/
2013-05-23,Brahmotsavams,announced_dates,other_temple,major,SRI GOVINDARAJA SWAMY BRAHMOTSAVAM FROM MAY 17 TO 25,https://news.tirumala.org/sri-govindaraja-swamy-brahmotsavam-from-may-17-to-25/
2013-05-24,Brahmotsavams,announced_dates,other_temple,major,SRI GOVINDARAJA SWAMY BRAHMOTSAVAM FROM MAY 17 TO 25,https://news.tirumala.org/sri-govindaraja-swamy-brahmotsavam-from-may-17-to-25/
2013-05-25,Brahmotsavams,announced_dates,other_temple,major,SRI GOVINDARAJA SWAMY BRAHMOTSAVAM FROM MAY 17 TO 25,https://news.tirumala.org/sri-govindaraja-swamy-brahmotsavam-from-may-17-to-25/
2013-05-26,Brahmotsavams,announced_dates,other_temple,major,BRAHMOTSAVAMS IN RISHIKESH FROM MAY 22 TO 28 _ ￼రిషికేష్‌లోని శ్రీవారి వార్షిక బ్రహ్మోత్సవాల వాల్‌పోస్టర్లు ఆవిష్కరణ,https://news.tirumala.org/brahmotsavams-in-rishikesh-from-may-22-to-28-_-%ef%bf%bc%e0%b0%b0%e0%b0%bf%e0%b0%b7%e0%b0%bf%e0%b0%95%e0%b1%87%e0%b0%b7%e0%b1%8d%e0%b0%b2%e0%b1%8b%e0%b0%a8%e0%b0%bf-%e0%b0%b6/
2013-05-27,Brahmotsavams,announced_dates,other_temple,major,BRAHMOTSAVAMS IN RISHIKESH FROM MAY 22 TO 28 _ ￼రిషికేష్‌లోని శ్రీవారి వార్షిక బ్రహ్మోత్సవాల వాల్‌పోస్టర్లు ఆవిష్కరణ,https://news.tirumala.org/brahmotsavams-in-rishikesh-from-may-22-to-28-_-%ef%bf%bc%e0%b0%b0%e0%b0%bf%e0%b0%b7%e0%b0%bf%e0%b0%95%e0%b1%87%e0%b0%b7%e0%b1%8d%e0%b0%b2%e0%b1%8b%e0%b0%a8%e0%b0%bf-%e0%b0%b6/
2013-05-28,Brahmotsavams,announced_dates,other_temple,major,BRAHMOTSAVAMS IN RISHIKESH FROM MAY 22 TO 28 _ ￼రిషికేష్‌లోని శ్రీవారి వార్షిక బ్రహ్మోత్సవాల వాల్‌పోస్టర్లు ఆవిష్కరణ,https://news.tirumala.org/brahmotsavams-in-rishikesh-from-may-22-to-28-_-%ef%bf%bc%e0%b0%b0%e0%b0%bf%e0%b0%b7%e0%b0%bf%e0%b0%95%e0%b1%87%e0%b0%b7%e0%b1%8d%e0%b0%b2%e0%b1%8b%e0%b0%a8%e0%b0%bf-%e0%b0%b6/
2013-05-31,Brahmotsavams,announced_dates,other_temple,major,BRAHMOTSAVAMS IN KARVETINAGARAM FROM MAY 31 TO JUNE 08,https://news.tirumala.org/%e0%b0%a8%e0%b0%be%e0%b0%b0%e0%b0%be%e0%b0%af%e0%b0%a3%e0%b0%b5%e0%b0%a8%e0%b0%82-%e0%b0%95%e0%b0%be%e0%b0%b0%e0%b1%8d%e0%b0%b5%e0%b1%87%e0%b0%9f%e0%b0%bf%e0%b0%a8%e0%b0%97%e0%b0%b0%e0%b0%82/
2013-06-01,Brahmotsavams,announced_dates,other_temple,major,BRAHMOTSAVAMS IN KARVETINAGARAM FROM MAY 31 TO JUNE 08,https://news.tirumala.org/%e0%b0%a8%e0%b0%be%e0%b0%b0%e0%b0%be%e0%b0%af%e0%b0%a3%e0%b0%b5%e0%b0%a8%e0%b0%82-%e0%b0%95%e0%b0%be%e0%b0%b0%e0%b1%8d%e0%b0%b5%e0%b1%87%e0%b0%9f%e0%b0%bf%e0%b0%a8%e0%b0%97%e0%b0%b0%e0%b0%82/
2013-06-02,Brahmotsavams,announced_dates,other_temple,major,BRAHMOTSAVAMS IN KARVETINAGARAM FROM MAY 31 TO JUNE 08,https://news.tirumala.org/%e0%b0%a8%e0%b0%be%e0%b0%b0%e0%b0%be%e0%b0%af%e0%b0%a3%e0%b0%b5%e0%b0%a8%e0%b0%82-%e0%b0%95%e0%b0%be%e0%b0%b0%e0%b1%8d%e0%b0%b5%e0%b1%87%e0%b0%9f%e0%b0%bf%e0%b0%a8%e0%b0%97%e0%b0%b0%e0%b0%82/
2013-06-03,Brahmotsavams,announced_dates,other_temple,major,BRAHMOTSAVAMS IN KARVETINAGARAM FROM MAY 31 TO JUNE 08,https://news.tirumala.org/%e0%b0%a8%e0%b0%be%e0%b0%b0%e0%b0%be%e0%b0%af%e0%b0%a3%e0%b0%b5%e0%b0%a8%e0%b0%82-%e0%b0%95%e0%b0%be%e0%b0%b0%e0%b1%8d%e0%b0%b5%e0%b1%87%e0%b0%9f%e0%b0%bf%e0%b0%a8%e0%b0%97%e0%b0%b0%e0%b0%82/
2013-06-03,Hanuman Jayanti,same_day_report,tirumala,major,HANUMAN JAYANTHI CELEBRATED WITH RELIGIOUS FERVOUR IN TIRUMALA,https://news.tirumala.org/hanuman-jayanthi-celebrated-with-religious-fervour-in-tirumala-_-%e0%b0%ad%e0%b0%95%e0%b1%8d%e0%b0%a4%e0%b0%be%e0%b0%97%e0%b1%8d%e0%b0%b0%e0%b1%87%e0%b0%b8%e0%b0%b0%e0%b1%81%e0%b0%b2%e0%b1%8d%e0%b0%b2/
2013-06-04,Brahmotsavams,announced_dates,other_temple,major,BRAHMOTSAVAMS IN KARVETINAGARAM FROM MAY 31 TO JUNE 08,https://news.tirumala.org/%e0%b0%a8%e0%b0%be%e0%b0%b0%e0%b0%be%e0%b0%af%e0%b0%a3%e0%b0%b5%e0%b0%a8%e0%b0%82-%e0%b0%95%e0%b0%be%e0%b0%b0%e0%b1%8d%e0%b0%b5%e0%b1%87%e0%b0%9f%e0%b0%bf%e0%b0%a8%e0%b0%97%e0%b0%b0%e0%b0%82/
2013-06-05,Brahmotsavams,announced_dates,other_temple,major,BRAHMOTSAVAMS IN KARVETINAGARAM FROM MAY 31 TO JUNE 08,https://news.tirumala.org/%e0%b0%a8%e0%b0%be%e0%b0%b0%e0%b0%be%e0%b0%af%e0%b0%a3%e0%b0%b5%e0%b0%a8%e0%b0%82-%e0%b0%95%e0%b0%be%e0%b0%b0%e0%b1%8d%e0%b0%b5%e0%b1%87%e0%b0%9f%e0%b0%bf%e0%b0%a8%e0%b0%97%e0%b0%b0%e0%b0%82/
2013-06-06,Brahmotsavams,announced_dates,other_temple,major,BRAHMOTSAVAMS IN KARVETINAGARAM FROM MAY 31 TO JUNE 08,https://news.tirumala.org/%e0%b0%a8%e0%b0%be%e0%b0%b0%e0%b0%be%e0%b0%af%e0%b0%a3%e0%b0%b5%e0%b0%a8%e0%b0%82-%e0%b0%95%e0%b0%be%e0%b0%b0%e0%b1%8d%e0%b0%b5%e0%b1%87%e0%b0%9f%e0%b0%bf%e0%b0%a8%e0%b0%97%e0%b0%b0%e0%b0%82/
2013-06-07,Brahmotsavams,announced_dates,other_temple,major,BRAHMOTSAVAMS IN KARVETINAGARAM FROM MAY 31 TO JUNE 08,https://news.tirumala.org/%e0%b0%a8%e0%b0%be%e0%b0%b0%e0%b0%be%e0%b0%af%e0%b0%a3%e0%b0%b5%e0%b0%a8%e0%b0%82-%e0%b0%95%e0%b0%be%e0%b0%b0%e0%b1%8d%e0%b0%b5%e0%b1%87%e0%b0%9f%e0%b0%bf%e0%b0%a8%e0%b0%97%e0%b0%b0%e0%b0%82/
2013-06-08,Brahmotsavams,announced_dates,other_temple,major,BRAHMOTSAVAMS IN KARVETINAGARAM FROM MAY 31 TO JUNE 08,https://news.tirumala.org/%e0%b0%a8%e0%b0%be%e0%b0%b0%e0%b0%be%e0%b0%af%e0%b0%a3%e0%b0%b5%e0%b0%a8%e0%b0%82-%e0%b0%95%e0%b0%be%e0%b0%b0%e0%b1%8d%e0%b0%b5%e0%b1%87%e0%b0%9f%e0%b0%bf%e0%b0%a8%e0%b0%97%e0%b0%b0%e0%b0%82/
2013-06-14,Brahmotsavams,announced_dates,other_temple,major,SRI VENKATESWARA SWAMY VARI BRAHMOTSAVAM AT HYDERABAD FROM JUNE 14 TO 19,https://news.tirumala.org/sri-venkateswara-swamy-vari-brahmotsavam-at-hyderabad-from-june-14-to-19/
2013-06-15,Brahmotsavams,announced_dates,other_temple,major,SRI VENKATESWARA SWAMY VARI BRAHMOTSAVAM AT HYDERABAD FROM JUNE 14 TO 19,https://news.tirumala.org/sri-venkateswara-swamy-vari-brahmotsavam-at-hyderabad-from-june-14-to-19/
2013-06-16,Brahmotsavams,announced_dates,other_temple,major,SRI VENKATESWARA SWAMY VARI BRAHMOTSAVAM AT HYDERABAD FROM JUNE 14 TO 19,https://news.tirumala.org/sri-venkateswara-swamy-vari-brahmotsavam-at-hyderabad-from-june-14-to-19/
2013-06-17,Brahmotsavams,announced_dates,other_temple,major,SRI VENKATESWARA SWAMY VARI BRAHMOTSAVAM AT HYDERABAD FROM JUNE 14 TO 19,https://news.tirumala.org/sri-venkateswara-swamy-vari-brahmotsavam-at-hyderabad-from-june-14-to-19/
2013-06-18,Brahmotsavams,announced_dates,other_temple,major,SRI VENKATESWARA SWAMY VARI BRAHMOTSAVAM AT HYDERABAD FROM JUNE 14 TO 19,https://news.tirumala.org/sri-venkateswara-swamy-vari-brahmotsavam-at-hyderabad-from-june-14-to-19/
2013-06-19,Brahmotsavams,announced_dates,other_temple,major,SRI VENKATESWARA SWAMY VARI BRAHMOTSAVAM AT HYDERABAD FROM JUNE 14 TO 19,https://news.tirumala.org/sri-venkateswara-swamy-vari-brahmotsavam-at-hyderabad-from-june-14-to-19/
2013-06-26,Brahmotsavams,same_day_report,other_temple,major,SRI PRASANNA VENKATESWARA SWAMY TEMPLE BRAHMOTSAVAM CONCLUDES WITH CHAKRASNANAM,https://news.tirumala.org/sri-prasanna-venkateswara-swamy-temple-brahmotsavam-concludes-with-chakrasnanam-_-%e0%b0%98%e0%b0%a8%e0%b0%82%e0%b0%97%e0%b0%be-%e0%b0%ae%e0%b1%81%e0%b0%97%e0%b0%bf%e0%b0%b8%e0%b0%bf%e0%b0%a8/
2013-07-16,Anivara Asthanam,same_day_report,unspecified,minor,ANIVARA ASTHANAM PERFORMED WITH RELIGIOUS FERVOUR,https://news.tirumala.org/anivara-asthanam-performed-with-religious-fervour-_-%e0%b0%b6%e0%b1%8d%e0%b0%b0%e0%b1%80%e0%b0%b5%e0%b0%be%e0%b0%b0%e0%b0%bf-%e0%b0%86%e0%b0%b2%e0%b0%af%e0%b0%82%e0%b0%b2%e0%b1%8b-%e0%b0%a8/
2013-07-19,Pavitrotsavam,same_day_report,other_temple,minor,THREE DAY ANNUAL PAVITHROTSAVAM IN SRI KAPILESWARA SWAMY TEMPLE BEGINS,https://news.tirumala.org/three-day-annual-pavithrotsavam-in-sri-kapileswara-swamy-temple-begins-_-%e0%b0%b5%e0%b1%88%e0%b0%ad%e0%b0%b5%e0%b0%82%e0%b0%97%e0%b0%be-%e0%b0%b6%e0%b1%8d%e0%b0%b0%e0%b1%80-%e0%b0%95%e0%b0%aa/
2013-07-21,Pavitrotsavam,same_day_report,other_temple,minor,PAVITHROTSAVAMS IN SRI KAPILESWARA SWAMY TEMPLE CONCLUDES ON A RELIGIOUS NOTE,https://news.tirumala.org/pavithrotsavams-in-sri-kapileswara-swamy-temple-concludes-on-a-religious-note-4/
2013-08-02,Pavitrotsavam,same_day_report,other_temple,minor,THREE DAY ANNUAL PAVITHROTSAVAMS IN SRI KODANDARAMA SWAMY TEMPLE BEGINS,https://news.tirumala.org/three-day-annual-pavithrotsavams-in-sri-kodandarama-swamy-temple-begins-_-%e0%b0%b6%e0%b0%be%e0%b0%b8%e0%b1%8d%e0%b0%a4%e0%b1%8d%e0%b0%b0%e0%b1%8b%e0%b0%95%e0%b1%8d%e0%b0%a4%e0%b0%82%e0%b0%97%e0%b0%be/
2013-08-15,Independence Day,fixed_national_holiday,national,major,fixed calendar date,
2013-08-17,Pavitrotsavam,same_day_report,tirumala,minor,THREE DAY ANNUAL PAVITHROTSAVAMS BEGINS IN TIRUMALA,https://news.tirumala.org/three-day-annual-pavithrotsavams-begins-in-tirumala-_-%e0%b0%a4%e0%b0%bf%e0%b0%b0%e0%b1%81%e0%b0%ae%e0%b0%b2%e0%b0%b2%e0%b1%8b-%e0%b0%98%e0%b0%a8%e0%b0%82%e0%b0%97%e0%b0%be-%e0%b0%aa%e0%b1%8d%e0%b0%b0/
2013-08-19,Pavitrotsavam,same_day_report,unspecified,minor,PAVITHROTSAVAMS CONCLUDES ON A RELIGIOUS NOTE _ పూర్ణాహుతితో తిరుమలలో ఘనంగా ముగిసిన పవిత్రోత్సవాలు,https://news.tirumala.org/pavithrotsavams-concludes-on-a-religious-note-_-%e0%b0%aa%e0%b1%82%e0%b0%b0%e0%b1%8d%e0%b0%a3%e0%b0%be%e0%b0%b9%e0%b1%81%e0%b0%a4%e0%b0%bf%e0%b0%a4%e0%b1%8b-%e0%b0%a4%e0%b0%bf%e0%b0%b0%e0%b1%81/
2013-09-19,Pavitrotsavam,same_day_report,other_temple,minor,THREE DAY ANNUAL PAVITHROTSAVAM IN SRI PADMAVATHI AMMAVARI TEMPLE CONCLUDES,https://news.tirumala.org/three-day-annual-pavithrotsavam-in-sri-padmavathi-ammavari-temple-concludes-_-%e0%b0%b6%e0%b1%8d%e0%b0%b0%e0%b1%80-%e0%b0%aa%e0%b0%a6%e0%b1%8d%e0%b0%ae%e0%b0%be%e0%b0%b5%e0%b0%a4%e0%b0%bf-%e0%b0%85/
2013-10-02,Gandhi Jayanti,fixed_national_holiday,national,major,fixed calendar date,
2013-10-04,Srivari Annual Brahmotsavams,same_day_report,unspecified,major,ANKURARPANAM PERFORMED FOR ANNUAL BRAHMOTSAVAMS,https://news.tirumala.org/ankurarpanam-performed-for-annual-brahmotsavams/
2013-10-05,Srivari Annual Brahmotsavams,announced_dates,tirumala,major,SRI VARI SALAKATLA BRAHMOTSAVAM BEGINS IN TIRUMALA ON OCT 5,https://news.tirumala.org/sri-vari-salakatla-brahmotsavam-begins-in-tirumala-on-oct-5/
2013-10-06,Srivari Annual Brahmotsavams,announced_dates,unspecified,major,2nd DAY OF SALAKATLA BRAHMOTSAVAM-PROCESSION OF HAMSA VAHANAM ON OCT 6,https://news.tirumala.org/2nd-day-of-salakatla-brahmotsavam-procession-of-hamsa-vahanam-on-oct-6/
2013-10-07,Srivari Annual Brahmotsavams,announced_dates,unspecified,major,3rd DAY OF SALAKATLA BRAHMOTSAVAM-MUTHYAPU PANDIRI VAHANAM ON OCT 7,https://news.tirumala.org/3rd-day-of-salakatla-brahmotsavam-muthyapu-pandiri-vahanam-on-oct-7/
2013-10-08,Brahmotsavams,announced_dates,tirumala,major,Procession of Umbrellas in connection with Sri Vari Brahmotsavam at Tirumala on Oct 8,https://news.tirumala.org/procession-of-umbrellas-in-connection-with-sri-vari-brahmotsavam-at-tirumala-on-oct-8/
2013-10-08,Srivari Annual Brahmotsavams,announced_dates,tirumala,major,4th DAY OF SRIVARI SALAKATLA BRAHMOTSAVAM-SARVBHOOPALA VAHANAM ON OCT 8,https://news.tirumala.org/4th-day-of-srivari-salakatla-brahmotsavam-sarvbhoopala-vahanam-on-oct-8/
2013-10-09,Srivari Annual Brahmotsavams,announced_dates,unspecified,major,5th DAY OF SALAKATLA BRAHMOTSAVAM-GARUDA VAHANAM ON OCT 9,https://news.tirumala.org/5th-day-of-salakatla-brahmotsavam-garuda-vahanam-on-oct-9/
2013-10-10,Srivari Annual Brahmotsavams,announced_dates,tirumala,major,6th DAY OF SRIVARI SALAKATLA BRAHMOTSAVAM-GAJA VAHANAM ON OCT 10,https://news.tirumala.org/6th-day-of-srivari-salakatla-brahmotsavam-gaja-vahanam-on-oct-10/
2013-10-12,Srivari Annual Brahmotsavams,announced_dates,tirumala,major,8th DAY OF SRIVARI SALAKATLA BRAHMOTSAVAM-ASWA VAHANAM ON OCT 12,https://news.tirumala.org/8th-day-of-srivari-salakatla-brahmotsavam-aswa-vahanam-on-oct-12/
2013-10-13,Srivari Annual Brahmotsavams,announced_dates,tirumala,major,9th Day of Sri Vari Annual Brahmotsavam-CHAKRASNANAM ON OCT 13,https://news.tirumala.org/9th-day-of-sri-vari-annual-brahmotsavam-chakrasnanam-on-oct-13/
2013-10-19,Pavitrotsavam,same_day_report,other_temple,minor,PAVITHROTSAVAMS PERFORMED IN RISHIKESH TEMPLE,https://news.tirumala.org/pavithrotsavams-performed-in-rishikesh-temple/
2013-10-29,Pavitrotsavam,same_day_report,other_temple,minor,ANKURARPANAM FOR PAVITROTSAVAMS HELD AT SRINIVASA MANGAPURAM,https://news.tirumala.org/ankurarpanam-for-pavitrotsavams-held-at-srinivasa-mangapuram/
2013-10-30,Pavitrotsavam,same_day_report,other_temple,minor,PAVITROTSAVAMS COMMENCES IN SRINIVASA MANGAPURAM_ నవంబరు 3 నుండి 5వ తేదీ వరకు శ్రీనివాసమంగాపురంలోని శ్రీ కల్యాణ వేంకటేశ్వరస్వామివారి ఆలయంలో పవిత్రోత్స,https://news.tirumala.org/pavitrotsavams-commences-in-srinivasa-mangapuram/
2013-11-01,Pavitrotsavam,same_day_report,other_temple,minor,THREE DAY ANNUAL PAVITHROTSAVAM IN SRI KALYANA VENKATESWARA SWAMY TEMPLE CONCLUDES,https://news.tirumala.org/three-day-annual-pavithrotsavam-in-sri-kalyana-venkateswara-swamy-temple-concludes/
2013-11-03,Deepavali,same_day_report,tirumala,major,DEEPAVALI ASTHANAM PERFORMED WITH RELIGIOUS FERVOUR IN TIRUMALA TEMPLE,https://news.tirumala.org/deepavali-asthanam-performed-with-religious-fervour-in-tirumala-temple/
2013-11-13,Teppotsavam,announced_dates,unspecified,minor,TEPPOTSAVAM IN TTD SUB TEMPLE FROM NOV 13 TO 17,https://news.tirumala.org/teppotsavam-in-ttd-sub-temple-from-nov-13-to-17/
2013-11-14,Teppotsavam,announced_dates,unspecified,minor,TEPPOTSAVAM IN TTD SUB TEMPLE FROM NOV 13 TO 17,https://news.tirumala.org/teppotsavam-in-ttd-sub-temple-from-nov-13-to-17/
2013-11-15,Teppotsavam,announced_dates,unspecified,minor,TEPPOTSAVAM IN TTD SUB TEMPLE FROM NOV 13 TO 17,https://news.tirumala.org/teppotsavam-in-ttd-sub-temple-from-nov-13-to-17/
2013-11-16,Teppotsavam,announced_dates,unspecified,minor,TEPPOTSAVAM IN TTD SUB TEMPLE FROM NOV 13 TO 17,https://news.tirumala.org/teppotsavam-in-ttd-sub-temple-from-nov-13-to-17/
2013-11-17,Teppotsavam,announced_dates,unspecified,minor,TEPPOTSAVAM IN TTD SUB TEMPLE FROM NOV 13 TO 17,https://news.tirumala.org/teppotsavam-in-ttd-sub-temple-from-nov-13-to-17/
2013-11-29,Brahmotsavams,same_day_report,unspecified,major,SRI PADMVATHI AMMAVARI ANNUAL KARTHEEKA BRAHMOTSAVAM BEGINS,https://news.tirumala.org/sri-padmvathi-ammavari-annual-kartheeka-brahmotsavam-begins-2/
2013-12-03,Vasanthotsavam,same_day_report,other_temple,minor,VASANTHOTSAVAM PERFORMED TO GODDESS PADMAVATHI,https://news.tirumala.org/vasanthotsavam-performed-to-goddess-padmavathi/
2013-12-07,Brahmotsavams,same_day_report,unspecified,major,DHWAJAVAROHANAM MARKS SUCCESSFUL END OF KARTHIKA BRAHMOTSAVAMS,https://news.tirumala.org/dhwajavarohanam-marks-successful-end-of-karthika-brahmotsavams/
2013-12-13,Teppotsavam,announced_dates,unspecified,minor,TEPPOTSAVAM IN KAPILA TEERTHAM FROM DEC 13 TO 17,https://news.tirumala.org/teppotsavam-in-kapila-teertham-from-dec-13-to-17/
2013-12-14,Teppotsavam,announced_dates,unspecified,minor,TEPPOTSAVAM IN KAPILA TEERTHAM FROM DEC 13 TO 17,https://news.tirumala.org/teppotsavam-in-kapila-teertham-from-dec-13-to-17/
2013-12-15,Teppotsavam,announced_dates,unspecified,minor,TEPPOTSAVAM IN KAPILA TEERTHAM FROM DEC 13 TO 17,https://news.tirumala.org/teppotsavam-in-kapila-teertham-from-dec-13-to-17/
2013-12-16,Teppotsavam,announced_dates,unspecified,minor,TEPPOTSAVAM IN KAPILA TEERTHAM FROM DEC 13 TO 17,https://news.tirumala.org/teppotsavam-in-kapila-teertham-from-dec-13-to-17/
2013-12-17,Teppotsavam,announced_dates,unspecified,minor,TEPPOTSAVAM IN KAPILA TEERTHAM FROM DEC 13 TO 17,https://news.tirumala.org/teppotsavam-in-kapila-teertham-from-dec-13-to-17/
2013-12-25,Christmas,fixed_national_holiday,national,major,fixed calendar date,
2014-01-01,New Year's Day,fixed_national_holiday,national,major,fixed calendar date,
2014-01-07,Vaikunta Ekadasi,announced_dates,unspecified,major,VAIKUNTA EKADASI TICKETS TO BE ISSUED ON JAN 7,https://news.tirumala.org/vaikunta-ekadasi-tickets-to-be-issued-on-jan-7/
2014-01-26,Republic Day,fixed_national_holiday,national,major,fixed calendar date,
2014-02-08,Teppotsavam,same_day_report,other_temple,minor,FIVE DAY ANNUAL FLOAT FESTIVAL IN SRI GOVINDARAJA SWAMY BEGINS IN TIRUPATI,https://news.tirumala.org/five-day-annual-float-festival-in-sri-govindaraja-swamy-begins-in-tirupati/
2014-02-13,Teppotsavam,announced_dates,other_temple,minor,TEPPOTSAVAM IN SRI GOVINDARAJA SWAMY TEMPLE FROM FEB 13 TO 17,https://news.tirumala.org/teppotsavam-in-sri-govindaraja-swamy-temple-from-feb-13-to-17/
2014-02-14,Teppotsavam,announced_dates,other_temple,minor,TEPPOTSAVAM IN SRI GOVINDARAJA SWAMY TEMPLE FROM FEB 13 TO 17,https://news.tirumala.org/teppotsavam-in-sri-govindaraja-swamy-temple-from-feb-13-to-17/
2014-02-15,Teppotsavam,announced_dates,other_temple,minor,TEPPOTSAVAM IN SRI GOVINDARAJA SWAMY TEMPLE FROM FEB 13 TO 17,https://news.tirumala.org/teppotsavam-in-sri-govindaraja-swamy-temple-from-feb-13-to-17/
2014-02-16,Teppotsavam,announced_dates,other_temple,minor,TEPPOTSAVAM IN SRI GOVINDARAJA SWAMY TEMPLE FROM FEB 13 TO 17,https://news.tirumala.org/teppotsavam-in-sri-govindaraja-swamy-temple-from-feb-13-to-17/
2014-02-17,Teppotsavam,announced_dates,other_temple,minor,TEPPOTSAVAM IN SRI GOVINDARAJA SWAMY TEMPLE FROM FEB 13 TO 17,https://news.tirumala.org/teppotsavam-in-sri-govindaraja-swamy-temple-from-feb-13-to-17/
2014-02-18,Srivari Annual Brahmotsavams,same_day_report,other_temple,major,ANKURARPANAM PERFORMED FOR ANNUAL BRAHMOTSAVAMS IN SRINIVASA MANGAPURAM,https://news.tirumala.org/ankurarpanam-performed-for-annual-brahmotsavams-in-srinivasa-mangapuram/
2014-02-19,Srivari Annual Brahmotsavams,same_day_report,other_temple,major,ANNUAL BRAHMOTSAVAM OF SRI KALYANA VENKATESWARA SWAMY TEMPLE BEGINS,https://news.tirumala.org/annual-brahmotsavam-of-sri-kalyana-venkateswara-swamy-temple-begins/
2014-02-20,Srivari Annual Brahmotsavams,same_day_report,other_temple,major,ANNUAL BRAHMOTSAVAM IN SRI KAPILESWARA SWAMY TEMPLE BEGINS,https://news.tirumala.org/annual-brahmotsavam-in-sri-kapileswara-swamy-temple-begins/
2014-02-27,Brahmotsavams,same_day_report,unspecified,major,MANGAPURAM BRAHMOTSAVAMS CONCLUDES WITH CHAKRASNANA MAHOTSAVAM,https://news.tirumala.org/mangapuram-brahmotsavams-concludes-with-chakrasnana-mahotsavam/
2014-03-12,Teppotsavam,same_day_report,tirumala,minor,FIVE DAY SRI VARI ANNUAL FLOAT FESTIVAL BEGINS,https://news.tirumala.org/five-day-sri-vari-annual-float-festival-begins/
2014-03-16,Teppotsavam,same_day_report,tirumala,minor,FIVE DAY FLOAT FESTIVAL CONCLUDES ON A COLOURFUL NOTE IN TIRUMALA,https://news.tirumala.org/five-day-float-festival-concludes-on-a-colourful-note-in-tirumala/
2014-03-27,Srivari Annual Brahmotsavams,same_day_report,unspecified,major,ANKURARPANAM PERFORMED FOR ANNUAL BRAHMOTSAVAMS,https://news.tirumala.org/ankurarpanam-performed-for-annual-brahmotsavams-2/
2014-03-28,Brahmotsavams,same_day_report,other_temple,major,BRAHMOTSAVAMS OF LORD SRI VENKATA KODANDARAMA SWAMY TEMPLE AT TIRUPATI BEGINS,https://news.tirumala.org/brahmotsavams-of-lord-sri-venkata-kodandarama-swamy-temple-at-tirupati-begins/
2014-03-31,Ugadi,announced_dates,tirumala,major,UGADI ASTANAM IN TIRUMALA TEMPLE ON MARCH 31,https://news.tirumala.org/ugadi-astanam-in-tirumala-temple-on-march-31/
2014-04-05,Brahmotsavams,same_day_report,other_temple,major,SRI KODANDARAMA SWAMY TEMPLE BRAHMOTSAVAM CONCLUDES WITH CHAKRASNANAM,https://news.tirumala.org/sri-kodandarama-swamy-temple-brahmotsavam-concludes-with-chakrasnanam/
2014-04-08,Sri Rama Navami,announced_dates,tirumala,major,SRI RAMA NAVAMI ASTHANAM AT TIRUMALA SHIRNE ON APRIL 8,https://news.tirumala.org/sri-rama-navami-asthanam-at-tirumala-shirne-on-april-8/
2014-04-12,Vasanthotsavam,announced_dates,unspecified,minor,VASANTHOTSAVAMS FROM APRIL 12-14,https://news.tirumala.org/vasanthotsavams-from-april-12-14/
2014-04-13,Vasanthotsavam,announced_dates,unspecified,minor,VASANTHOTSAVAMS FROM APRIL 12-14,https://news.tirumala.org/vasanthotsavams-from-april-12-14/
2014-04-14,Vasanthotsavam,same_day_report,tirumala,minor,VASANTHOTSAVAMS CONCLUDES ON A GRAND NOTE IN TIRUMALA,https://news.tirumala.org/vasanthotsavams-concludes-on-a-grand-note-in-tirumala/
2014-04-30,Srivari Annual Brahmotsavams,same_day_report,other_temple,major,MAIDEN ANNUAL BRAHMOTSAVAMS OF LORD CHANDRAMOULISWARA COMMENCE AT RISHIKESH,https://news.tirumala.org/maiden-annual-brahmotsavams-of-lord-chandramouliswara-commence-at-rishikesh/
2014-05-13,Vasanthotsavam,same_day_report,unspecified,minor,THREE DAY ANNUAL SRI PAT VASANTHOTSAVAMS BEGINS FROM MAY 13,https://news.tirumala.org/three-day-annual-sri-pat-vasanthotsavams-begins-from-may-13/
2014-05-15,Vasanthotsavam,same_day_report,other_temple,minor,3 DAY ANNUAL VASANTHOTSAVAM IN TIRUCHANUR CONCLUDES,https://news.tirumala.org/3-day-annual-vasanthotsavam-in-tiruchanur-concludes/
2014-05-17,Brahmotsavams,same_day_report,other_temple,major,ANKURARPANAM PERFORMED FOR MAIDEN BRAHMOTSAVAM IN NEW DELHI VENKATESWARA TEMPLE,https://news.tirumala.org/ankurarpanam-performed-for-maiden-brahmotsavam-in-new-delhi-venkateswara-temple/
2014-05-18,Vasanthotsavam,same_day_report,other_temple,minor,THREE DAY ANNUAL VASANTHOTSAVAM BEGINS IN SRINIVASA MANGAPURAM,https://news.tirumala.org/three-day-annual-vasanthotsavam-begins-in-srinivasa-mangapuram/
2014-05-19,Vasanthotsavam,announced_dates,other_temple,minor,SRINIVASA MANGAPURAM VASANTHOTSAVAM FROM MAY 18-20,https://news.tirumala.org/srinivasa-mangapuram-vasanthotsavam-from-may-18-20/
2014-05-20,Brahmotsavams,same_day_report,other_temple,major,BRAHMOTSAVAMS CONCLUDE ON A GRAND RELIGIOUS NOTE IN DELHI,https://news.tirumala.org/brahmotsavams-conclude-on-a-grand-religious-note-in-delhi/
2014-05-20,Vasanthotsavam,same_day_report,other_temple,minor,THREE DAY VASANTHOTSAVAMS CONCLUDES IN SRINIVASA MANGAPURAM,https://news.tirumala.org/three-day-vasanthotsavams-concludes-in-srinivasa-mangapuram/
2014-06-04,Srivari Annual Brahmotsavams,same_day_report,other_temple,major,ANNUAL BRAHMOTSAVAM IN SRI GOVINDARAJA SWAMY BEGINS,https://news.tirumala.org/annual-brahmotsavam-in-sri-govindaraja-swamy-begins/
2014-06-08,Teppotsavam,announced_dates,other_temple,minor,ANNUAL TEPPOTSAVAMS OF GODDESS PADMAVATHI OF TIRUCHANOOR FROM JUNE 8 TO 12,https://news.tirumala.org/annual-teppotsavams-of-goddess-padmavathi-of-tiruchanoor-from-june-8-to-12/
2014-06-09,Teppotsavam,announced_dates,other_temple,minor,ANNUAL TEPPOTSAVAMS OF GODDESS PADMAVATHI OF TIRUCHANOOR FROM JUNE 8 TO 12,https://news.tirumala.org/annual-teppotsavams-of-goddess-padmavathi-of-tiruchanoor-from-june-8-to-12/
2014-06-10,Teppotsavam,announced_dates,other_temple,minor,ANNUAL TEPPOTSAVAMS OF GODDESS PADMAVATHI OF TIRUCHANOOR FROM JUNE 8 TO 12,https://news.tirumala.org/annual-teppotsavams-of-goddess-padmavathi-of-tiruchanoor-from-june-8-to-12/
2014-06-11,Teppotsavam,announced_dates,other_temple,minor,ANNUAL TEPPOTSAVAMS OF GODDESS PADMAVATHI OF TIRUCHANOOR FROM JUNE 8 TO 12,https://news.tirumala.org/annual-teppotsavams-of-goddess-padmavathi-of-tiruchanoor-from-june-8-to-12/
2014-06-12,Brahmotsavams,same_day_report,other_temple,major,LORD GOVINDARAJA SWAMY BRAHMOTSAVAM CONCLUDES WITH CHAKRASNANAM,https://news.tirumala.org/lord-govindaraja-swamy-brahmotsavam-concludes-with-chakrasnanam/
2014-06-12,Srivari Annual Brahmotsavams,announced_dates,other_temple,major,TTD- 5TH DAY OF ANNUAL BRAHMOTSAVAM IN APPALAYAGUNTA- PALLAKI UTSAVAM ON JUNE 12,https://news.tirumala.org/ttd-5th-day-of-annual-brahmotsavam-in-appalayagunta-pallaki-utsavam-on-june-12/
2014-06-12,Teppotsavam,announced_dates,other_temple,minor,ANNUAL TEPPOTSAVAMS OF GODDESS PADMAVATHI OF TIRUCHANOOR FROM JUNE 8 TO 12,https://news.tirumala.org/annual-teppotsavams-of-goddess-padmavathi-of-tiruchanoor-from-june-8-to-12/
2014-06-16,Brahmotsavams,same_day_report,other_temple,major,SRI PRASANNA VENKATESWARA SWAMY TEMPLE BRAHMOTSAVAM CONCLUDES WITH CHAKRASNANAM,https://news.tirumala.org/sri-prasanna-venkateswara-swamy-temple-brahmotsavam-concludes-with-chakrasnanam/
2014-06-27,Srivari Annual Brahmotsavams,same_day_report,unspecified,major,ANNUAL BRAHMOTSAVAMS COMMENCE AT PARASARESWARA SWAMY TEMPLE,https://news.tirumala.org/annual-brahmotsavams-commence-at-parasareswara-swamy-temple/
2014-07-09,Pavitrotsavam,same_day_report,other_temple,minor,THREE DAY ANNUAL PAVITHROTSAVAM IN SRI KAPILESWARA SWAMY TEMPLE BEGINS,https://news.tirumala.org/three-day-annual-pavithrotsavam-in-sri-kapileswara-swamy-temple-begins/
2014-07-11,Pavitrotsavam,same_day_report,other_temple,minor,PAVITHROTSAVAMS IN SRI KAPILESWARA SWAMY TEMPLE CONCLUDES ON A RELIGIOUS NOTE,https://news.tirumala.org/pavithrotsavams-in-sri-kapileswara-swamy-temple-concludes-on-a-religious-note/
2014-07-17,Anivara Asthanam,same_day_report,unspecified,minor,ANIVARA ASTHANAM OBSERVED WITH RELIGIOUS FERVOUR,https://news.tirumala.org/anivara-asthanam-observed-with-religious-fervour/
2014-07-22,Pavitrotsavam,same_day_report,other_temple,minor,THREE DAY ANNUAL PAVITHROTSAVAMS IN SRI KODANDARAMA SWAMY TEMPLE BEGINS,https://news.tirumala.org/three-day-annual-pavithrotsavams-in-sri-kodandarama-swamy-temple-begins/
2014-07-23,Pavitrotsavam,announced_dates,unspecified,minor,PAVITROTSAVAMS IN SRI KRT FROM JULY 22 TO 24,https://news.tirumala.org/pavitrotsavams-in-sri-krt-from-july-22-to-24/
2014-07-24,Pavitrotsavam,same_day_report,unspecified,minor,THREE DAY ANNUAL PAVITHROTSAVAM IN SRI KODANDA RAMASWAMY TEMPLE CONCLUDES,https://news.tirumala.org/three-day-annual-pavithrotsavam-in-sri-kodanda-ramaswamy-temple-concludes/
2014-08-05,Pavitrotsavam,same_day_report,unspecified,minor,ANKRURPANA FOR PAVITROTSAVAMS PERFORMED,https://news.tirumala.org/ankrurpana-for-pavitrotsavams-performed/
2014-08-06,Pavitrotsavam,same_day_report,tirumala,minor,THREE DAY ANNUAL PAVITHROTSAVAMS BEGINS IN TIRUMALA,https://news.tirumala.org/three-day-annual-pavithrotsavams-begins-in-tirumala/
2014-08-07,Pavitrotsavam,announced_dates,tirumala,minor,PAVITROTSAVAMS IN TIRUMALA TEMPLE FROM AUGUST 6-8,https://news.tirumala.org/pavitrotsavams-in-tirumala-temple-from-august-6-8/
2014-08-08,Pavitrotsavam,same_day_report,unspecified,minor,PAVITHROTSAVAMS CONCLUDES ON A RELIGIOUS NOTE,https://news.tirumala.org/pavithrotsavams-concludes-on-a-religious-note/
2014-08-08,Varalakshmi Vratam,same_day_report,other_temple,major,VARALAKSHMI VRATAM OBSERVED WITH RELIGIOUS FERVOUR IN TIRUCHANOOR,https://news.tirumala.org/varalakshmi-vratam-observed-with-religious-fervour-in-tiruchanoor/
2014-08-15,Independence Day,fixed_national_holiday,national,major,fixed calendar date,
2014-09-05,Pavitrotsavam,same_day_report,unspecified,minor,PAVITROTSAVAMS COMMENCES IN SRI GT,https://news.tirumala.org/pavitrotsavams-commences-in-sri-gt/
2014-09-06,Pavitrotsavam,announced_dates,unspecified,minor,SRI PAT PAVITROTSAVAMS FROM SEPT 6 TO 8,https://news.tirumala.org/sri-pat-pavitrotsavams-from-sept-6-to-8/
2014-09-07,Pavitrotsavam,announced_dates,unspecified,minor,SRI PAT PAVITROTSAVAMS FROM SEPT 6 TO 8,https://news.tirumala.org/sri-pat-pavitrotsavams-from-sept-6-to-8/
2014-09-08,Pavitrotsavam,announced_dates,unspecified,minor,SRI PAT PAVITROTSAVAMS FROM SEPT 6 TO 8,https://news.tirumala.org/sri-pat-pavitrotsavams-from-sept-6-to-8/
2014-09-09,Garuda Seva,same_day_report,tirumala,minor,TRIAL-RUN OF POURNAMI GARUDA SEVA PERFORMED AT TIRUMALA,https://news.tirumala.org/trial-run-of-pournami-garuda-seva-performed-at-tirumala/
2014-09-20,Pavitrotsavam,same_day_report,other_temple,minor,THREE DAY ANNUAL PAVITHROTSAVAM IN SRI PRASANNA VENKATESWARA TEMPLE CONCLUDES,https://news.tirumala.org/three-day-annual-pavithrotsavam-in-sri-prasanna-venkateswara-temple-concludes/
2014-09-26,Srivari Annual Brahmotsavams,announced_dates,unspecified,major,SALAKATLA BRAHMOTSAVAM - PEDDA SESHA VAHANAM ON SEP 26,https://news.tirumala.org/salakatla-brahmotsavam-pedda-sesha-vahanam-on-sep-26/
2014-09-27,Srivari Annual Brahmotsavams,announced_dates,tirumala,major,SRIVARI ANNUAL BRAHMOTSAVAMS TO ENTHRALL PILGRIMS FROM SEPT 26 TO OCT 4,https://news.tirumala.org/srivari-annual-brahmotsavams-to-enthrall-pilgrims-from-sept-26-to-oct-4/
2014-09-28,Srivari Annual Brahmotsavams,announced_dates,unspecified,major,3rd DAY OF SALAKATLA BRAHMOTSAVAM - MUTHYAPU PANDIRI VAHANAM ON SEP 28,https://news.tirumala.org/3rd-day-of-salakatla-brahmotsavam-muthyapu-pandiri-vahanam-on-sep-28/
2014-09-29,Srivari Annual Brahmotsavams,announced_dates,unspecified,major,4TH DAY OF SALAKATLA BRAHMOTSAVAM- KALPAVRUKSHA VAHANAM ON SEP 29,https://news.tirumala.org/4th-day-of-salakatla-brahmotsavam-kalpavruksha-vahanam-on-sep-29/
2014-09-30,Srivari Annual Brahmotsavams,announced_dates,tirumala,major,5th DAY OF SRIVARI SALAKATLA BRAHMOTSAVAM- GARUDA VAHANAM ON SEP 30,https://news.tirumala.org/5th-day-of-srivari-salakatla-brahmotsavam-garuda-vahanam-on-sep-30/
2014-10-01,Srivari Annual Brahmotsavams,announced_dates,tirumala,major,6th DAY OF SRIVARI SALAKATLA BRAHMOTSAVAM- GAJA VAHANAM ON OCT 1,https://news.tirumala.org/6th-day-of-srivari-salakatla-brahmotsavam-gaja-vahanam-on-oct-1/
2014-10-02,Gandhi Jayanti,fixed_national_holiday,national,major,fixed calendar date,
2014-10-02,Srivari Annual Brahmotsavams,announced_dates,tirumala,major,Day 7 - SRI VARI SALAKATLA BRAHMOTSAVAM- CHANDRA PRABHA VAHANAM ON OCT 2,https://news.tirumala.org/day-7-sri-vari-salakatla-brahmotsavam-chandra-prabha-vahanam-on-oct-2/
2014-10-03,Srivari Annual Brahmotsavams,announced_dates,tirumala,major,8th DAY OF SRIVARI SALAKATLA BRAHMOTSAVAM- ASWA VAHANAM ON OCT 3,https://news.tirumala.org/8th-day-of-srivari-salakatla-brahmotsavam-aswa-vahanam-on-oct-3/
2014-10-04,Srivari Annual Brahmotsavams,announced_dates,tirumala,major,SRIVARI SALAKATLA BRAHMOTSAVAM - DWAJA AVAROHANAM ON OCT 4,https://news.tirumala.org/srivari-salakatla-brahmotsavam-dwaja-avarohanam-on-oct-4/
2014-10-19,Pavitrotsavam,same_day_report,other_temple,minor,PAVITROTSAVAMS COMMENCES IN SRINIVASA MANGAPURAM,https://news.tirumala.org/pavitrotsavams-commences-in-srinivasa-mangapuram-2/
2014-10-20,Pavitrotsavam,announced_dates,other_temple,minor,PAVITROTSAVAMS IN SRINIVASA MANGAPURAM FROM OCT 19-21,https://news.tirumala.org/pavitrotsavams-in-srinivasa-mangapuram-from-oct-19-21/
2014-10-21,Pavitrotsavam,same_day_report,unspecified,minor,THREE DAY ANNUAL PAVITHROTSAVAM IN SRINIVASA MANAPURAM CONCLUDES,https://news.tirumala.org/three-day-annual-pavithrotsavam-in-srinivasa-manapuram-concludes/
2014-10-23,Deepavali,same_day_report,tirumala,major,DEEPAVALI ASTHANAM PERFORMED WITH RELIGIOUS FERVOUR IN TIRUMALA TEMPLE,https://news.tirumala.org/deepavali-asthanam-performed-with-religious-fervour-in-tirumala-temple-2/
2014-10-24,Deepavali,same_day_report,unspecified,major,DEEPAVALI ASTHANAM PERFORMED WITH RELIGIOUS FERVOUR IN SRI GT,https://news.tirumala.org/deepavali-asthanam-performed-with-religious-fervour-in-sri-gt/
2014-11-18,Brahmotsavams,announced_dates,unspecified,major,ANKURARPANAM FOR SRI PAT BRAHMOTSAVAMS ON NOV 18,https://news.tirumala.org/ankurarpanam-for-sri-pat-brahmotsavams-on-nov-18/
2014-12-25,Christmas,fixed_national_holiday,national,major,fixed calendar date,
2014-12-31,Teppotsavam,announced_dates,unspecified,minor,TEPPOTSAVAMS IN KAPILA TEERTHAM FROM DEC 31 TO JAN 4,https://news.tirumala.org/teppotsavams-in-kapila-teertham-from-dec-31-to-jan-4/
2015-01-01,New Year's Day,fixed_national_holiday,national,major,fixed calendar date,
2015-01-01,Teppotsavam,announced_dates,unspecified,minor,TEPPOTSAVAMS IN KAPILA TEERTHAM FROM DEC 31 TO JAN 4,https://news.tirumala.org/teppotsavams-in-kapila-teertham-from-dec-31-to-jan-4/
2015-01-02,Teppotsavam,announced_dates,unspecified,minor,TEPPOTSAVAMS IN KAPILA TEERTHAM FROM DEC 31 TO JAN 4,https://news.tirumala.org/teppotsavams-in-kapila-teertham-from-dec-31-to-jan-4/
2015-01-03,Teppotsavam,announced_dates,unspecified,minor,TEPPOTSAVAMS IN KAPILA TEERTHAM FROM DEC 31 TO JAN 4,https://news.tirumala.org/teppotsavams-in-kapila-teertham-from-dec-31-to-jan-4/
2015-01-04,Teppotsavam,announced_dates,unspecified,minor,TEPPOTSAVAMS IN KAPILA TEERTHAM FROM DEC 31 TO JAN 4,https://news.tirumala.org/teppotsavams-in-kapila-teertham-from-dec-31-to-jan-4/
2015-01-22,Srivari Annual Brahmotsavams,announced_dates,unspecified,major,ANNUAL BRAHMOTSAVAM AT KOSUVARI PALLE FROM JAN 22 TO 30,https://news.tirumala.org/annual-brahmotsavam-at-kosuvari-palle-from-jan-22-to-30/
2015-01-23,Srivari Annual Brahmotsavams,announced_dates,unspecified,major,ANNUAL BRAHMOTSAVAM AT KOSUVARI PALLE FROM JAN 22 TO 30,https://news.tirumala.org/annual-brahmotsavam-at-kosuvari-palle-from-jan-22-to-30/
2015-01-24,Srivari Annual Brahmotsavams,announced_dates,unspecified,major,ANNUAL BRAHMOTSAVAM AT KOSUVARI PALLE FROM JAN 22 TO 30,https://news.tirumala.org/annual-brahmotsavam-at-kosuvari-palle-from-jan-22-to-30/
2015-01-25,Srivari Annual Brahmotsavams,announced_dates,unspecified,major,ANNUAL BRAHMOTSAVAM AT KOSUVARI PALLE FROM JAN 22 TO 30,https://news.tirumala.org/annual-brahmotsavam-at-kosuvari-palle-from-jan-22-to-30/
2015-01-26,Republic Day,fixed_national_holiday,national,major,fixed calendar date,
2015-01-26,Srivari Annual Brahmotsavams,announced_dates,unspecified,major,ANNUAL BRAHMOTSAVAM AT KOSUVARI PALLE FROM JAN 22 TO 30,https://news.tirumala.org/annual-brahmotsavam-at-kosuvari-palle-from-jan-22-to-30/
2015-01-27,Srivari Annual Brahmotsavams,announced_dates,unspecified,major,ANNUAL BRAHMOTSAVAM AT KOSUVARI PALLE FROM JAN 22 TO 30,https://news.tirumala.org/annual-brahmotsavam-at-kosuvari-palle-from-jan-22-to-30/
2015-01-28,Srivari Annual Brahmotsavams,announced_dates,unspecified,major,ANNUAL BRAHMOTSAVAM AT KOSUVARI PALLE FROM JAN 22 TO 30,https://news.tirumala.org/annual-brahmotsavam-at-kosuvari-palle-from-jan-22-to-30/
2015-01-28,Teppotsavam,same_day_report,other_temple,minor,SEVEN DAY SRI GOVINDARAJA SWAMY ANNUAL FLOAT FESTIVAL BEGINS,https://news.tirumala.org/seven-day-sri-govindaraja-swamy-annual-float-festival-begins/
2015-01-29,Srivari Annual Brahmotsavams,announced_dates,unspecified,major,ANNUAL BRAHMOTSAVAM AT KOSUVARI PALLE FROM JAN 22 TO 30,https://news.tirumala.org/annual-brahmotsavam-at-kosuvari-palle-from-jan-22-to-30/
2015-01-30,Srivari Annual Brahmotsavams,announced_dates,unspecified,major,ANNUAL BRAHMOTSAVAM AT KOSUVARI PALLE FROM JAN 22 TO 30,https://news.tirumala.org/annual-brahmotsavam-at-kosuvari-palle-from-jan-22-to-30/
2015-02-03,Teppotsavam,same_day_report,other_temple,minor,FIVE DAY SRI GOVINDARAJA SWAMY ANNUAL FLOAT FESTIVAL CONCLUDES,https://news.tirumala.org/five-day-sri-govindaraja-swamy-annual-float-festival-concludes/
2015-02-09,Srivari Annual Brahmotsavams,same_day_report,unspecified,major,ANKURARPANAM PERFORMED FOR ANNUAL BRAHMOTSAVAMS IN SKVST,https://news.tirumala.org/ankurarpanam-performed-for-annual-brahmotsavams-in-skvst/
2015-02-10,Brahmotsavams,announced_dates,other_temple,major,KAPILESWARA SWAMY BRAHMOTSAVAMS FROM FEB 10-19,https://news.tirumala.org/kapileswara-swamy-brahmotsavams-from-feb-10-19/
2015-02-11,Brahmotsavams,announced_dates,other_temple,major,KAPILESWARA SWAMY BRAHMOTSAVAMS FROM FEB 10-19,https://news.tirumala.org/kapileswara-swamy-brahmotsavams-from-feb-10-19/
2015-02-12,Brahmotsavams,announced_dates,other_temple,major,KAPILESWARA SWAMY BRAHMOTSAVAMS FROM FEB 10-19,https://news.tirumala.org/kapileswara-swamy-brahmotsavams-from-feb-10-19/
2015-02-13,Brahmotsavams,announced_dates,other_temple,major,KAPILESWARA SWAMY BRAHMOTSAVAMS FROM FEB 10-19,https://news.tirumala.org/kapileswara-swamy-brahmotsavams-from-feb-10-19/
2015-02-14,Brahmotsavams,announced_dates,other_temple,major,KAPILESWARA SWAMY BRAHMOTSAVAMS FROM FEB 10-19,https://news.tirumala.org/kapileswara-swamy-brahmotsavams-from-feb-10-19/
2015-02-15,Brahmotsavams,announced_dates,other_temple,major,KAPILESWARA SWAMY BRAHMOTSAVAMS FROM FEB 10-19,https://news.tirumala.org/kapileswara-swamy-brahmotsavams-from-feb-10-19/
2015-02-16,Brahmotsavams,announced_dates,other_temple,major,KAPILESWARA SWAMY BRAHMOTSAVAMS FROM FEB 10-19,https://news.tirumala.org/kapileswara-swamy-brahmotsavams-from-feb-10-19/
2015-02-17,Brahmotsavams,announced_dates,other_temple,major,KAPILESWARA SWAMY BRAHMOTSAVAMS FROM FEB 10-19,https://news.tirumala.org/kapileswara-swamy-brahmotsavams-from-feb-10-19/
2015-02-18,Brahmotsavams,same_day_report,unspecified,major,SRI KALYANA VENKATESWRA SWAMY TEMPLE BRAHMOTSAVAM CONCLUDES WITH DWAJA AVAROHANAM,https://news.tirumala.org/sri-kalyana-venkateswra-swamy-temple-brahmotsavam-concludes-with-dwaja-avarohanam/
2015-02-19,Brahmotsavams,announced_dates,other_temple,major,KAPILESWARA SWAMY BRAHMOTSAVAMS FROM FEB 10-19,https://news.tirumala.org/kapileswara-swamy-brahmotsavams-from-feb-10-19/
2015-02-26,Brahmotsavams,announced_dates,unspecified,major,BRAHMOTSAVAMS IN TARIGONDA FROM FEB 26 TO MARCH 6,https://news.tirumala.org/brahmotsavams-in-tarigonda-from-feb-26-to-march-6/
2015-02-27,Brahmotsavams,announced_dates,unspecified,major,BRAHMOTSAVAMS IN TARIGONDA FROM FEB 26 TO MARCH 6,https://news.tirumala.org/brahmotsavams-in-tarigonda-from-feb-26-to-march-6/
2015-02-28,Brahmotsavams,announced_dates,unspecified,major,BRAHMOTSAVAMS IN TARIGONDA FROM FEB 26 TO MARCH 6,https://news.tirumala.org/brahmotsavams-in-tarigonda-from-feb-26-to-march-6/
2015-03-01,Brahmotsavams,announced_dates,unspecified,major,BRAHMOTSAVAMS IN TARIGONDA FROM FEB 26 TO MARCH 6,https://news.tirumala.org/brahmotsavams-in-tarigonda-from-feb-26-to-march-6/
2015-03-01,Teppotsavam,same_day_report,tirumala,minor,FIVE DAY SRI VARI ANNUAL FLOAT FESTIVAL BEGINS,https://news.tirumala.org/five-day-sri-vari-annual-float-festival-begins-2/
2015-03-02,Brahmotsavams,announced_dates,unspecified,major,BRAHMOTSAVAMS IN TARIGONDA FROM FEB 26 TO MARCH 6,https://news.tirumala.org/brahmotsavams-in-tarigonda-from-feb-26-to-march-6/
2015-03-03,Brahmotsavams,announced_dates,unspecified,major,BRAHMOTSAVAMS IN TARIGONDA FROM FEB 26 TO MARCH 6,https://news.tirumala.org/brahmotsavams-in-tarigonda-from-feb-26-to-march-6/
2015-03-04,Brahmotsavams,announced_dates,unspecified,major,BRAHMOTSAVAMS IN TARIGONDA FROM FEB 26 TO MARCH 6,https://news.tirumala.org/brahmotsavams-in-tarigonda-from-feb-26-to-march-6/
2015-03-05,Brahmotsavams,announced_dates,unspecified,major,BRAHMOTSAVAMS IN TARIGONDA FROM FEB 26 TO MARCH 6,https://news.tirumala.org/brahmotsavams-in-tarigonda-from-feb-26-to-march-6/
2015-03-05,Teppotsavam,same_day_report,tirumala,minor,FIVE DAY FLOAT FESTIVAL CONCLUDES ON A COLOURFUL NOTE IN TIRUMALA,https://news.tirumala.org/five-day-float-festival-concludes-on-a-colourful-note-in-tirumala-2/
2015-03-06,Brahmotsavams,announced_dates,unspecified,major,BRAHMOTSAVAMS IN TARIGONDA FROM FEB 26 TO MARCH 6,https://news.tirumala.org/brahmotsavams-in-tarigonda-from-feb-26-to-march-6/
2015-03-21,Ugadi,same_day_report,tirumala,major,UGADI CELEBRATED WITH RELIGIOUS FERVOUR IN TIRUMALA,https://news.tirumala.org/ugadi-celebrated-with-religious-fervour-in-tirumala/
2015-03-26,Brahmotsavams,same_day_report,other_temple,major,SRI KODANDARAMA SWAMY BRAHMOTSAVAMS CONCLUDES WITH CHAKRASNANAM,https://news.tirumala.org/sri-kodandarama-swamy-brahmotsavams-concludes-with-chakrasnanam/
2015-03-28,Sri Rama Navami,announced_dates,tirumala,major,SRI RAMA NAVAMI ASTHANAM IN TIRUMALA ON MARCH 28 AND PATTABHISHEKAM ON MARCH 29,https://news.tirumala.org/sri-rama-navami-asthanam-in-tirumala-on-march-28-and-pattabhishekam-on-march-29/
2015-04-01,Teppotsavam,same_day_report,other_temple,minor,FIVE DAY SRI KODANDARAMA SWAMY VARI ANNUAL FLOAT FESTIVAL BEGINS,https://news.tirumala.org/five-day-sri-kodandarama-swamy-vari-annual-float-festival-begins/
2015-04-02,Vasanthotsavam,announced_dates,tirumala,minor,VASANTHOTSAVAM IN TIRUMALA FROM APRIL 2 TO 4,https://news.tirumala.org/vasanthotsavam-in-tirumala-from-april-2-to-4/
2015-04-03,Vasanthotsavam,announced_dates,tirumala,minor,VASANTHOTSAVAM IN TIRUMALA FROM APRIL 2 TO 4,https://news.tirumala.org/vasanthotsavam-in-tirumala-from-april-2-to-4/
2015-04-04,Vasanthotsavam,announced_dates,tirumala,minor,VASANTHOTSAVAM IN TIRUMALA FROM APRIL 2 TO 4,https://news.tirumala.org/vasanthotsavam-in-tirumala-from-april-2-to-4/
2015-04-10,Vasanthotsavam,announced_dates,other_temple,minor,KARVETINAGARAM VASANTHOTSAVAMS FROM APRIL 10-12,https://news.tirumala.org/karvetinagaram-vasanthotsavams-from-april-10-12/
2015-04-11,Vasanthotsavam,announced_dates,other_temple,minor,KARVETINAGARAM VASANTHOTSAVAMS FROM APRIL 10-12,https://news.tirumala.org/karvetinagaram-vasanthotsavams-from-april-10-12/
2015-04-12,Vasanthotsavam,announced_dates,other_temple,minor,KARVETINAGARAM VASANTHOTSAVAMS FROM APRIL 10-12,https://news.tirumala.org/karvetinagaram-vasanthotsavams-from-april-10-12/
2015-05-02,Teppotsavam,announced_dates,unspecified,minor,TEPPOTSAVAMS IN DEVUNI KADAPA FROM MAY 2-4,https://news.tirumala.org/teppotsavams-in-devuni-kadapa-from-may-2-4/
2015-05-02,Vasanthotsavam,same_day_report,unspecified,minor,THREE DAY ANNUAL SRI PAT VASANTHOTSAVAMS BEGINS,https://news.tirumala.org/three-day-annual-sri-pat-vasanthotsavams-begins/
2015-05-03,Teppotsavam,announced_dates,unspecified,minor,TEPPOTSAVAMS IN DEVUNI KADAPA FROM MAY 2-4,https://news.tirumala.org/teppotsavams-in-devuni-kadapa-from-may-2-4/
2015-05-03,Vasanthotsavam,announced_dates,other_temple,minor,VASANTHOTSAVAMS IN TIRUCHANOOR FROM MAY 2 TO 4,https://news.tirumala.org/vasanthotsavams-in-tiruchanoor-from-may-2-to-4/
2015-05-04,Teppotsavam,announced_dates,unspecified,minor,TEPPOTSAVAMS IN DEVUNI KADAPA FROM MAY 2-4,https://news.tirumala.org/teppotsavams-in-devuni-kadapa-from-may-2-4/
2015-05-04,Vasanthotsavam,same_day_report,other_temple,minor,VASANTHOTSAVAMS CONCLUDES IN TIRUCHANOOR,https://news.tirumala.org/vasanthotsavams-concludes-in-tiruchanoor/
2015-05-09,Vasanthotsavam,same_day_report,other_temple,minor,THREE DAY ANNUAL VASANTHOTSAVAM BEGINS IN SRINIVASA MANGAPURAM,https://news.tirumala.org/three-day-annual-vasanthotsavam-begins-in-srinivasa-mangapuram-2/
2015-05-10,Vasanthotsavam,announced_dates,other_temple,minor,SRINIVASA MANGAPURAM VASANTHOTSAVAM FROM MAY 9-11,https://news.tirumala.org/srinivasa-mangapuram-vasanthotsavam-from-may-9-11/
2015-05-11,Vasanthotsavam,same_day_report,other_temple,minor,VASANTHOTSAVAM CONCLUDES IN SRI KALYANA VENKATESWARA SWAMY TEMPLE,https://news.tirumala.org/vasanthotsavam-concludes-in-sri-kalyana-venkateswara-swamy-temple/
2015-05-13,Hanuman Jayanti,same_day_report,unspecified,major,HANUMAN JAYANTHI OBSERVED WITH RELIGIOUS POMP,https://news.tirumala.org/hanuman-jayanthi-observed-with-religious-pomp/
2015-05-14,Brahmotsavams,announced_dates,other_temple,major,RISHIKESH BRAHMOTSAVAMS FROM MAY 14-18,https://news.tirumala.org/rishikesh-brahmotsavams-from-may-14-18/
2015-05-15,Brahmotsavams,announced_dates,other_temple,major,RISHIKESH BRAHMOTSAVAMS FROM MAY 14-18,https://news.tirumala.org/rishikesh-brahmotsavams-from-may-14-18/
2015-05-16,Brahmotsavams,announced_dates,other_temple,major,RISHIKESH BRAHMOTSAVAMS FROM MAY 14-18,https://news.tirumala.org/rishikesh-brahmotsavams-from-may-14-18/
2015-05-17,Brahmotsavams,announced_dates,other_temple,major,RISHIKESH BRAHMOTSAVAMS FROM MAY 14-18,https://news.tirumala.org/rishikesh-brahmotsavams-from-may-14-18/
2015-05-18,Brahmotsavams,announced_dates,other_temple,major,RISHIKESH BRAHMOTSAVAMS FROM MAY 14-18,https://news.tirumala.org/rishikesh-brahmotsavams-from-may-14-18/
2015-05-24,Srivari Annual Brahmotsavams,same_day_report,other_temple,major,ANKURARPANAM PERFORMED FOR ANNUAL BRAHMOTSAVAMS IN SRI GOVINDARAJA SWAMY TEMPLE,https://news.tirumala.org/ankurarpanam-performed-for-annual-brahmotsavams-in-sri-govindaraja-swamy-temple/
2015-05-25,Brahmotsavams,announced_dates,other_temple,major,SRI GOVINDARAJA SWAMY BRAHMOTSAVAM FROM MAY 25 TO JUNE 2,https://news.tirumala.org/sri-govindaraja-swamy-brahmotsavam-from-may-25-to-june-2/
2015-05-25,Srivari Annual Brahmotsavams,announced_dates,other_temple,major,ANNUAL BRAHMOTSAVAMS IN SRI GOVINDARAJA SWAMY TEMPLE FROM MAY 25 TO JUNE 2,https://news.tirumala.org/annual-brahmotsavams-in-sri-govindaraja-swamy-temple-from-may-25-to-june-2/
2015-05-26,Brahmotsavams,announced_dates,other_temple,major,SRI GOVINDARAJA SWAMY BRAHMOTSAVAM FROM MAY 25 TO JUNE 2,https://news.tirumala.org/sri-govindaraja-swamy-brahmotsavam-from-may-25-to-june-2/
2015-05-26,Srivari Annual Brahmotsavams,announced_dates,other_temple,major,ANNUAL BRAHMOTSAVAMS IN SRI GOVINDARAJA SWAMY TEMPLE FROM MAY 25 TO JUNE 2,https://news.tirumala.org/annual-brahmotsavams-in-sri-govindaraja-swamy-temple-from-may-25-to-june-2/
2015-05-27,Brahmotsavams,announced_dates,other_temple,major,SRI GOVINDARAJA SWAMY BRAHMOTSAVAM FROM MAY 25 TO JUNE 2,https://news.tirumala.org/sri-govindaraja-swamy-brahmotsavam-from-may-25-to-june-2/
2015-05-27,Srivari Annual Brahmotsavams,announced_dates,other_temple,major,ANNUAL BRAHMOTSAVAMS IN SRI GOVINDARAJA SWAMY TEMPLE FROM MAY 25 TO JUNE 2,https://news.tirumala.org/annual-brahmotsavams-in-sri-govindaraja-swamy-temple-from-may-25-to-june-2/
2015-05-28,Brahmotsavams,announced_dates,other_temple,major,SRI GOVINDARAJA SWAMY BRAHMOTSAVAM FROM MAY 25 TO JUNE 2,https://news.tirumala.org/sri-govindaraja-swamy-brahmotsavam-from-may-25-to-june-2/
2015-05-28,Srivari Annual Brahmotsavams,announced_dates,other_temple,major,ANNUAL BRAHMOTSAVAMS IN SRI GOVINDARAJA SWAMY TEMPLE FROM MAY 25 TO JUNE 2,https://news.tirumala.org/annual-brahmotsavams-in-sri-govindaraja-swamy-temple-from-may-25-to-june-2/
2015-05-29,Brahmotsavams,announced_dates,other_temple,major,SRI GOVINDARAJA SWAMY BRAHMOTSAVAM FROM MAY 25 TO JUNE 2,https://news.tirumala.org/sri-govindaraja-swamy-brahmotsavam-from-may-25-to-june-2/
2015-05-29,Srivari Annual Brahmotsavams,announced_dates,other_temple,major,ANNUAL BRAHMOTSAVAMS IN SRI GOVINDARAJA SWAMY TEMPLE FROM MAY 25 TO JUNE 2,https://news.tirumala.org/annual-brahmotsavams-in-sri-govindaraja-swamy-temple-from-may-25-to-june-2/
2015-05-30,Brahmotsavams,announced_dates,other_temple,major,SRI GOVINDARAJA SWAMY BRAHMOTSAVAM FROM MAY 25 TO JUNE 2,https://news.tirumala.org/sri-govindaraja-swamy-brahmotsavam-from-may-25-to-june-2/
2015-05-30,Srivari Annual Brahmotsavams,announced_dates,other_temple,major,ANNUAL BRAHMOTSAVAMS IN SRI GOVINDARAJA SWAMY TEMPLE FROM MAY 25 TO JUNE 2,https://news.tirumala.org/annual-brahmotsavams-in-sri-govindaraja-swamy-temple-from-may-25-to-june-2/
2015-05-31,Brahmotsavams,announced_dates,other_temple,major,SRI GOVINDARAJA SWAMY BRAHMOTSAVAM FROM MAY 25 TO JUNE 2,https://news.tirumala.org/sri-govindaraja-swamy-brahmotsavam-from-may-25-to-june-2/
2015-05-31,Srivari Annual Brahmotsavams,announced_dates,other_temple,major,ANNUAL BRAHMOTSAVAMS IN SRI GOVINDARAJA SWAMY TEMPLE FROM MAY 25 TO JUNE 2,https://news.tirumala.org/annual-brahmotsavams-in-sri-govindaraja-swamy-temple-from-may-25-to-june-2/
2015-06-01,Brahmotsavams,announced_dates,other_temple,major,SRI GOVINDARAJA SWAMY BRAHMOTSAVAM FROM MAY 25 TO JUNE 2,https://news.tirumala.org/sri-govindaraja-swamy-brahmotsavam-from-may-25-to-june-2/
2015-06-01,Srivari Annual Brahmotsavams,announced_dates,other_temple,major,ANNUAL BRAHMOTSAVAMS IN SRI GOVINDARAJA SWAMY TEMPLE FROM MAY 25 TO JUNE 2,https://news.tirumala.org/annual-brahmotsavams-in-sri-govindaraja-swamy-temple-from-may-25-to-june-2/
2015-06-02,Brahmotsavams,same_day_report,other_temple,major,LORD GOVINDARAJA SWAMY BRAHMOTSAVAM CONCLUDES WITH CHAKRASNANAM,https://news.tirumala.org/lord-govindaraja-swamy-brahmotsavam-concludes-with-chakrasnanam-2/
2015-06-02,Srivari Annual Brahmotsavams,announced_dates,other_temple,major,ANNUAL BRAHMOTSAVAMS IN SRI GOVINDARAJA SWAMY TEMPLE FROM MAY 25 TO JUNE 2,https://news.tirumala.org/annual-brahmotsavams-in-sri-govindaraja-swamy-temple-from-may-25-to-june-2/
2015-06-07,Brahmotsavams,same_day_report,other_temple,major,SRI PRASANNA VENKATESWARA SWAMY TEMPLE BRAHMOTSAVAM CONCLUDES WITH CHAKRASNANAM,https://news.tirumala.org/sri-prasanna-venkateswara-swamy-temple-brahmotsavam-concludes-with-chakrasnanam-2/
2015-07-02,Garuda Seva,announced_dates,unspecified,minor,POURNAMI GARUDA SEVA ON JULY 2,https://news.tirumala.org/pournami-garuda-seva-on-july-2/
2015-07-17,Anivara Asthanam,same_day_report,tirumala,minor,ANNUAL BUDGET FESTIVAL ANIVARA ASTHANAM OBSERVED IN TIRUMALA,https://news.tirumala.org/annual-budget-festival-anivara-asthanam-observed-in-tirumala/
2015-07-28,Pavitrotsavam,same_day_report,other_temple,minor,THREE DAY ANNUAL PAVITHROTSAVAM IN SRI KAPILESWARA SWAMY TEMPLE BEGINS,https://news.tirumala.org/three-day-annual-pavithrotsavam-in-sri-kapileswara-swamy-temple-begins-2/
2015-07-30,Pavitrotsavam,same_day_report,other_temple,minor,PAVITHROTSAVAMS IN SRI KAPILESWARA SWAMY TEMPLE CONCLUDES ON A RELIGIOUS NOTE,https://news.tirumala.org/pavithrotsavams-in-sri-kapileswara-swamy-temple-concludes-on-a-religious-note-2/
2015-07-31,Garuda Seva,announced_dates,unspecified,minor,POURNAMI GARUDA SEVA ON JULY 31 - DEVOTEES RELISH GARUDA SEVA THRICE THIS MONTH,https://news.tirumala.org/pournami-garuda-seva-on-july-31-devotees-relish-garuda-seva-thrice-this-month/
2015-08-10,Pavitrotsavam,announced_dates,unspecified,minor,SRI KODANDA RAMA SWAMY ANNUAL PAVITHROTSAVAM FROM AUG 10 TO AUG 12,https://news.tirumala.org/sri-kodanda-rama-swamy-annual-pavithrotsavam-from-aug-10-to-aug-12/
2015-08-11,Pavitrotsavam,announced_dates,unspecified,minor,SRI KODANDA RAMA SWAMY ANNUAL PAVITHROTSAVAM FROM AUG 10 TO AUG 12,https://news.tirumala.org/sri-kodanda-rama-swamy-annual-pavithrotsavam-from-aug-10-to-aug-12/
2015-08-12,Pavitrotsavam,announced_dates,unspecified,minor,SRI KODANDA RAMA SWAMY ANNUAL PAVITHROTSAVAM FROM AUG 10 TO AUG 12,https://news.tirumala.org/sri-kodanda-rama-swamy-annual-pavithrotsavam-from-aug-10-to-aug-12/
2015-08-15,Independence Day,fixed_national_holiday,national,major,fixed calendar date,
2015-08-25,Pavitrotsavam,announced_dates,unspecified,minor,PAVITROTSAVAMS IN SRI TT FROM AUGUST 25-27,https://news.tirumala.org/pavitrotsavams-in-sri-tt-from-august-25-27/
2015-08-26,Pavitrotsavam,announced_dates,unspecified,minor,PAVITROTSAVAMS IN SRI TT FROM AUGUST 25-27,https://news.tirumala.org/pavitrotsavams-in-sri-tt-from-august-25-27/
2015-08-27,Pavitrotsavam,announced_dates,unspecified,minor,PAVITROTSAVAMS IN SRI TT FROM AUGUST 25-27,https://news.tirumala.org/pavitrotsavams-in-sri-tt-from-august-25-27/
2015-08-27,Teppotsavam,announced_dates,unspecified,minor,TEPPOTSAVAMS IN SRI VGS FROM AUG 27-29,https://news.tirumala.org/teppotsavams-in-sri-vgs-from-aug-27-29-2/
2015-08-28,Teppotsavam,announced_dates,unspecified,minor,TEPPOTSAVAMS IN SRI VGS FROM AUG 27-29,https://news.tirumala.org/teppotsavams-in-sri-vgs-from-aug-27-29-2/
2015-08-28,Varalakshmi Vratam,same_day_report,unspecified,major,VARALAKSHMI VRATAM PERFORMED WITH RELIGIOUS ECSTASY,https://news.tirumala.org/varalakshmi-vratam-performed-with-religious-ecstasy/
2015-08-29,Teppotsavam,announced_dates,unspecified,minor,TEPPOTSAVAMS IN SRI VGS FROM AUG 27-29,https://news.tirumala.org/teppotsavams-in-sri-vgs-from-aug-27-29-2/
2015-09-16,Srivari Annual Brahmotsavams,same_day_report,tirumala,major,SRIVARI SALAKATLA BRAHMOTSAVAM BEGINS WITH DWAJAVAROHANAM,https://news.tirumala.org/srivari-salakatla-brahmotsavam-begins-with-dwajavarohanam/
2015-09-24,Srivari Annual Brahmotsavams,same_day_report,tirumala,major,SRIVARI SALAKATLA BRAHMOTSAVAM CONCLUDES WITH DWAJA AVAROHANAM,https://news.tirumala.org/srivari-salakatla-brahmotsavam-concludes-with-dwaja-avarohanam/
2015-09-26,Pavitrotsavam,same_day_report,unspecified,minor,PAVITROTSAVAMS CONCLUDE IN SRI GT WHILE TAKE OFIN SRI PAT,https://news.tirumala.org/pavitrotsavams-conclude-in-sri-gt-while-take-ofin-sri-pat/
2015-10-02,Gandhi Jayanti,fixed_national_holiday,national,major,fixed calendar date,
2015-10-14,Navaratri Brahmotsavams,announced_dates,unspecified,major,NAVARATHRI BRAHMOTSAVAM CULTURAL BONANZA FROM OCT 14 TO OCT 22,https://news.tirumala.org/navarathri-brahmotsavam-cultural-bonanza-from-oct-14-to-oct-22/
2015-10-15,Navaratri Brahmotsavams,announced_dates,unspecified,major,NAVARATHRI BRAHMOTSAVAM CULTURAL BONANZA FROM OCT 14 TO OCT 22,https://news.tirumala.org/navarathri-brahmotsavam-cultural-bonanza-from-oct-14-to-oct-22/
2015-10-16,Navaratri Brahmotsavams,announced_dates,unspecified,major,NAVARATHRI BRAHMOTSAVAM CULTURAL BONANZA FROM OCT 14 TO OCT 22,https://news.tirumala.org/navarathri-brahmotsavam-cultural-bonanza-from-oct-14-to-oct-22/
2015-10-17,Navaratri Brahmotsavams,announced_dates,unspecified,major,NAVARATHRI BRAHMOTSAVAM CULTURAL BONANZA FROM OCT 14 TO OCT 22,https://news.tirumala.org/navarathri-brahmotsavam-cultural-bonanza-from-oct-14-to-oct-22/
2015-10-18,Navaratri Brahmotsavams,announced_dates,unspecified,major,NAVARATHRI BRAHMOTSAVAM CULTURAL BONANZA FROM OCT 14 TO OCT 22,https://news.tirumala.org/navarathri-brahmotsavam-cultural-bonanza-from-oct-14-to-oct-22/
2015-10-19,Navaratri Brahmotsavams,announced_dates,unspecified,major,NAVARATHRI BRAHMOTSAVAM CULTURAL BONANZA FROM OCT 14 TO OCT 22,https://news.tirumala.org/navarathri-brahmotsavam-cultural-bonanza-from-oct-14-to-oct-22/
2015-10-20,Navaratri Brahmotsavams,announced_dates,unspecified,major,NAVARATHRI BRAHMOTSAVAM CULTURAL BONANZA FROM OCT 14 TO OCT 22,https://news.tirumala.org/navarathri-brahmotsavam-cultural-bonanza-from-oct-14-to-oct-22/
2015-10-21,Navaratri Brahmotsavams,announced_dates,unspecified,major,NAVARATHRI BRAHMOTSAVAM CULTURAL BONANZA FROM OCT 14 TO OCT 22,https://news.tirumala.org/navarathri-brahmotsavam-cultural-bonanza-from-oct-14-to-oct-22/
2015-10-22,Navaratri Brahmotsavams,announced_dates,unspecified,major,NAVARATHRI BRAHMOTSAVAM CULTURAL BONANZA FROM OCT 14 TO OCT 22,https://news.tirumala.org/navarathri-brahmotsavam-cultural-bonanza-from-oct-14-to-oct-22/
2015-10-27,Garuda Seva,same_day_report,unspecified,minor,POURNAMI GARUDA SEVA OBSERVED WITH RELIGIOUS FERVOUR,https://news.tirumala.org/pournami-garuda-seva-observed-with-religious-fervour/
2015-11-09,Pavitrotsavam,same_day_report,unspecified,minor,PAVITROTSAVAMS CONCLUDE IN SKVST,https://news.tirumala.org/pavitrotsavams-conclude-in-skvst/
2015-11-11,Deepavali,announced_dates,tirumala,major,DEEPAVALI ASTHANAM IN TIRUMALA ON NOV 11,https://news.tirumala.org/deepavali-asthanam-in-tirumala-on-nov-11/
2015-11-21,Teppotsavam,announced_dates,other_temple,minor,TEPPOTSAVAMS IN NARAYANAVANAM FROM NOVEMBER 21-25,https://news.tirumala.org/teppotsavams-in-narayanavanam-from-november-21-25/
2015-11-22,Teppotsavam,announced_dates,other_temple,minor,TEPPOTSAVAMS IN NARAYANAVANAM FROM NOVEMBER 21-25,https://news.tirumala.org/teppotsavams-in-narayanavanam-from-november-21-25/
2015-11-23,Teppotsavam,announced_dates,other_temple,minor,TEPPOTSAVAMS IN NARAYANAVANAM FROM NOVEMBER 21-25,https://news.tirumala.org/teppotsavams-in-narayanavanam-from-november-21-25/
2015-11-24,Teppotsavam,announced_dates,other_temple,minor,TEPPOTSAVAMS IN NARAYANAVANAM FROM NOVEMBER 21-25,https://news.tirumala.org/teppotsavams-in-narayanavanam-from-november-21-25/
2015-11-25,Karthika Deepam,announced_dates,unspecified,major,KAPILA TEERTHAM GEARING UP FOR KARTHIKA DEEPAM ON NOVEMBER 25,https://news.tirumala.org/kapila-teertham-gearing-up-for-karthika-deepam-on-november-25/
2015-11-25,Teppotsavam,announced_dates,other_temple,minor,TEPPOTSAVAMS IN NARAYANAVANAM FROM NOVEMBER 21-25,https://news.tirumala.org/teppotsavams-in-narayanavanam-from-november-21-25/
2015-12-07,Brahmotsavams,same_day_report,other_temple,major,ANKURARPANAM FETE PERFORMED FOR KARTHIKA BRAHMOTSAVAMS OF GODDESS PADMAVATHI,https://news.tirumala.org/ankurarpanam-fete-performed-for-karthika-brahmotsavams-of-goddess-padmavathi/
2015-12-08,Brahmotsavams,announced_dates,other_temple,major,AMMAVARI BRAHMOTSAVAMS FROM DEC 8-16 IN TIRUCHANOOR,https://news.tirumala.org/ammavari-brahmotsavams-from-dec-8-16-in-tiruchanoor/
2015-12-09,Brahmotsavams,announced_dates,other_temple,major,AMMAVARI BRAHMOTSAVAMS FROM DEC 8-16 IN TIRUCHANOOR,https://news.tirumala.org/ammavari-brahmotsavams-from-dec-8-16-in-tiruchanoor/
2015-12-10,Brahmotsavams,announced_dates,other_temple,major,AMMAVARI BRAHMOTSAVAMS FROM DEC 8-16 IN TIRUCHANOOR,https://news.tirumala.org/ammavari-brahmotsavams-from-dec-8-16-in-tiruchanoor/
2015-12-11,Brahmotsavams,announced_dates,other_temple,major,AMMAVARI BRAHMOTSAVAMS FROM DEC 8-16 IN TIRUCHANOOR,https://news.tirumala.org/ammavari-brahmotsavams-from-dec-8-16-in-tiruchanoor/
2015-12-12,Brahmotsavams,announced_dates,other_temple,major,AMMAVARI BRAHMOTSAVAMS FROM DEC 8-16 IN TIRUCHANOOR,https://news.tirumala.org/ammavari-brahmotsavams-from-dec-8-16-in-tiruchanoor/
2015-12-13,Brahmotsavams,announced_dates,other_temple,major,AMMAVARI BRAHMOTSAVAMS FROM DEC 8-16 IN TIRUCHANOOR,https://news.tirumala.org/ammavari-brahmotsavams-from-dec-8-16-in-tiruchanoor/
2015-12-14,Brahmotsavams,announced_dates,other_temple,major,AMMAVARI BRAHMOTSAVAMS FROM DEC 8-16 IN TIRUCHANOOR,https://news.tirumala.org/ammavari-brahmotsavams-from-dec-8-16-in-tiruchanoor/
2015-12-15,Brahmotsavams,announced_dates,other_temple,major,AMMAVARI BRAHMOTSAVAMS FROM DEC 8-16 IN TIRUCHANOOR,https://news.tirumala.org/ammavari-brahmotsavams-from-dec-8-16-in-tiruchanoor/
2015-12-16,Brahmotsavams,announced_dates,other_temple,major,AMMAVARI BRAHMOTSAVAMS FROM DEC 8-16 IN TIRUCHANOOR,https://news.tirumala.org/ammavari-brahmotsavams-from-dec-8-16-in-tiruchanoor/
2015-12-25,Christmas,fixed_national_holiday,national,major,fixed calendar date,
2015-12-25,Garuda Seva,announced_dates,unspecified,minor,POURNAMI GARUDA SEVA ON DECEMBER 25,https://news.tirumala.org/pournami-garuda-seva-on-december-25/
2016-01-01,New Year's Day,fixed_national_holiday,national,major,fixed calendar date,
2016-01-11,Tiruppavai / Dhanurmasam,same_day_report,unspecified,minor,TIRUPPAVAI PASURAM COMPETITIONS HELD,https://news.tirumala.org/tiruppavai-pasuram-competitions-held/
2016-01-24,Garuda Seva,announced_dates,unspecified,minor,VISESHA VEDA PARAYANAM ON POURNAMI GARUDA SEVA ON JAN 24,https://news.tirumala.org/visesha-veda-parayanam-on-pournami-garuda-seva-on-jan-24/
2016-01-26,Republic Day,fixed_national_holiday,national,major,fixed calendar date,
2016-02-08,Brahmotsavams,announced_dates,unspecified,major,DEVUNI KADAPA BRAHMOTSAVAMS FROM FEBRUARY 8 TO 18,https://news.tirumala.org/devuni-kadapa-brahmotsavams-from-february-8-to-18/
2016-02-09,Brahmotsavams,announced_dates,unspecified,major,DEVUNI KADAPA BRAHMOTSAVAMS FROM FEBRUARY 8 TO 18,https://news.tirumala.org/devuni-kadapa-brahmotsavams-from-february-8-to-18/
2016-02-10,Brahmotsavams,announced_dates,unspecified,major,DEVUNI KADAPA BRAHMOTSAVAMS FROM FEBRUARY 8 TO 18,https://news.tirumala.org/devuni-kadapa-brahmotsavams-from-february-8-to-18/
2016-02-11,Brahmotsavams,announced_dates,unspecified,major,DEVUNI KADAPA BRAHMOTSAVAMS FROM FEBRUARY 8 TO 18,https://news.tirumala.org/devuni-kadapa-brahmotsavams-from-february-8-to-18/
2016-02-12,Brahmotsavams,announced_dates,unspecified,major,DEVUNI KADAPA BRAHMOTSAVAMS FROM FEBRUARY 8 TO 18,https://news.tirumala.org/devuni-kadapa-brahmotsavams-from-february-8-to-18/
2016-02-13,Brahmotsavams,announced_dates,unspecified,major,DEVUNI KADAPA BRAHMOTSAVAMS FROM FEBRUARY 8 TO 18,https://news.tirumala.org/devuni-kadapa-brahmotsavams-from-february-8-to-18/
2016-02-14,Brahmotsavams,announced_dates,unspecified,major,DEVUNI KADAPA BRAHMOTSAVAMS FROM FEBRUARY 8 TO 18,https://news.tirumala.org/devuni-kadapa-brahmotsavams-from-february-8-to-18/
2016-02-15,Brahmotsavams,announced_dates,unspecified,major,DEVUNI KADAPA BRAHMOTSAVAMS FROM FEBRUARY 8 TO 18,https://news.tirumala.org/devuni-kadapa-brahmotsavams-from-february-8-to-18/
2016-02-16,Brahmotsavams,announced_dates,unspecified,major,DEVUNI KADAPA BRAHMOTSAVAMS FROM FEBRUARY 8 TO 18,https://news.tirumala.org/devuni-kadapa-brahmotsavams-from-february-8-to-18/
2016-02-17,Brahmotsavams,announced_dates,unspecified,major,DEVUNI KADAPA BRAHMOTSAVAMS FROM FEBRUARY 8 TO 18,https://news.tirumala.org/devuni-kadapa-brahmotsavams-from-february-8-to-18/
2016-02-18,Brahmotsavams,announced_dates,unspecified,major,DEVUNI KADAPA BRAHMOTSAVAMS FROM FEBRUARY 8 TO 18,https://news.tirumala.org/devuni-kadapa-brahmotsavams-from-february-8-to-18/
2016-02-22,Teppotsavam,same_day_report,other_temple,minor,FIVE DAY SRI GOVINDARAJA SWAMY ANNUAL FLOAT FESTIVAL CONCLUDES,https://news.tirumala.org/five-day-sri-govindaraja-swamy-annual-float-festival-concludes-2/
2016-02-27,Brahmotsavams,announced_dates,other_temple,major,SRINIVASA MANGAPURAM BRAHMOTSAVAMS FROM FEB 27-MARCH 6,https://news.tirumala.org/srinivasa-mangapuram-brahmotsavams-from-feb-27-march-6/
2016-02-28,Brahmotsavams,announced_dates,other_temple,major,SRINIVASA MANGAPURAM BRAHMOTSAVAMS FROM FEB 27-MARCH 6,https://news.tirumala.org/srinivasa-mangapuram-brahmotsavams-from-feb-27-march-6/
2016-02-29,Brahmotsavams,announced_dates,other_temple,major,SRINIVASA MANGAPURAM BRAHMOTSAVAMS FROM FEB 27-MARCH 6,https://news.tirumala.org/srinivasa-mangapuram-brahmotsavams-from-feb-27-march-6/
2016-03-01,Brahmotsavams,announced_dates,other_temple,major,SRINIVASA MANGAPURAM BRAHMOTSAVAMS FROM FEB 27-MARCH 6,https://news.tirumala.org/srinivasa-mangapuram-brahmotsavams-from-feb-27-march-6/
2016-03-02,Brahmotsavams,announced_dates,other_temple,major,SRINIVASA MANGAPURAM BRAHMOTSAVAMS FROM FEB 27-MARCH 6,https://news.tirumala.org/srinivasa-mangapuram-brahmotsavams-from-feb-27-march-6/
2016-03-03,Brahmotsavams,announced_dates,other_temple,major,SRINIVASA MANGAPURAM BRAHMOTSAVAMS FROM FEB 27-MARCH 6,https://news.tirumala.org/srinivasa-mangapuram-brahmotsavams-from-feb-27-march-6/
2016-03-04,Brahmotsavams,announced_dates,other_temple,major,SRINIVASA MANGAPURAM BRAHMOTSAVAMS FROM FEB 27-MARCH 6,https://news.tirumala.org/srinivasa-mangapuram-brahmotsavams-from-feb-27-march-6/
2016-03-05,Brahmotsavams,announced_dates,other_temple,major,SRINIVASA MANGAPURAM BRAHMOTSAVAMS FROM FEB 27-MARCH 6,https://news.tirumala.org/srinivasa-mangapuram-brahmotsavams-from-feb-27-march-6/
2016-03-06,Brahmotsavams,same_day_report,unspecified,major,MANGAPURAM BRAHMOTSAVAM CONCLUDES WITH DHWAJA AVAROHANAM,https://news.tirumala.org/mangapuram-brahmotsavam-concludes-with-dhwaja-avarohanam/
2016-03-09,Brahmotsavams,same_day_report,unspecified,major,SRI KT BRAHMOTSAVAMS CONCLUDES WITH TRISHULA SNANAM,https://news.tirumala.org/sri-kt-brahmotsavams-concludes-with-trishula-snanam/
2016-03-21,Sri Rama Navami,same_day_report,other_temple,major,SRI RAMA NAVAMI CELEBRATIONS AT VONTIMITTA,https://news.tirumala.org/sri-rama-navami-celebrations-at-vontimitta/
2016-03-23,Teppotsavam,same_day_report,unspecified,minor,FLOAT FESTIVAL CONCLUDES,https://news.tirumala.org/float-festival-concludes/
2016-03-28,Teppotsavam,same_day_report,unspecified,minor,TEPPOTSAVAM SUCCESSFUL CONDUCT CELEBRATIONS IN PAPAVINASANAM,https://news.tirumala.org/teppotsavam-successful-conduct-celebrations-in-papavinasanam/
2016-04-03,Srivari Annual Brahmotsavams,same_day_report,unspecified,major,ANKURARPANAM PERFORMED FOR ANNUAL BRAHMOTSAVAMS IN SRI KRT,https://news.tirumala.org/ankurarpanam-performed-for-annual-brahmotsavams-in-sri-krt/
2016-04-07,Ugadi,same_day_report,unspecified,major,UGADI CELEBRATIONS BY TTD WELFARE AND HDPP,https://news.tirumala.org/ugadi-celebrations-by-ttd-welfare-and-hdpp/
2016-04-08,Ugadi,announced_dates,unspecified,major,UGADI ASTHANAM ON APRIL 8 IN SRI TT,https://news.tirumala.org/ugadi-asthanam-on-april-8-in-sri-tt/
2016-04-19,Teppotsavam,same_day_report,unspecified,minor,KRT TEPPOTSAVAMS COMMENCES WITH GRANDEUR,https://news.tirumala.org/krt-teppotsavams-commences-with-grandeur/
2016-04-19,Vasanthotsavam,same_day_report,unspecified,minor,VASANTHOTSAVAMS COMMENCE IN BANGALORE TEMPLE,https://news.tirumala.org/vasanthotsavams-commence-in-bangalore-temple/
2016-04-21,Teppotsavam,same_day_report,unspecified,minor,TEPPOTSAVAMS CONCLUDES IN SRI KRT,https://news.tirumala.org/teppotsavams-concludes-in-sri-krt/
2016-04-21,Vasanthotsavam,same_day_report,unspecified,minor,VASANTHOTSAVAMS CONCLUDE ON A GRAND NOTE,https://news.tirumala.org/vasanthotsavams-conclude-on-a-grand-note/
2016-05-19,Brahmotsavams,announced_dates,other_temple,major,RISHIKESH BRAHMOTSAVAMS FROM MAY 19-27,https://news.tirumala.org/rishikesh-brahmotsavams-from-may-19-27/
2016-05-20,Brahmotsavams,announced_dates,other_temple,major,RISHIKESH BRAHMOTSAVAMS FROM MAY 19-27,https://news.tirumala.org/rishikesh-brahmotsavams-from-may-19-27/
2016-05-20,Vasanthotsavam,same_day_report,unspecified,minor,VASANTHOTSAVAM COMMENCES IN SRI PAT,https://news.tirumala.org/vasanthotsavam-commences-in-sri-pat/
2016-05-21,Brahmotsavams,announced_dates,other_temple,major,RISHIKESH BRAHMOTSAVAMS FROM MAY 19-27,https://news.tirumala.org/rishikesh-brahmotsavams-from-may-19-27/
2016-05-21,Garuda Seva,same_day_report,unspecified,minor,POURNAMI GARUDA SEVA PERFORMED,https://news.tirumala.org/pournami-garuda-seva-performed/
2016-05-22,Brahmotsavams,same_day_report,other_temple,major,GOVINDARAJA BRAHMOTSAVAM ENDS WITH “ CHAKRASNANAM”,https://news.tirumala.org/govindaraja-brahmotsavam-ends-with-chakrasnanam/
2016-05-22,Vasanthotsavam,same_day_report,unspecified,minor,VASANTHOTSAVAM CONCLUDES ON A GRAND NOTE,https://news.tirumala.org/vasanthotsavam-concludes-on-a-grand-note/
2016-05-23,Brahmotsavams,announced_dates,other_temple,major,RISHIKESH BRAHMOTSAVAMS FROM MAY 19-27,https://news.tirumala.org/rishikesh-brahmotsavams-from-may-19-27/
2016-05-24,Brahmotsavams,announced_dates,other_temple,major,RISHIKESH BRAHMOTSAVAMS FROM MAY 19-27,https://news.tirumala.org/rishikesh-brahmotsavams-from-may-19-27/
2016-05-25,Brahmotsavams,announced_dates,other_temple,major,RISHIKESH BRAHMOTSAVAMS FROM MAY 19-27,https://news.tirumala.org/rishikesh-brahmotsavams-from-may-19-27/
2016-05-26,Brahmotsavams,announced_dates,other_temple,major,RISHIKESH BRAHMOTSAVAMS FROM MAY 19-27,https://news.tirumala.org/rishikesh-brahmotsavams-from-may-19-27/
2016-05-27,Brahmotsavams,announced_dates,other_temple,major,RISHIKESH BRAHMOTSAVAMS FROM MAY 19-27,https://news.tirumala.org/rishikesh-brahmotsavams-from-may-19-27/
2016-05-27,Vasanthotsavam,same_day_report,unspecified,minor,VASANTHOTSAVAM CONCLUDES IN SKVST,https://news.tirumala.org/vasanthotsavam-concludes-in-skvst/
2016-05-28,Brahmotsavams,announced_dates,unspecified,major,KARVETINARAGARA BRAHMOTSAVAMS FROM MAY 28 - JUNE 5,https://news.tirumala.org/karvetinaragara-brahmotsavams-from-may-28-june-5/
2016-05-29,Brahmotsavams,announced_dates,unspecified,major,KARVETINARAGARA BRAHMOTSAVAMS FROM MAY 28 - JUNE 5,https://news.tirumala.org/karvetinaragara-brahmotsavams-from-may-28-june-5/
2016-05-30,Brahmotsavams,announced_dates,unspecified,major,KARVETINARAGARA BRAHMOTSAVAMS FROM MAY 28 - JUNE 5,https://news.tirumala.org/karvetinaragara-brahmotsavams-from-may-28-june-5/
2016-05-31,Brahmotsavams,announced_dates,unspecified,major,KARVETINARAGARA BRAHMOTSAVAMS FROM MAY 28 - JUNE 5,https://news.tirumala.org/karvetinaragara-brahmotsavams-from-may-28-june-5/
2016-05-31,Hanuman Jayanti,announced_dates,tirumala,major,HANUMAN JAYANTHI IN TIRUMALA ON MAY 31,https://news.tirumala.org/hanuman-jayanthi-in-tirumala-on-may-31/
2016-06-01,Brahmotsavams,announced_dates,unspecified,major,KARVETINARAGARA BRAHMOTSAVAMS FROM MAY 28 - JUNE 5,https://news.tirumala.org/karvetinaragara-brahmotsavams-from-may-28-june-5/
2016-06-02,Brahmotsavams,announced_dates,unspecified,major,KARVETINARAGARA BRAHMOTSAVAMS FROM MAY 28 - JUNE 5,https://news.tirumala.org/karvetinaragara-brahmotsavams-from-may-28-june-5/
2016-06-03,Brahmotsavams,announced_dates,unspecified,major,KARVETINARAGARA BRAHMOTSAVAMS FROM MAY 28 - JUNE 5,https://news.tirumala.org/karvetinaragara-brahmotsavams-from-may-28-june-5/
2016-06-04,Brahmotsavams,announced_dates,unspecified,major,KARVETINARAGARA BRAHMOTSAVAMS FROM MAY 28 - JUNE 5,https://news.tirumala.org/karvetinaragara-brahmotsavams-from-may-28-june-5/
2016-06-05,Brahmotsavams,announced_dates,unspecified,major,KARVETINARAGARA BRAHMOTSAVAMS FROM MAY 28 - JUNE 5,https://news.tirumala.org/karvetinaragara-brahmotsavams-from-may-28-june-5/
2016-06-20,Garuda Seva,announced_dates,tirumala,minor,DIVYA PRABANDHA MAHOTSAVAM ON JUNE 20 IN TIRUMALA DURING POURNAMI GARUDA SEVA,https://news.tirumala.org/divya-prabandha-mahotsavam-on-june-20-in-tirumala-during-pournami-garuda-seva/
2016-06-20,Teppotsavam,same_day_report,unspecified,minor,TEPPOTSAVAMS CONCLUDE IN SRI PAT,https://news.tirumala.org/teppotsavams-conclude-in-sri-pat/
2016-06-23,Brahmotsavams,same_day_report,other_temple,major,SRI PRASANNA VENKATESWARA SWAMY TEMPLE BRAHMOTSAVAM CONCLUDES WITH CHAKRASNANAM,https://news.tirumala.org/sri-prasanna-venkateswara-swamy-temple-brahmotsavam-concludes-with-chakrasnanam-3/
2016-07-16,Pavitrotsavam,announced_dates,unspecified,minor,SRI KT PAVITROTSAVAMS FROM JULY 16-18,https://news.tirumala.org/eo-releases-sri-kapileswara-swamy-vari-annual-pavithrotsavam-wall-posters-2/
2016-07-17,Pavitrotsavam,announced_dates,unspecified,minor,SRI KT PAVITROTSAVAMS FROM JULY 16-18,https://news.tirumala.org/eo-releases-sri-kapileswara-swamy-vari-annual-pavithrotsavam-wall-posters-2/
2016-07-18,Pavitrotsavam,announced_dates,unspecified,minor,SRI KT PAVITROTSAVAMS FROM JULY 16-18,https://news.tirumala.org/eo-releases-sri-kapileswara-swamy-vari-annual-pavithrotsavam-wall-posters-2/
2016-07-19,Garuda Seva,announced_dates,tirumala,minor,GURU PURNIMA GARUDA SEVA IN TIRUMALA ON JULY 19,https://news.tirumala.org/guru-purnima-garuda-seva-in-tirumala-on-july-19/
2016-07-28,Pavitrotsavam,announced_dates,unspecified,minor,PAVITROTSAVAMS ANKURARPANAM ON JULY 28,https://news.tirumala.org/pavitrotsavams-ankurarpanam-on-july-28/
2016-08-12,Varalakshmi Vratam,announced_dates,unspecified,major,SRI VARALAKSHMI VRATHAM AT SRI PAT ON AUG 12,https://news.tirumala.org/sri-varalakshmi-vratham-at-sri-pat-on-aug-12/
2016-08-13,Pavitrotsavam,same_day_report,unspecified,minor,ANKURARPANAM PERFORMED IN CONNECTION WITH ANNUAL PAVITHROTSAVAM,https://news.tirumala.org/ankurarpanam-performed-in-connection-with-annual-pavithrotsavam/
2016-08-14,Pavitrotsavam,announced_dates,unspecified,minor,PAVITROTSAVAMS IN SRI TT FROM AUGUST 14-16,https://news.tirumala.org/pavitrotsavams-in-sri-tt-from-august-14-16/
2016-08-15,Independence Day,fixed_national_holiday,national,major,fixed calendar date,
2016-08-15,Pavitrotsavam,announced_dates,unspecified,minor,PAVITROTSAVAMS IN SRI TT FROM AUGUST 14-16,https://news.tirumala.org/pavitrotsavams-in-sri-tt-from-august-14-16/
2016-08-16,Pavitrotsavam,announced_dates,unspecified,minor,PAVITROTSAVAMS IN SRI TT FROM AUGUST 14-16,https://news.tirumala.org/pavitrotsavams-in-sri-tt-from-august-14-16/
2016-08-17,Teppotsavam,same_day_report,other_temple,minor,TEPPOTSAVAM OF SRI VENUGOPALA SWAMY AT KARVETINAGARAM CONCLUDES,https://news.tirumala.org/teppotsavam-of-sri-venugopala-swamy-at-karvetinagaram-concludes/
2016-08-23,Pavitrotsavam,announced_dates,unspecified,minor,PAVITHROTSAVAM AT THALLAPAKA SRI SIDDESWARA SWAMY TEMPLE FROM AUG 23 TO AUG 25,https://news.tirumala.org/pavithrotsavam-at-thallapaka-sri-siddeswara-swamy-temple-from-aug-23-to-aug-25/
2016-08-24,Pavitrotsavam,announced_dates,unspecified,minor,PAVITHROTSAVAM AT THALLAPAKA SRI SIDDESWARA SWAMY TEMPLE FROM AUG 23 TO AUG 25,https://news.tirumala.org/pavithrotsavam-at-thallapaka-sri-siddeswara-swamy-temple-from-aug-23-to-aug-25/
2016-08-24,Srivari Annual Brahmotsavams,same_day_report,tirumala,major,GRAND CELEBRATION OF SRIVARI ANNUAL BRAHMOTSAVAM- TIRUMALA JEO,https://news.tirumala.org/grand-celebration-of-srivari-annual-brahmotsavam-tirumala-jeo/
2016-08-25,Pavitrotsavam,announced_dates,unspecified,minor,PAVITHROTSAVAM AT THALLAPAKA SRI SIDDESWARA SWAMY TEMPLE FROM AUG 23 TO AUG 25,https://news.tirumala.org/pavithrotsavam-at-thallapaka-sri-siddeswara-swamy-temple-from-aug-23-to-aug-25/
2016-08-25,Sri Krishna Janmashtami,same_day_report,tirumala,major,GRAND CELEBRATION OF SRI KRISHNA JANMASHTAMI AT TIRUMALA,https://news.tirumala.org/grand-celebration-of-sri-krishna-janmashtami-at-tirumala/
2016-09-06,Pavitrotsavam,announced_dates,unspecified,minor,PAVITHROTSAVAM FROM SEP 6 TO 8 AT THALLAPAKA SRI CHINNA KESAVA TEMPLE,https://news.tirumala.org/pavithrotsavam-from-sep-6-to-8-at-thallapaka-sri-chinna-kesava-temple/
2016-09-07,Pavitrotsavam,announced_dates,unspecified,minor,PAVITHROTSAVAM FROM SEP 6 TO 8 AT THALLAPAKA SRI CHINNA KESAVA TEMPLE,https://news.tirumala.org/pavithrotsavam-from-sep-6-to-8-at-thallapaka-sri-chinna-kesava-temple/
2016-09-08,Pavitrotsavam,announced_dates,unspecified,minor,PAVITHROTSAVAM FROM SEP 6 TO 8 AT THALLAPAKA SRI CHINNA KESAVA TEMPLE,https://news.tirumala.org/pavithrotsavam-from-sep-6-to-8-at-thallapaka-sri-chinna-kesava-temple/
2016-09-10,Pavitrotsavam,announced_dates,unspecified,minor,"PAVITHROTSAVAM AT SRI NARAPURA VENKATESWARA TEMPLE, JAMMALAMADUGU FROM SEP 10-12",https://news.tirumala.org/pavithrotsavam-at-sri-narapura-venkateswara-temple-jammalamadugu-from-sep-10-12/
2016-09-11,Pavitrotsavam,announced_dates,unspecified,minor,"PAVITHROTSAVAM AT SRI NARAPURA VENKATESWARA TEMPLE, JAMMALAMADUGU FROM SEP 10-12",https://news.tirumala.org/pavithrotsavam-at-sri-narapura-venkateswara-temple-jammalamadugu-from-sep-10-12/
2016-09-12,Pavitrotsavam,announced_dates,other_temple,minor,"PAVITHROTSAVAM AT SRI CHANDRAMOULESHWARA TEMPLE, RISHIKESH FROM SEP 12-15",https://news.tirumala.org/pavithrotsavam-at-sri-chandramouleshwara-temple-rishikesh-from-sep-12-15/
2016-09-13,Pavitrotsavam,announced_dates,other_temple,minor,"PAVITHROTSAVAM AT SRI CHANDRAMOULESHWARA TEMPLE, RISHIKESH FROM SEP 12-15",https://news.tirumala.org/pavithrotsavam-at-sri-chandramouleshwara-temple-rishikesh-from-sep-12-15/
2016-09-14,Pavitrotsavam,announced_dates,tirumala,minor,PAVITHROTSAVAM FROM SEP 14-16 IN SRI VENKATESWARA SWAMY TEMPLE AT DEVUNI KADAPA,https://news.tirumala.org/pavithrotsavam-from-sep-14-16-in-sri-venkateswara-swamy-temple-at-devuni-kadapa/
2016-09-15,Pavitrotsavam,announced_dates,tirumala,minor,PAVITHROTSAVAM FROM SEP 14-16 IN SRI VENKATESWARA SWAMY TEMPLE AT DEVUNI KADAPA,https://news.tirumala.org/pavithrotsavam-from-sep-14-16-in-sri-venkateswara-swamy-temple-at-devuni-kadapa/
2016-09-16,Garuda Seva,announced_dates,tirumala,minor,TRIAL RUN OF GARUDA SEVA ON POURNAMI DAY ON SEP 16 IN TIRUMALA,https://news.tirumala.org/trial-run-of-garuda-seva-on-pournami-day-on-sep-16-in-tirumala/
2016-09-16,Pavitrotsavam,announced_dates,tirumala,minor,PAVITHROTSAVAM FROM SEP 14-16 IN SRI VENKATESWARA SWAMY TEMPLE AT DEVUNI KADAPA,https://news.tirumala.org/pavithrotsavam-from-sep-14-16-in-sri-venkateswara-swamy-temple-at-devuni-kadapa/
2016-09-26,Pavitrotsavam,announced_dates,tirumala,minor,PAVITHROTSAVAM FROM SEP 26-28 IN SRI VENKATESWARA SWAMY TEMPLE AT BENGALURU,https://news.tirumala.org/pavithrotsavam-from-sep-26-28-in-sri-venkateswara-swamy-temple-at-bengaluru/
2016-09-27,Pavitrotsavam,announced_dates,tirumala,minor,PAVITHROTSAVAM FROM SEP 26-28 IN SRI VENKATESWARA SWAMY TEMPLE AT BENGALURU,https://news.tirumala.org/pavithrotsavam-from-sep-26-28-in-sri-venkateswara-swamy-temple-at-bengaluru/
2016-09-28,Pavitrotsavam,announced_dates,tirumala,minor,PAVITHROTSAVAM FROM SEP 26-28 IN SRI VENKATESWARA SWAMY TEMPLE AT BENGALURU,https://news.tirumala.org/pavithrotsavam-from-sep-26-28-in-sri-venkateswara-swamy-temple-at-bengaluru/
2016-10-01,Pavitrotsavam,announced_dates,unspecified,minor,PAVITROTSAVAMS IN TARIGONDA FROM OCT 1-3,https://news.tirumala.org/pavitrotsavams-in-tarigonda-from-oct-1-3/
2016-10-02,Gandhi Jayanti,fixed_national_holiday,national,major,fixed calendar date,
2016-10-02,Pavitrotsavam,announced_dates,unspecified,minor,PAVITROTSAVAMS IN TARIGONDA FROM OCT 1-3,https://news.tirumala.org/pavitrotsavams-in-tarigonda-from-oct-1-3/
2016-10-02,Srivari Annual Brahmotsavams,same_day_report,tirumala,major,SRIVARI SALAKATLA BRAHMOTSAVAMS COMMENCE WITH THE SEED SOWING FESTIVAL -ANKURARPANAM,https://news.tirumala.org/srivari-salakatla-brahmotsavams-commence-with-the-seed-sowing-festival-ankurarpanam/
2016-10-03,Pavitrotsavam,announced_dates,unspecified,minor,PAVITROTSAVAMS IN TARIGONDA FROM OCT 1-3,https://news.tirumala.org/pavitrotsavams-in-tarigonda-from-oct-1-3/
2016-10-11,Brahmotsavams,same_day_report,unspecified,major,BRAHMOTSAVAMS COMES TO A GRAND END WITH DHWAJAVAROHANAM,https://news.tirumala.org/brahmotsavams-comes-to-a-grand-end-with-dhwajavarohanam/
2016-10-20,Pavitrotsavam,same_day_report,unspecified,minor,PAVITROTSAVAMS COMMENCE IN C'GIRI KODANDA RAMALAYAM,https://news.tirumala.org/pavitrotsavams-commence-in-cgiri-kodanda-ramalayam/
2016-10-22,Pavitrotsavam,same_day_report,unspecified,minor,PAVITROTSAVAMS CONCLUDES IN CHANDRAGIRI KRT,https://news.tirumala.org/pavitrotsavams-concludes-in-chandragiri-krt/
2016-10-26,Pavitrotsavam,announced_dates,unspecified,minor,PAVITROTSAVAMS TO KALYANA VENKANNA FROM OCT 26-28,https://news.tirumala.org/pavitrotsavams-to-kalyana-venkanna-from-oct-26-28/
2016-10-27,Pavitrotsavam,announced_dates,unspecified,minor,PAVITROTSAVAMS TO KALYANA VENKANNA FROM OCT 26-28,https://news.tirumala.org/pavitrotsavams-to-kalyana-venkanna-from-oct-26-28/
2016-10-28,Pavitrotsavam,announced_dates,unspecified,minor,PAVITROTSAVAMS TO KALYANA VENKANNA FROM OCT 26-28,https://news.tirumala.org/pavitrotsavams-to-kalyana-venkanna-from-oct-26-28/
2016-10-30,Deepavali,announced_dates,unspecified,major,DEEPAVALI ASTHANAM IN SRI TT ON OCT 30,https://news.tirumala.org/deepavali-asthanam-in-sri-tt-on-oct-30/
2016-11-14,Garuda Seva,announced_dates,unspecified,minor,POURNAMI GARUDA SEVA AT SRI GT ON NOV 14,https://news.tirumala.org/pournami-garuda-seva-at-sri-gt-on-nov-14/
2016-12-14,Tiruppavai / Dhanurmasam,same_day_report,unspecified,minor,TIRUPPAVAI TO COMMENCE IN 168 CENTRES ACROSS THE COUNTRY,https://news.tirumala.org/tiruppavai-to-commence-in-168-centres-across-the-country/
2016-12-25,Christmas,fixed_national_holiday,national,major,fixed calendar date,
2017-01-01,New Year's Day,fixed_national_holiday,national,major,fixed calendar date,
2017-01-01,Vaikunta Ekadasi,announced_dates,unspecified,major,SPECIAL RITUALS AT TTD SUB SHRINES ON JAN 1 AND ON VAIKUNTA EKADASI,https://news.tirumala.org/special-rituals-at-ttd-sub-shrines-on-jan-1-and-on-vaikunta-ekadasi/
2017-01-06,Teppotsavam,announced_dates,unspecified,minor,TEPPOTSAVAMS IN SRI KT FROM JAN 6-10,https://news.tirumala.org/teppotsavams-in-sri-kt-from-jan-6-10/
2017-01-07,Teppotsavam,announced_dates,unspecified,minor,TEPPOTSAVAMS IN SRI KT FROM JAN 6-10,https://news.tirumala.org/teppotsavams-in-sri-kt-from-jan-6-10/
2017-01-08,Teppotsavam,announced_dates,unspecified,minor,TEPPOTSAVAMS IN SRI KT FROM JAN 6-10,https://news.tirumala.org/teppotsavams-in-sri-kt-from-jan-6-10/
2017-01-09,Teppotsavam,announced_dates,unspecified,minor,TEPPOTSAVAMS IN SRI KT FROM JAN 6-10,https://news.tirumala.org/teppotsavams-in-sri-kt-from-jan-6-10/
2017-01-10,Teppotsavam,announced_dates,unspecified,minor,TEPPOTSAVAMS IN SRI KT FROM JAN 6-10,https://news.tirumala.org/teppotsavams-in-sri-kt-from-jan-6-10/
2017-01-26,Republic Day,fixed_national_holiday,national,major,fixed calendar date,
2017-01-27,Brahmotsavams,announced_dates,unspecified,major,DEVUNI KADAPA BRAHMOTSAVAMS FROM JAN 27 TO FEB 6,https://news.tirumala.org/devuni-kadapa-brahmotsavams-from-jan-27-to-feb-6/
2017-01-28,Brahmotsavams,announced_dates,unspecified,major,DEVUNI KADAPA BRAHMOTSAVAMS FROM JAN 27 TO FEB 6,https://news.tirumala.org/devuni-kadapa-brahmotsavams-from-jan-27-to-feb-6/
2017-01-29,Brahmotsavams,announced_dates,unspecified,major,DEVUNI KADAPA BRAHMOTSAVAMS FROM JAN 27 TO FEB 6,https://news.tirumala.org/devuni-kadapa-brahmotsavams-from-jan-27-to-feb-6/
2017-01-30,Brahmotsavams,announced_dates,unspecified,major,DEVUNI KADAPA BRAHMOTSAVAMS FROM JAN 27 TO FEB 6,https://news.tirumala.org/devuni-kadapa-brahmotsavams-from-jan-27-to-feb-6/
2017-01-31,Brahmotsavams,announced_dates,unspecified,major,DEVUNI KADAPA BRAHMOTSAVAMS FROM JAN 27 TO FEB 6,https://news.tirumala.org/devuni-kadapa-brahmotsavams-from-jan-27-to-feb-6/
2017-02-01,Brahmotsavams,announced_dates,unspecified,major,DEVUNI KADAPA BRAHMOTSAVAMS FROM JAN 27 TO FEB 6,https://news.tirumala.org/devuni-kadapa-brahmotsavams-from-jan-27-to-feb-6/
2017-02-02,Brahmotsavams,announced_dates,unspecified,major,DEVUNI KADAPA BRAHMOTSAVAMS FROM JAN 27 TO FEB 6,https://news.tirumala.org/devuni-kadapa-brahmotsavams-from-jan-27-to-feb-6/
2017-02-03,Brahmotsavams,announced_dates,unspecified,major,TTD READY TO HOST ONE DAY BRAHMOTSAVAM ON FEB 3- EO,https://news.tirumala.org/ttd-ready-to-host-one-day-brahmotsavam-on-feb-3-eo/
2017-02-03,Ugadi,announced_dates,unspecified,major,HEVILAMBI UGADI PANCHANGAM ON FEB 3,https://news.tirumala.org/hevilambi-ugadi-panchangam-on-feb-3/
2017-02-04,Brahmotsavams,announced_dates,unspecified,major,DEVUNI KADAPA BRAHMOTSAVAMS FROM JAN 27 TO FEB 6,https://news.tirumala.org/devuni-kadapa-brahmotsavams-from-jan-27-to-feb-6/
2017-02-04,Teppotsavam,announced_dates,unspecified,minor,SRI GT TEPPOTSAVAMS OFF TO A COLOURFUL START ON FEB 4,https://news.tirumala.org/sri-gt-teppotsavams-off-to-a-colourful-start-on-feb-4/
2017-02-05,Brahmotsavams,announced_dates,unspecified,major,DEVUNI KADAPA BRAHMOTSAVAMS FROM JAN 27 TO FEB 6,https://news.tirumala.org/devuni-kadapa-brahmotsavams-from-jan-27-to-feb-6/
2017-02-06,Brahmotsavams,announced_dates,unspecified,major,DEVUNI KADAPA BRAHMOTSAVAMS FROM JAN 27 TO FEB 6,https://news.tirumala.org/devuni-kadapa-brahmotsavams-from-jan-27-to-feb-6/
2017-02-15,Srivari Annual Brahmotsavams,same_day_report,unspecified,major,ANKURARPANAM PERFORMED FOR ANNUAL BRAHMOTSAVAMS IN SKVST,https://news.tirumala.org/ankurarpanam-performed-for-annual-brahmotsavams-in-skvst-2/
2017-02-20,Garuda Seva,announced_dates,unspecified,minor,GARUDA SEVA ON FEB 20-PROCESSION OF LAKSHMI KASULA MALA,https://news.tirumala.org/garuda-seva-on-feb-20-procession-of-lakshmi-kasula-mala/
2017-02-26,Srivari Annual Brahmotsavams,same_day_report,unspecified,major,ANNUAL BRAHMOTSAVAMS IN SRI KT CONCLUDES WITH TRISULA SNANAM,https://news.tirumala.org/annual-brahmotsavams-in-sri-kt-concludes-with-trisula-snanam/
2017-03-08,Teppotsavam,announced_dates,unspecified,minor,FLOAT FESTIVAL TO MUSE PILGRIMS FROM MARCH 8 - 12,https://news.tirumala.org/float-festival-to-muse-pilgrims-from-march-8-12/
2017-03-09,Teppotsavam,announced_dates,unspecified,minor,FLOAT FESTIVAL TO MUSE PILGRIMS FROM MARCH 8 - 12,https://news.tirumala.org/float-festival-to-muse-pilgrims-from-march-8-12/
2017-03-10,Teppotsavam,announced_dates,unspecified,minor,FLOAT FESTIVAL TO MUSE PILGRIMS FROM MARCH 8 - 12,https://news.tirumala.org/float-festival-to-muse-pilgrims-from-march-8-12/
2017-03-11,Teppotsavam,announced_dates,unspecified,minor,FLOAT FESTIVAL TO MUSE PILGRIMS FROM MARCH 8 - 12,https://news.tirumala.org/float-festival-to-muse-pilgrims-from-march-8-12/
2017-03-12,Teppotsavam,announced_dates,unspecified,minor,FLOAT FESTIVAL TO MUSE PILGRIMS FROM MARCH 8 - 12,https://news.tirumala.org/float-festival-to-muse-pilgrims-from-march-8-12/
2017-03-28,Ugadi,same_day_report,unspecified,major,UGADI CELEBRATIONS IN MAHATI,https://news.tirumala.org/ugadi-celebrations-in-mahati/
2017-03-29,Ugadi,announced_dates,tirumala,major,UGADI ASTHANAM IN TIRUMALA ON MARCH 29,https://news.tirumala.org/ugadi-asthanam-in-tirumala-on-march-29/
2017-04-02,Brahmotsavams,same_day_report,other_temple,major,LORD KODANDARAMA BRAHMOTSAVAMS CONCLUDES WITH ‘CHAKRASNANAM’,https://news.tirumala.org/lord-kodandarama-brahmotsavams-concludes-with-chakrasnanam/
2017-04-05,Sri Rama Navami,announced_dates,tirumala,major,"SRIRAMA NAVAMI ASTHANAM IN TIRUMALA ON APRIL 5, PATTABHISHEKAM ON APRIL 6",https://news.tirumala.org/srirama-navami-asthanam-in-tirumala-on-april-5-pattabhishekam-on-april-6/
2017-04-08,Teppotsavam,same_day_report,unspecified,minor,ANNUAL TEPPOTSAVAMS COMMENCE IN SRI KRT,https://news.tirumala.org/annual-teppotsavams-commence-in-sri-krt/
2017-04-08,Vasanthotsavam,announced_dates,tirumala,minor,VASANTHOTSAVAM IN TIRUMALA FROM APRIL 8-10,https://news.tirumala.org/vasanthotsavam-in-tirumala-from-april-8-10/
2017-04-09,Vasanthotsavam,announced_dates,tirumala,minor,VASANTHOTSAVAM IN TIRUMALA FROM APRIL 8-10,https://news.tirumala.org/vasanthotsavam-in-tirumala-from-april-8-10/
2017-04-10,Teppotsavam,same_day_report,unspecified,minor,TEPPOTSAVAMS CONCLUDES IN SRI KRT,https://news.tirumala.org/teppotsavams-concludes-in-sri-krt-2/
2017-04-10,Vasanthotsavam,announced_dates,tirumala,minor,VASANTHOTSAVAM IN TIRUMALA FROM APRIL 8-10,https://news.tirumala.org/vasanthotsavam-in-tirumala-from-april-8-10/
2017-05-09,Vasanthotsavam,same_day_report,other_temple,minor,PADMAVATHI AMMAVARI VASANTHOTSAVAMS COMMENCES ON A COLOURFUL SPIRITUAL NOTE IN TIRUCHANOOR,https://news.tirumala.org/padmavathi-ammavari-vasanthotsavams-commences-on-a-colourful-spiritual-note-in-tiruchanoor/
2017-05-10,Garuda Seva,announced_dates,unspecified,minor,PORUNAMI GARUDA SEVA ON MAY 10,https://news.tirumala.org/porunami-garuda-seva-on-may-10/
2017-05-10,Vasanthotsavam,same_day_report,other_temple,minor,VASANTHOTSAVAM PERFORMED AT TIRUCHANOOR,https://news.tirumala.org/vasanthotsavam-performed-at-tiruchanoor/
2017-05-11,Vasanthotsavam,same_day_report,unspecified,minor,VASANTHOTSAVAMS CONCLUDES IN SRI PAT,https://news.tirumala.org/vasanthotsavams-concludes-in-sri-pat/
2017-05-15,Vasanthotsavam,same_day_report,unspecified,minor,VASANTHOTSAVAMS COMMENCES IN SKVST,https://news.tirumala.org/vasanthotsavams-commences-in-skvst/
2017-05-21,Hanuman Jayanti,announced_dates,tirumala,major,HANUMAN JAYANTHI IN TIRUMALA ON MAY 21,https://news.tirumala.org/hanuman-jayanthi-in-tirumala-on-may-21/
2017-05-30,Srivari Annual Brahmotsavams,same_day_report,unspecified,major,ANKURARPANAM PERFORMED IN SRI GT FOR ANNUAL BRAHMOTSAVAMS,https://news.tirumala.org/ankurarpanam-performed-in-sri-gt-for-annual-brahmotsavams/
2017-06-05,Brahmotsavams,same_day_report,other_temple,major,ANKURARPANAM PERFORMED TO APPALAYAGUNTA BRAHMOTSAVAMS,https://news.tirumala.org/ankurarpanam-performed-to-appalayagunta-brahmotsavams/
2017-06-05,Teppotsavam,announced_dates,unspecified,minor,TEPPOTSAVAMS IN SRI PAT FROM JUNE 5-9,https://news.tirumala.org/teppotsavams-in-sri-pat-from-june-5-9/
2017-06-06,Teppotsavam,announced_dates,unspecified,minor,TEPPOTSAVAMS IN SRI PAT FROM JUNE 5-9,https://news.tirumala.org/teppotsavams-in-sri-pat-from-june-5-9/
2017-06-07,Teppotsavam,announced_dates,unspecified,minor,TEPPOTSAVAMS IN SRI PAT FROM JUNE 5-9,https://news.tirumala.org/teppotsavams-in-sri-pat-from-june-5-9/
2017-06-08,Teppotsavam,announced_dates,unspecified,minor,TEPPOTSAVAMS IN SRI PAT FROM JUNE 5-9,https://news.tirumala.org/teppotsavams-in-sri-pat-from-june-5-9/
2017-06-09,Teppotsavam,announced_dates,unspecified,minor,TEPPOTSAVAMS IN SRI PAT FROM JUNE 5-9,https://news.tirumala.org/teppotsavams-in-sri-pat-from-june-5-9/
2017-07-04,Pavitrotsavam,same_day_report,unspecified,minor,ANKURARPANA PERFORMED TO SRI KT PAVITROTSAVAMS_ శ్రీ కపిలేశ్వరస్వామివారి ఆలయంలో పవిత్రోత్సవాలకు ఘనంగా అంకురార్పణ,https://news.tirumala.org/ankurarpana-performed-to-sri-kt-pavitrotsavams_-%e0%b0%b6%e0%b1%8d%e0%b0%b0%e0%b1%80-%e0%b0%95%e0%b0%aa%e0%b0%bf%e0%b0%b2%e0%b1%87%e0%b0%b6%e0%b1%8d%e0%b0%b5%e0%b0%b0%e0%b0%b8%e0%b1%8d%e0%b0%b5/
2017-07-05,Pavitrotsavam,announced_dates,other_temple,minor,KAPILESWARA SWAMY ANNUAL PAVITHROTSAVAMS FROM JULY 5-7 / జూలై 5 నుండి 7వ తేదీ వరకు శ్రీ కపిలేశ్వరస్వామివారి ఆలయంలో పవిత్రోత్సవాలు,https://news.tirumala.org/kapileswara-swamy-annual-pavotrotsavams/
2017-07-06,Pavitrotsavam,announced_dates,other_temple,minor,KAPILESWARA SWAMY ANNUAL PAVITHROTSAVAMS FROM JULY 5-7 / జూలై 5 నుండి 7వ తేదీ వరకు శ్రీ కపిలేశ్వరస్వామివారి ఆలయంలో పవిత్రోత్సవాలు,https://news.tirumala.org/kapileswara-swamy-annual-pavotrotsavams/
2017-07-07,Pavitrotsavam,announced_dates,other_temple,minor,KAPILESWARA SWAMY ANNUAL PAVITHROTSAVAMS FROM JULY 5-7 / జూలై 5 నుండి 7వ తేదీ వరకు శ్రీ కపిలేశ్వరస్వామివారి ఆలయంలో పవిత్రోత్సవాలు,https://news.tirumala.org/kapileswara-swamy-annual-pavotrotsavams/
2017-07-15,Anivara Asthanam,same_day_report,unspecified,minor,NEW ACCOUNTS FOR TTD TO COMMENCE FROM JULY 17 WITH ANIVARA ASTHANAM FESTIVAL_ శ్రీవారి ఆలయంలో ఆణివార ఆస్థానానికి ఏర్పాట్లు పూర్తి,https://news.tirumala.org/anivara-asthanam-3/
2017-07-16,Anivara Asthanam,announced_dates,tirumala,minor,ANIVARA ASTHANAM IN TIRUMALA TEMPLE ON JULY 16 - జులై 16న శ్రీవారి ఆలయంలో ఆణివార ఆస్థానం,https://news.tirumala.org/anivara-asthanam-2/
2017-07-17,Srivari Annual Brahmotsavams,same_day_report,unspecified,major,"COMMENCE ANNUAL BRAHMOTSAVAMS WORKS - TTD EO TO OFFICERS_ శ్రీవారి బ్రహ్మూెత్సవాలకు తిరుమల, తిరుపతిలో పార్కింగ్‌ ఏర్పాట్లు చేపట్టండి : టిటిడి ఈవో శ్రీ",https://news.tirumala.org/commence-annual-brahmotsavams-works-ttd-eo-to-officers/
2017-07-18,Pavitrotsavam,same_day_report,unspecified,minor,ANKURARPANA PERFORMED TO SRI KRT PAVITROTSAVAMS_ శ్రీ కోదండరామస్వామివారి పవిత్రోత్సవాలకు ఘనంగా అంకురార్పణ,https://news.tirumala.org/ankurarpana-performed-to-sri-krt-pavitrotsavams/
2017-07-21,Pavitrotsavam,same_day_report,unspecified,minor,PAVITROTSAVAMS CONCLUDES IN KRT_ ఘనంగా ముగిసిన శ్రీ కోదండరామస్వామివారి ఆలయ పవిత్రోత్సవాలు,https://news.tirumala.org/pavithrotsavam-3/
2017-07-28,Garuda Seva,same_day_report,unspecified,minor,GARUDA SEVA PERFORMED ON GARUDA PANCHAMI_ వైభవంగా గరుడసేవ,https://news.tirumala.org/garuda-seva-performed-on-garuda-panchami/
2017-08-05,Pavitrotsavam,same_day_report,unspecified,minor,PAVITROTSAVAMS CONCLUDES WITH PURNAHUTI_ పూర్ణాహుతితో ఘనంగా ముగిసిన పవిత్రోత్సవాలు,https://news.tirumala.org/pavitrotsavams-concludes-with-purnahuti/
2017-08-15,Independence Day,fixed_national_holiday,national,major,fixed calendar date,
2017-08-31,Pavitrotsavam,same_day_report,unspecified,minor,PAVITHROTSAVAM COMMENCES AT SRI GT WITH ANKURARPANAM_ శాస్త్రోక్తంగా శ్రీ గోవిందరాజస్వామివారి పవిత్రోత్సవాలకు అంకురార్పణ,https://news.tirumala.org/pavithrotsavam-commences-at-sri-gt-with-ankurarpanam/
2017-09-01,Pavitrotsavam,same_day_report,unspecified,minor,PAVITROTSAVAMS COMMENCE IN SRI GT_ వైభవంగా శ్రీ గోవిందరాజస్వామివారి పవిత్రోత్సవాలు ప్రారంభం,https://news.tirumala.org/sri-govindaraja-swamy-annual-pavithrotsavams-begins/
2017-09-03,Pavitrotsavam,same_day_report,unspecified,minor,PURNAHUTI PERFORMED TO SRI GT PAVITROTSAVAMS_ పూర్ణాహుతితో ముగిసిన శ్రీ‌ గోవిందరాజస్వామివారి ప‌విత్రోత్స‌వాలు,https://news.tirumala.org/purnahuti-performed-to-sri-gt-pavitrotsavams/
2017-09-04,Pavitrotsavam,same_day_report,unspecified,minor,PAVITROTSAVAMS COMMENCE IN SRI PAT_ శ్రీ పద్మావతి అమ్మవారి ఆలయంలో ఘనంగా పవిత్ర ప్రతిష్ఠ,https://news.tirumala.org/pavitrotsavams-commence-in-sri-pat/
2017-09-06,Pavitrotsavam,same_day_report,unspecified,minor,PAVITROTSAVAMS CONCLUDE IN SRI PAT_ శ్రీ పద్మావతి అమ్మవారి ఆలయంలో ముగిసిన పవిత్రోత్సవాలు,https://news.tirumala.org/pavitrotsavams-conclude-in-sri-pat/
2017-10-02,Gandhi Jayanti,fixed_national_holiday,national,major,fixed calendar date,
2017-10-11,Pavitrotsavam,same_day_report,other_temple,minor,"CELESTIAL PAVITHROTSAVAM BEGINS AT SRI KODANDARAMA SWAMY TEMPLE, CHANDRAGIRI_ చంద్రగిరిలోని శ్రీ కోదండరామాలయంలో వైభవంగా పవిత్రోత్సవాలు ప్రారంభం",https://news.tirumala.org/pavithrotsavam-9/
2017-10-15,Pavitrotsavam,same_day_report,unspecified,minor,PAVITROTSAVAMS COMMENCE IN SKVST_ వైభవంగా శ్రీ కల్యాణ వేంకటేశ్వరస్వామివారి పవిత్రోత్సవాలు ప్రారంభం,https://news.tirumala.org/pavitrotsavams-commence-in-skvst/
2017-10-18,Deepavali,same_day_report,unspecified,major,DIWALI CELEBRATED WITH APLOMB IN BIRRD_ బర్డ్‌ ఆసుపత్రిలో ఘనంగా దీపావళి సంబరాలు,https://news.tirumala.org/diwali-celebrated-with-aplomb-in-birrd/
2017-10-19,Deepavali,same_day_report,tirumala,major,DEEPAVALI ASTHANAM OBSERVED IN TIRUMALA TEMPLE_ శ్రీవారి ఆలయంలో ఘనంగా దీపావళి ఆస్థానం,https://news.tirumala.org/deepavali-asthanam-observed-in-tirumala-temple/
2017-11-19,Vasanthotsavam,same_day_report,other_temple,minor,VASANTHOTSAVAM PERFORMED TO GODDESS PADMAVATHI,https://news.tirumala.org/vasanthotsavam-performed-to-goddess-padmavathi-2/
2017-12-15,Tiruppavai / Dhanurmasam,same_day_report,unspecified,minor,TIRUPPAVAI DISCOURSES COMMENCE FROM DECEMBER 16_2017 TO JANUARY14_2018,https://news.tirumala.org/tiruppavai-discourses-commence-from-december-16_2017-to-january14_2018/
2017-12-16,Tiruppavai / Dhanurmasam,same_day_report,tirumala,minor,TIRUPPAVAI PARAYANAM COMMENCES AT SRIVARI TEMPLE,https://news.tirumala.org/tiruppavai-parayanam-commences-at-srivari-temple/
2017-12-25,Christmas,fixed_national_holiday,national,major,fixed calendar date,
2017-12-28,Teppotsavam,announced_dates,other_temple,minor,"TEPPOTSAVAMS AT SRI KAPILESWARA SWAMY TEMPLE FROM DEC 28 TO JAN 1, 2018_ డిసెంబరు 28 నుండి జనవరి 1వ తేదీ వరకు శ్రీకపిలేశ్వరాలయంలో తెప్పోత్సవాలు",https://news.tirumala.org/teppotsavams-at-sri-kapileswara-swamy-temple-from-dec-28-to-jan-1-2018/
2017-12-29,Teppotsavam,announced_dates,other_temple,minor,"TEPPOTSAVAMS AT SRI KAPILESWARA SWAMY TEMPLE FROM DEC 28 TO JAN 1, 2018_ డిసెంబరు 28 నుండి జనవరి 1వ తేదీ వరకు శ్రీకపిలేశ్వరాలయంలో తెప్పోత్సవాలు",https://news.tirumala.org/teppotsavams-at-sri-kapileswara-swamy-temple-from-dec-28-to-jan-1-2018/
2017-12-30,Teppotsavam,announced_dates,other_temple,minor,"TEPPOTSAVAMS AT SRI KAPILESWARA SWAMY TEMPLE FROM DEC 28 TO JAN 1, 2018_ డిసెంబరు 28 నుండి జనవరి 1వ తేదీ వరకు శ్రీకపిలేశ్వరాలయంలో తెప్పోత్సవాలు",https://news.tirumala.org/teppotsavams-at-sri-kapileswara-swamy-temple-from-dec-28-to-jan-1-2018/
2017-12-31,Teppotsavam,announced_dates,other_temple,minor,"TEPPOTSAVAMS AT SRI KAPILESWARA SWAMY TEMPLE FROM DEC 28 TO JAN 1, 2018_ డిసెంబరు 28 నుండి జనవరి 1వ తేదీ వరకు శ్రీకపిలేశ్వరాలయంలో తెప్పోత్సవాలు",https://news.tirumala.org/teppotsavams-at-sri-kapileswara-swamy-temple-from-dec-28-to-jan-1-2018/
2018-01-01,New Year's Day,fixed_national_holiday,national,major,fixed calendar date,
2018-01-01,Teppotsavam,announced_dates,other_temple,minor,"TEPPOTSAVAMS AT SRI KAPILESWARA SWAMY TEMPLE FROM DEC 28 TO JAN 1, 2018_ డిసెంబరు 28 నుండి జనవరి 1వ తేదీ వరకు శ్రీకపిలేశ్వరాలయంలో తెప్పోత్సవాలు",https://news.tirumala.org/teppotsavams-at-sri-kapileswara-swamy-temple-from-dec-28-to-jan-1-2018/
2018-01-17,Brahmotsavams,announced_dates,unspecified,major,DEVUNI KADAPA BRAHMOTSAVAMS FROM JAN 17 TO JAN 27,https://news.tirumala.org/devuni-kadapa-brahmotsavams-from-jan-17-to-jan-27/
2018-01-18,Brahmotsavams,announced_dates,unspecified,major,DEVUNI KADAPA BRAHMOTSAVAMS FROM JAN 17 TO JAN 27,https://news.tirumala.org/devuni-kadapa-brahmotsavams-from-jan-17-to-jan-27/
2018-01-19,Brahmotsavams,announced_dates,unspecified,major,DEVUNI KADAPA BRAHMOTSAVAMS FROM JAN 17 TO JAN 27,https://news.tirumala.org/devuni-kadapa-brahmotsavams-from-jan-17-to-jan-27/
2018-01-20,Brahmotsavams,announced_dates,unspecified,major,DEVUNI KADAPA BRAHMOTSAVAMS FROM JAN 17 TO JAN 27,https://news.tirumala.org/devuni-kadapa-brahmotsavams-from-jan-17-to-jan-27/
2018-01-21,Brahmotsavams,announced_dates,unspecified,major,DEVUNI KADAPA BRAHMOTSAVAMS FROM JAN 17 TO JAN 27,https://news.tirumala.org/devuni-kadapa-brahmotsavams-from-jan-17-to-jan-27/
2018-01-22,Brahmotsavams,announced_dates,unspecified,major,DEVUNI KADAPA BRAHMOTSAVAMS FROM JAN 17 TO JAN 27,https://news.tirumala.org/devuni-kadapa-brahmotsavams-from-jan-17-to-jan-27/
2018-01-23,Brahmotsavams,announced_dates,unspecified,major,DEVUNI KADAPA BRAHMOTSAVAMS FROM JAN 17 TO JAN 27,https://news.tirumala.org/devuni-kadapa-brahmotsavams-from-jan-17-to-jan-27/
2018-01-24,Brahmotsavams,announced_dates,unspecified,major,DEVUNI KADAPA BRAHMOTSAVAMS FROM JAN 17 TO JAN 27,https://news.tirumala.org/devuni-kadapa-brahmotsavams-from-jan-17-to-jan-27/
2018-01-24,Rathasapthami,announced_dates,tirumala,major,RATHASAPTHAMI IN TIRUMALA ON JANUARY 24,https://news.tirumala.org/rathasapthami-in-tirumala-on-january-24/
2018-01-25,Brahmotsavams,announced_dates,unspecified,major,DEVUNI KADAPA BRAHMOTSAVAMS FROM JAN 17 TO JAN 27,https://news.tirumala.org/devuni-kadapa-brahmotsavams-from-jan-17-to-jan-27/
2018-01-25,Teppotsavam,same_day_report,unspecified,minor,GRAND TEPPOTSAVAM COMMENCES IN SRI GT_ వైభవంగా శ్రీ గోవిందరాజస్వామివారి తెప్పోత్సవాలు ప్రారంభం,https://news.tirumala.org/grand-teppotsavam-commences-in-sri-gt/
2018-01-26,Brahmotsavams,announced_dates,unspecified,major,DEVUNI KADAPA BRAHMOTSAVAMS FROM JAN 17 TO JAN 27,https://news.tirumala.org/devuni-kadapa-brahmotsavams-from-jan-17-to-jan-27/
2018-01-26,Republic Day,fixed_national_holiday,national,major,fixed calendar date,
2018-01-27,Brahmotsavams,announced_dates,unspecified,major,DEVUNI KADAPA BRAHMOTSAVAMS FROM JAN 17 TO JAN 27,https://news.tirumala.org/devuni-kadapa-brahmotsavams-from-jan-17-to-jan-27/
2018-03-03,Ugadi,same_day_report,unspecified,major,UGADI CELEBRATIONS AT SRI PAT_ మార్చి 18న శ్రీ పద్మావతి అమ్మవారి ఆలయంలో ఉగాది వేడుకలు,https://news.tirumala.org/ugadi/
2018-03-07,Ugadi,same_day_report,unspecified,major,VILAMBI UGADI CELEBRATIONS ON MARCH 18_ మార్చి 18న శ్రీ గోవిందరాజస్వామివారి ఆలయంలో ఉగాది వేడుకలు,https://news.tirumala.org/vilambi-ugadi-celebrations-on-march-18/
2018-03-18,Ugadi,same_day_report,unspecified,major,VILAMBI NAMA UGADI CELEBRATED IN HILL SHRINE_ తిరుమల శ్రీవారి ఆలయంలో వైభవంగా ఉగాది వేడుకలు,https://news.tirumala.org/vilambi-nama-ugadi-celebrated-in-hill-shrine_-%e0%b0%a4%e0%b0%bf%e0%b0%b0%e0%b1%81%e0%b0%ae%e0%b0%b2-%e0%b0%b6%e0%b1%8d%e0%b0%b0%e0%b1%80%e0%b0%b5%e0%b0%be%e0%b0%b0%e0%b0%bf-%e0%b0%86%e0%b0%b2/
2018-03-25,Sri Rama Navami,same_day_report,unspecified,major,SRI RAMA NAVAMI FEST OBSERVED IN KRT_ శ్రీ కోదండరామాలయంలో ఘనంగా శ్రీరామనవమి వేడుకలు,https://news.tirumala.org/sri-rama-navami-fest-observed-in-krt/
2018-03-27,Brahmotsavams,same_day_report,unspecified,major,BRAHMOTSAVAMS COMMENCES WITH DHWAJAROHANAM IN C GIRI TEMPLE_ ధ్వజారోహణంతో వైభవంగా చంద్రగిరిలోని శ్రీ కోదండరామస్వామివారి బ్రహ్మోత్సవాలు ప్రారంభం,https://news.tirumala.org/chadragiri/
2018-03-31,Brahmotsavams,same_day_report,other_temple,major,BRAHMOTSAVAMS CONCLUDES IN VALMIKIPURAM,https://news.tirumala.org/brahmotsavams-concludes-in-valmikipuram/
2018-03-31,Teppotsavam,same_day_report,unspecified,minor,FLOAT FESTIVAL CONCLUDES IN KRT_ వైభవంగా ముగిసిన శ్రీ కోదండరాముని తెప్పోత్సవాలు,https://news.tirumala.org/float-festival-concludes-in-krt_-%e0%b0%b5%e0%b1%88%e0%b0%ad%e0%b0%b5%e0%b0%82%e0%b0%97%e0%b0%be-%e0%b0%ae%e0%b1%81%e0%b0%97%e0%b0%bf%e0%b0%b8%e0%b0%bf%e0%b0%a8-%e0%b0%b6%e0%b1%8d%e0%b0%b0%e0%b1%80/
2018-03-31,Vasanthotsavam,same_day_report,tirumala,minor,VASANTHOTSAVAM CONCLUDES ON A GRAND NOTE IN TIRUMALA_ వైభవంగా ముగిసిన శ్రీవారి సాలకట్ల వసంతోత్సవాలు,https://news.tirumala.org/vasanthotsavam-concludes-on-a-grand-note-in-tirumala/
2018-04-28,Vasanthotsavam,announced_dates,other_temple,minor,SRI PADMAVATHI TEMPLE VASANTHOTSAVAM FROM APRIL 28 TO 30,https://news.tirumala.org/sri-padmavathi-temple-vasanthotsavam-from-april-28-to-30/
2018-04-29,Brahmotsavams,announced_dates,unspecified,major,NAGALAPURAM BRAHMOTSAVAMS FROM APRIL 29 TO MAY 7,https://news.tirumala.org/nagalapuram-brahmotsavams-from-april-29-to-may-7/
2018-04-29,Garuda Seva,same_day_report,tirumala,minor,VISAKHA POURNAMI GARUDA SEVA HELD IN TIRUMALA_ వైభవంగా వైశాఖ పౌర్ణమి గరుడసేవ,https://news.tirumala.org/visakha-pournami-garuda-seva-held-in-tirumala/
2018-04-29,Vasanthotsavam,announced_dates,other_temple,minor,SRI PADMAVATHI TEMPLE VASANTHOTSAVAM FROM APRIL 28 TO 30,https://news.tirumala.org/sri-padmavathi-temple-vasanthotsavam-from-april-28-to-30/
2018-04-30,Brahmotsavams,announced_dates,unspecified,major,NAGALAPURAM BRAHMOTSAVAMS FROM APRIL 29 TO MAY 7,https://news.tirumala.org/nagalapuram-brahmotsavams-from-april-29-to-may-7/
2018-04-30,Vasanthotsavam,announced_dates,other_temple,minor,SRI PADMAVATHI TEMPLE VASANTHOTSAVAM FROM APRIL 28 TO 30,https://news.tirumala.org/sri-padmavathi-temple-vasanthotsavam-from-april-28-to-30/
2018-05-01,Brahmotsavams,announced_dates,unspecified,major,NAGALAPURAM BRAHMOTSAVAMS FROM APRIL 29 TO MAY 7,https://news.tirumala.org/nagalapuram-brahmotsavams-from-april-29-to-may-7/
2018-05-02,Brahmotsavams,announced_dates,unspecified,major,NAGALAPURAM BRAHMOTSAVAMS FROM APRIL 29 TO MAY 7,https://news.tirumala.org/nagalapuram-brahmotsavams-from-april-29-to-may-7/
2018-05-03,Brahmotsavams,announced_dates,unspecified,major,NAGALAPURAM BRAHMOTSAVAMS FROM APRIL 29 TO MAY 7,https://news.tirumala.org/nagalapuram-brahmotsavams-from-april-29-to-may-7/
2018-05-04,Brahmotsavams,announced_dates,unspecified,major,NAGALAPURAM BRAHMOTSAVAMS FROM APRIL 29 TO MAY 7,https://news.tirumala.org/nagalapuram-brahmotsavams-from-april-29-to-may-7/
2018-05-05,Brahmotsavams,announced_dates,unspecified,major,NAGALAPURAM BRAHMOTSAVAMS FROM APRIL 29 TO MAY 7,https://news.tirumala.org/nagalapuram-brahmotsavams-from-april-29-to-may-7/
2018-05-06,Brahmotsavams,announced_dates,unspecified,major,NAGALAPURAM BRAHMOTSAVAMS FROM APRIL 29 TO MAY 7,https://news.tirumala.org/nagalapuram-brahmotsavams-from-april-29-to-may-7/
2018-05-07,Brahmotsavams,announced_dates,unspecified,major,NAGALAPURAM BRAHMOTSAVAMS FROM APRIL 29 TO MAY 7,https://news.tirumala.org/nagalapuram-brahmotsavams-from-april-29-to-may-7/
2018-05-10,Hanuman Jayanti,announced_dates,tirumala,major,HANUMAN JAYANTHI ON MAY 10 IN TIRUMALA,https://news.tirumala.org/hanuman-jayanthi-on-may-10-in-tirumala/
2018-05-27,Brahmotsavams,announced_dates,other_temple,major,NARAYANAVANAM BRAHMOTSAVAMS FROM MAY 27 TO JUNE 4_ మే 27 నుండి జూన్‌ 4వ తేదీ వరకు నారాయణవనంలోని శ్రీ కల్యాణ వేంకటేశ్వరస్వామివారి బ్రహ్మోత్సవాలు,https://news.tirumala.org/narayanavanam-brahmotsavams-from-may-27-to-june-4/
2018-05-28,Brahmotsavams,announced_dates,other_temple,major,NARAYANAVANAM BRAHMOTSAVAMS FROM MAY 27 TO JUNE 4_ మే 27 నుండి జూన్‌ 4వ తేదీ వరకు నారాయణవనంలోని శ్రీ కల్యాణ వేంకటేశ్వరస్వామివారి బ్రహ్మోత్సవాలు,https://news.tirumala.org/narayanavanam-brahmotsavams-from-may-27-to-june-4/
2018-05-29,Brahmotsavams,announced_dates,other_temple,major,NARAYANAVANAM BRAHMOTSAVAMS FROM MAY 27 TO JUNE 4_ మే 27 నుండి జూన్‌ 4వ తేదీ వరకు నారాయణవనంలోని శ్రీ కల్యాణ వేంకటేశ్వరస్వామివారి బ్రహ్మోత్సవాలు,https://news.tirumala.org/narayanavanam-brahmotsavams-from-may-27-to-june-4/
2018-05-30,Brahmotsavams,announced_dates,other_temple,major,NARAYANAVANAM BRAHMOTSAVAMS FROM MAY 27 TO JUNE 4_ మే 27 నుండి జూన్‌ 4వ తేదీ వరకు నారాయణవనంలోని శ్రీ కల్యాణ వేంకటేశ్వరస్వామివారి బ్రహ్మోత్సవాలు,https://news.tirumala.org/narayanavanam-brahmotsavams-from-may-27-to-june-4/
2018-05-31,Brahmotsavams,announced_dates,other_temple,major,NARAYANAVANAM BRAHMOTSAVAMS FROM MAY 27 TO JUNE 4_ మే 27 నుండి జూన్‌ 4వ తేదీ వరకు నారాయణవనంలోని శ్రీ కల్యాణ వేంకటేశ్వరస్వామివారి బ్రహ్మోత్సవాలు,https://news.tirumala.org/narayanavanam-brahmotsavams-from-may-27-to-june-4/
2018-06-01,Brahmotsavams,announced_dates,other_temple,major,NARAYANAVANAM BRAHMOTSAVAMS FROM MAY 27 TO JUNE 4_ మే 27 నుండి జూన్‌ 4వ తేదీ వరకు నారాయణవనంలోని శ్రీ కల్యాణ వేంకటేశ్వరస్వామివారి బ్రహ్మోత్సవాలు,https://news.tirumala.org/narayanavanam-brahmotsavams-from-may-27-to-june-4/
2018-06-02,Brahmotsavams,announced_dates,other_temple,major,NARAYANAVANAM BRAHMOTSAVAMS FROM MAY 27 TO JUNE 4_ మే 27 నుండి జూన్‌ 4వ తేదీ వరకు నారాయణవనంలోని శ్రీ కల్యాణ వేంకటేశ్వరస్వామివారి బ్రహ్మోత్సవాలు,https://news.tirumala.org/narayanavanam-brahmotsavams-from-may-27-to-june-4/
2018-06-03,Brahmotsavams,announced_dates,other_temple,major,NARAYANAVANAM BRAHMOTSAVAMS FROM MAY 27 TO JUNE 4_ మే 27 నుండి జూన్‌ 4వ తేదీ వరకు నారాయణవనంలోని శ్రీ కల్యాణ వేంకటేశ్వరస్వామివారి బ్రహ్మోత్సవాలు,https://news.tirumala.org/narayanavanam-brahmotsavams-from-may-27-to-june-4/
2018-06-04,Brahmotsavams,announced_dates,other_temple,major,NARAYANAVANAM BRAHMOTSAVAMS FROM MAY 27 TO JUNE 4_ మే 27 నుండి జూన్‌ 4వ తేదీ వరకు నారాయణవనంలోని శ్రీ కల్యాణ వేంకటేశ్వరస్వామివారి బ్రహ్మోత్సవాలు,https://news.tirumala.org/narayanavanam-brahmotsavams-from-may-27-to-june-4/
2018-06-18,Brahmotsavams,announced_dates,other_temple,major,HYDERABAD TEMPLE BRAHMOTSAVAMS FROM JUNE 18-22,https://news.tirumala.org/hyderabad-temple-brahmotsavams-from-june-18_22/
2018-06-19,Brahmotsavams,announced_dates,other_temple,major,HYDERABAD TEMPLE BRAHMOTSAVAMS FROM JUNE 18-22,https://news.tirumala.org/hyderabad-temple-brahmotsavams-from-june-18_22/
2018-06-20,Brahmotsavams,announced_dates,other_temple,major,HYDERABAD TEMPLE BRAHMOTSAVAMS FROM JUNE 18-22,https://news.tirumala.org/hyderabad-temple-brahmotsavams-from-june-18_22/
2018-06-21,Brahmotsavams,announced_dates,other_temple,major,HYDERABAD TEMPLE BRAHMOTSAVAMS FROM JUNE 18-22,https://news.tirumala.org/hyderabad-temple-brahmotsavams-from-june-18_22/
2018-06-22,Brahmotsavams,announced_dates,other_temple,major,HYDERABAD TEMPLE BRAHMOTSAVAMS FROM JUNE 18-22,https://news.tirumala.org/hyderabad-temple-brahmotsavams-from-june-18_22/
2018-06-23,Brahmotsavams,announced_dates,other_temple,major,APPALAYAGUNTA BRAHMOTSAVAMS FROM JUNE 23 TO JULY 1_ జూన్‌ 19న అప్పలాయగుంట శ్రీ ప్రసన్న వేంకటేశ్వరస్వామివారి ఆలయంలో కోయిల్‌ ఆళ్వార్‌ తిరుమంజనం,https://news.tirumala.org/appalayagunta/
2018-06-24,Brahmotsavams,announced_dates,other_temple,major,APPALAYAGUNTA BRAHMOTSAVAMS FROM JUNE 23 TO JULY 1_ జూన్‌ 19న అప్పలాయగుంట శ్రీ ప్రసన్న వేంకటేశ్వరస్వామివారి ఆలయంలో కోయిల్‌ ఆళ్వార్‌ తిరుమంజనం,https://news.tirumala.org/appalayagunta/
2018-06-25,Brahmotsavams,announced_dates,other_temple,major,APPALAYAGUNTA BRAHMOTSAVAMS FROM JUNE 23 TO JULY 1_ జూన్‌ 19న అప్పలాయగుంట శ్రీ ప్రసన్న వేంకటేశ్వరస్వామివారి ఆలయంలో కోయిల్‌ ఆళ్వార్‌ తిరుమంజనం,https://news.tirumala.org/appalayagunta/
2018-06-26,Brahmotsavams,announced_dates,other_temple,major,APPALAYAGUNTA BRAHMOTSAVAMS FROM JUNE 23 TO JULY 1_ జూన్‌ 19న అప్పలాయగుంట శ్రీ ప్రసన్న వేంకటేశ్వరస్వామివారి ఆలయంలో కోయిల్‌ ఆళ్వార్‌ తిరుమంజనం,https://news.tirumala.org/appalayagunta/
2018-06-27,Brahmotsavams,announced_dates,other_temple,major,APPALAYAGUNTA BRAHMOTSAVAMS FROM JUNE 23 TO JULY 1_ జూన్‌ 19న అప్పలాయగుంట శ్రీ ప్రసన్న వేంకటేశ్వరస్వామివారి ఆలయంలో కోయిల్‌ ఆళ్వార్‌ తిరుమంజనం,https://news.tirumala.org/appalayagunta/
2018-06-27,Teppotsavam,same_day_report,unspecified,minor,TEPPOTSAVAMS CONCLUDES IN SRI PAT_ వైభవంగా ముగిసిన శ్రీ పద్మావతి అమ్మవారి తెప్పోత్సవాలు,https://news.tirumala.org/teppotsavams-concludes-in-sri-pat/
2018-06-28,Brahmotsavams,announced_dates,other_temple,major,APPALAYAGUNTA BRAHMOTSAVAMS FROM JUNE 23 TO JULY 1_ జూన్‌ 19న అప్పలాయగుంట శ్రీ ప్రసన్న వేంకటేశ్వరస్వామివారి ఆలయంలో కోయిల్‌ ఆళ్వార్‌ తిరుమంజనం,https://news.tirumala.org/appalayagunta/
2018-06-29,Brahmotsavams,announced_dates,other_temple,major,APPALAYAGUNTA BRAHMOTSAVAMS FROM JUNE 23 TO JULY 1_ జూన్‌ 19న అప్పలాయగుంట శ్రీ ప్రసన్న వేంకటేశ్వరస్వామివారి ఆలయంలో కోయిల్‌ ఆళ్వార్‌ తిరుమంజనం,https://news.tirumala.org/appalayagunta/
2018-06-30,Brahmotsavams,announced_dates,other_temple,major,APPALAYAGUNTA BRAHMOTSAVAMS FROM JUNE 23 TO JULY 1_ జూన్‌ 19న అప్పలాయగుంట శ్రీ ప్రసన్న వేంకటేశ్వరస్వామివారి ఆలయంలో కోయిల్‌ ఆళ్వార్‌ తిరుమంజనం,https://news.tirumala.org/appalayagunta/
2018-07-01,Brahmotsavams,announced_dates,other_temple,major,APPALAYAGUNTA BRAHMOTSAVAMS FROM JUNE 23 TO JULY 1_ జూన్‌ 19న అప్పలాయగుంట శ్రీ ప్రసన్న వేంకటేశ్వరస్వామివారి ఆలయంలో కోయిల్‌ ఆళ్వార్‌ తిరుమంజనం,https://news.tirumala.org/appalayagunta/
2018-07-24,Pavitrotsavam,same_day_report,unspecified,minor,SRI KT PAVITROTSAVAMS COMMENCE,https://news.tirumala.org/sri-kt-pavitrotsavams-commence-_/
2018-07-31,Brahmotsavams,same_day_report,unspecified,major,"BRAHMOTSAVAM WORKS TO COMPLETE BY AUGUST END-TTD EO_ అంగరంగ వైభవంగా శ్రీవారి సాలకట్ల, నవరాత్రి బ్రహ్మూెత్సవాలు : టిటిడి ఈవో శ్రీ అనిల్‌కుమార్‌ సింఘాల్",https://news.tirumala.org/brahmotsavam-works-to-complete-by-august-end-ttd-eo/
2018-08-07,Pavitrotsavam,same_day_report,unspecified,minor,PAVITROTSAVAMS COMMENCE IN KRT_ శ్రీ కోదండరామాలయంలో వైభవంగా పవిత్రోత్సవాలు ప్రారంభం,https://news.tirumala.org/pavitrotsavams-commence-in-krt/
2018-08-09,Pavitrotsavam,same_day_report,unspecified,minor,PAVITROTSAVAMS CONCLUDES IN SRI KRT_ ఘనంగా ముగిసిన శ్రీ కోదండరామస్వామివారి ఆలయ పవిత్రోత్సవాలు,https://news.tirumala.org/pavitrotsavams-concludes-in-sri-krt_-%e0%b0%98%e0%b0%a8%e0%b0%82%e0%b0%97%e0%b0%be-%e0%b0%ae%e0%b1%81%e0%b0%97%e0%b0%bf%e0%b0%b8%e0%b0%bf%e0%b0%a8-%e0%b0%b6%e0%b1%8d%e0%b0%b0%e0%b1%80-%e0%b0%95/
2018-08-15,Independence Day,fixed_national_holiday,national,major,fixed calendar date,
2018-08-20,Pavitrotsavam,same_day_report,unspecified,minor,"ANKURARPANAM PERFORMED FOR PAVITROTSAVAMS_ ఆగస్టు 20, తిరుమల, 2018",https://news.tirumala.org/ankurarpanam-performed-for-pavitrotsavams_/
2018-08-21,Pavitrotsavam,same_day_report,unspecified,minor,PAVITRA PRATISHTA PERFORMED ON DAY ONE OF PAVITROTSAVAMS_ శ్రీవారి ఆలయంలో శాస్త్రోక్తంగా పవిత్రోత్సవాలు ప్రారంభం,https://news.tirumala.org/pavitra-pratishta-performed-on-day-one-of-pavitrotsavams/
2018-08-23,Pavitrotsavam,same_day_report,unspecified,minor,PAVITROTSAVAMS CONCLUDES WITH PURNAHUTI,https://news.tirumala.org/pavitrotsavams-concludes-with-purnahuti-_/
2018-08-23,Teppotsavam,announced_dates,other_temple,minor,TEPPOTSAVAMS IN KARVETINAGARAM FROM AUGUST 23 TO 25,https://news.tirumala.org/teppotsavams-in-karvetinagaram-from-august-23-to-25/
2018-08-24,Teppotsavam,announced_dates,other_temple,minor,TEPPOTSAVAMS IN KARVETINAGARAM FROM AUGUST 23 TO 25,https://news.tirumala.org/teppotsavams-in-karvetinagaram-from-august-23-to-25/
2018-08-25,Teppotsavam,announced_dates,other_temple,minor,TEPPOTSAVAMS IN KARVETINAGARAM FROM AUGUST 23 TO 25,https://news.tirumala.org/teppotsavams-in-karvetinagaram-from-august-23-to-25/
2018-08-26,Garuda Seva,same_day_report,unspecified,minor,SRAVANA POURNAMI GARUDA SEVA OBSERVED,https://news.tirumala.org/sravana-pournami-garuda-seva-observed/
2018-09-12,Brahmotsavams,same_day_report,unspecified,major,BEEJAVAPANAM HELD FOR BRAHMOTSAVAMS_ శ్రీవారి బ్రహ్మోత్సవాలకు శాస్త్రోక్తంగా అంకురార్పణ,https://news.tirumala.org/ankurarpanam-5/
2018-09-22,Pavitrotsavam,same_day_report,unspecified,minor,SRI GT PAVITROTSAVAMS ENDS WITH PURNAHUTI_ పూర్ణాహుతితో ముగిసిన శ్రీ‌ గోవిందరాజస్వామివారి ప‌విత్రోత్స‌వాలు,https://news.tirumala.org/sri-gt-pavitrotsavams-ends-with-purnahuti/
2018-09-25,Garuda Seva,same_day_report,unspecified,minor,GARUDA SEVA OBSERVED ON FULL MOON DAY_ తిరుమలలో వైభవంగా పౌర్ణమి గరుడసేవ,https://news.tirumala.org/garuda-seva-5/
2018-09-25,Pavitrotsavam,same_day_report,unspecified,minor,PAVITROTSAVAMS CONCLUDES IN SRI PAT_ శ్రీ పద్మావతి అమ్మవారి ఆలయంలో ముగిసిన పవిత్రోత్సవాలు,https://news.tirumala.org/pavithrotsavam-20/
2018-10-02,Gandhi Jayanti,fixed_national_holiday,national,major,fixed calendar date,
2018-10-10,Navaratri Brahmotsavams,same_day_report,tirumala,major,CULTURAL BONANZA BEGINS AT NAVARATRI BRAHMOTSAVAM IN TIRUMALA_ నాదనీరాజనం వేదికపై అల‌రించిన చిల్కొండ సిస్ట‌ర్స్ గాత్రం,https://news.tirumala.org/cultural-bonanza-begins-at-navaratri-brahmotsavam-in-tirumala/
2018-10-24,Garuda Seva,same_day_report,unspecified,minor,POURNAMI GARUDA SEVA OBSERVED IN SRI GT_ వైభ‌వంగా శ్రీ గోవిందరాజస్వామివారి పౌర్ణమి గరుడసేవ,https://news.tirumala.org/pournami-garuda-seva-observed-in-sri-gt/
2018-12-25,Christmas,fixed_national_holiday,national,major,fixed calendar date,
2019-01-01,New Year's Day,fixed_national_holiday,national,major,fixed calendar date,
2019-01-26,Republic Day,fixed_national_holiday,national,major,fixed calendar date,
2019-02-19,Garuda Seva,announced_dates,tirumala,minor,KUMARADHARA MUKKOTI AND POURNAMI GARUDA SEVA IN TIRUMALA ON FEBRUARY 19,https://news.tirumala.org/kumaradhara-mukkoti-and-pournami-garuda-seva-in-tirumala-on-february-19-2/
2019-03-16,Teppotsavam,announced_dates,tirumala,minor,SRIVARI ANNUAL TEPPOTSAVAM FROM MARCH 16 TO MARCH 20_ శ్రీవారి సాలకట్ల తెప్పోత్సవాల ఏర్పాట్ల‌ను ప‌రిశీలించిన తిరుమ‌ల జెఈవో శ్రీ కె.ఎస్‌.శ్రీ‌నివాస‌రాజ,https://news.tirumala.org/srivari-annual-teppotsavam-from-march-16-to-march-20-2/
2019-03-17,Teppotsavam,announced_dates,tirumala,minor,SRIVARI ANNUAL TEPPOTSAVAM FROM MARCH 16 TO MARCH 20_ శ్రీవారి సాలకట్ల తెప్పోత్సవాల ఏర్పాట్ల‌ను ప‌రిశీలించిన తిరుమ‌ల జెఈవో శ్రీ కె.ఎస్‌.శ్రీ‌నివాస‌రాజ,https://news.tirumala.org/srivari-annual-teppotsavam-from-march-16-to-march-20-2/
2019-03-18,Teppotsavam,announced_dates,tirumala,minor,SRIVARI ANNUAL TEPPOTSAVAM FROM MARCH 16 TO MARCH 20_ శ్రీవారి సాలకట్ల తెప్పోత్సవాల ఏర్పాట్ల‌ను ప‌రిశీలించిన తిరుమ‌ల జెఈవో శ్రీ కె.ఎస్‌.శ్రీ‌నివాస‌రాజ,https://news.tirumala.org/srivari-annual-teppotsavam-from-march-16-to-march-20-2/
2019-03-19,Teppotsavam,announced_dates,tirumala,minor,SRIVARI ANNUAL TEPPOTSAVAM FROM MARCH 16 TO MARCH 20_ శ్రీవారి సాలకట్ల తెప్పోత్సవాల ఏర్పాట్ల‌ను ప‌రిశీలించిన తిరుమ‌ల జెఈవో శ్రీ కె.ఎస్‌.శ్రీ‌నివాస‌రాజ,https://news.tirumala.org/srivari-annual-teppotsavam-from-march-16-to-march-20-2/
2019-03-20,Teppotsavam,same_day_report,unspecified,minor,TEPPOTSAVAMS CONCLUDES ON A GRAND NOTE,https://news.tirumala.org/teppotsavams-concludes-on-a-grand-note/
2019-04-06,Ugadi,announced_dates,tirumala,major,UGADI ASTHANAM ON APRIL 6 AND KOIL ALWAR TIRUMANJANAM ON APRIL 3 IN SRIVARI TEMPLE_ ఏప్రిల్ 6న తిరుమల శ్రీవారి ఆలయంలో ఉగాది ఆస్థానం,https://news.tirumala.org/ugadi-asthanam-on-april-6-and-koil-alwar-tirumanjanam-on-april-2-in-srivari-temple/
2019-05-18,Garuda Seva,same_day_report,unspecified,minor,POURNAMI GARUDA SEVA OBSERVED,https://news.tirumala.org/pournami-garuda-seva-observed-4/
2019-05-22,Vasanthotsavam,same_day_report,unspecified,minor,VASANTHOTSAVAM COMMENCES AT SKVST,https://news.tirumala.org/vasanthotsavam-commences-at-skvst/
2019-05-26,Vasanthotsavam,same_day_report,unspecified,minor,VASANTHOTSAVAM CONCLUDES,https://news.tirumala.org/vasanthotsavam-concludes-2/
2019-06-13,Teppotsavam,same_day_report,unspecified,minor,TEPPOTSAVAM BEGINS AT SRI PAT_ వైభవంగా తిరుచానూరు శ్రీ పద్మావతి అమ్మవారి తెప్పోత్సవాలు ప్రారంభం,https://news.tirumala.org/float-9/
2019-06-17,Teppotsavam,same_day_report,unspecified,minor,TEPPOTSAVAM CONCLUDES,https://news.tirumala.org/teppotsavam-concludes/
2019-07-17,Anivara Asthanam,same_day_report,unspecified,minor,ANIVARA ASTHANAM HELD IN LOCAL TEMPLES,https://news.tirumala.org/anivara-asthanam-held-in-local-temples/
2019-07-28,Pavitrotsavam,same_day_report,unspecified,minor,PAVITHROTSAVAM BEGINS IN SRI KRT_ శ్రీ కోదండరామాలయంలో వైభవంగా పవిత్రోత్సవాలు ప్రారంభం,https://news.tirumala.org/pavithrotsavam-begins-in-sri-krt_-%e0%b0%b6%e0%b1%8d%e0%b0%b0%e0%b1%80-%e0%b0%95%e0%b1%8b%e0%b0%a6%e0%b0%82%e0%b0%a1%e0%b0%b0%e0%b0%be%e0%b0%ae%e0%b0%be%e0%b0%b2%e0%b0%af%e0%b0%82%e0%b0%b2%e0%b1%8b/
2019-07-30,Pavitrotsavam,same_day_report,unspecified,minor,PAVITHROTSAVAM CONCLUDES IN SRI KRT_ ఘనంగా ముగిసిన శ్రీ కోదండరామస్వామివారి ఆలయ పవిత్రోత్సవాలు,https://news.tirumala.org/krt-9/
2019-08-09,Varalakshmi Vratam,same_day_report,unspecified,major,VARALAKSHMI VRATAM OBSERVED AT ANANDANILAYA ASTALAKSHMI VRATA MANDAPAM_ శ్రీ పద్మావతి అమ్మవారి ఆలయంలో శోభాయమానంగా వరలక్ష్మీవ్రతం,https://news.tirumala.org/varalakshmi-vratam-observed-at-anandanilaya-astalakshmi-vrata-mandapam/
2019-08-13,Pavitrotsavam,same_day_report,unspecified,minor,PAVITROTSAVAMS CONCLUDES WITH PURNAHUTI_ పూర్ణాహుతితో ఘనంగా ముగిసిన పవిత్రోత్సవాలు,https://news.tirumala.org/pavitrotsavams-concludes-with-purnahuti_/
2019-08-15,Independence Day,fixed_national_holiday,national,major,fixed calendar date,
2019-09-02,Pavitrotsavam,same_day_report,other_temple,minor,PAVITROTSAVAMS CONCLUDES AT VONTIMITTA_ ఘనంగా ముగిసిన ఒంటిమిట్ట శ్రీ కోదండరామస్వామివారి ఆలయ పవిత్రోత్సవాలు,https://news.tirumala.org/pavitrotsavams-concludes-at-vontimitta/
2019-09-07,Pavitrotsavam,announced_dates,unspecified,minor,PAVITHROTSAVAMS FROM SEP 7-9 AT PITHAPURAM TEMPLE_ సెప్టెంబ‌రు 7 నుండి 9వ తేదీ వ‌ర‌కు పిఠాపురంలోని శ్రీ వేంకటేశ్వరాల‌యంలో పవిత్రోత్సవాలు,https://news.tirumala.org/pavithrotsavams-from-sep-7-9-at-pithapuram-temple/
2019-09-08,Pavitrotsavam,announced_dates,unspecified,minor,PAVITHROTSAVAMS FROM SEP 7-9 AT PITHAPURAM TEMPLE_ సెప్టెంబ‌రు 7 నుండి 9వ తేదీ వ‌ర‌కు పిఠాపురంలోని శ్రీ వేంకటేశ్వరాల‌యంలో పవిత్రోత్సవాలు,https://news.tirumala.org/pavithrotsavams-from-sep-7-9-at-pithapuram-temple/
2019-09-09,Pavitrotsavam,announced_dates,unspecified,minor,PAVITHROTSAVAMS FROM SEP 7-9 AT PITHAPURAM TEMPLE_ సెప్టెంబ‌రు 7 నుండి 9వ తేదీ వ‌ర‌కు పిఠాపురంలోని శ్రీ వేంకటేశ్వరాల‌యంలో పవిత్రోత్సవాలు,https://news.tirumala.org/pavithrotsavams-from-sep-7-9-at-pithapuram-temple/
2019-09-11,Pavitrotsavam,same_day_report,unspecified,minor,PAVITROTSAVAM ENDS IN SRI GT_ పూర్ణాహుతితో ముగిసిన శ్రీ‌ గోవిందరాజస్వామివారి ప‌విత్రోత్స‌వాలు,https://news.tirumala.org/pavitrotsavam-ends-in-sri-gt/
2019-09-12,Pavitrotsavam,announced_dates,unspecified,minor,SEP 12-14 PAVITROTSAVAMS AT SRI PAT_ సెప్టెంబరు 12 నుండి 14వ తేదీ వరకు తిరుచానూరు శ్రీ పద్మావతి అమ్మవారి పవిత్రోత్సవాలు,https://news.tirumala.org/sep-12-14-pavitrotsavams-at-sri-pat/
2019-09-13,Pavitrotsavam,same_day_report,other_temple,minor,PAVITROTSAVAMS OBSERVED AT NARAYANAVANAM,https://news.tirumala.org/pavitrotsavams-observed-at-narayanavanam/
2019-09-14,Garuda Seva,same_day_report,unspecified,minor,GARUDA SEVA OBSERVED ON FULL MOON DAY_ తిరుమలలో ఘనంగా మాదిరి బ్రహ్మోత్సవ గరుడసేవ,https://news.tirumala.org/garuda-seva-8/
2019-09-14,Pavitrotsavam,same_day_report,unspecified,minor,PAVITHROTSAVAM ENDS IN SRI PAT_ శ్రీ పద్మావతి అమ్మవారి ఆలయంలో ముగిసిన పవిత్రోత్సవాలు,https://news.tirumala.org/pavithrotsavam-ends-in-sri-pat/
2019-09-30,Srivari Annual Brahmotsavams,announced_dates,tirumala,major,ANNUAL BRAHMOTSAVAMS AT TIRUMALA FROM SEP 30 TO OCT 8_ సెప్టెంబర్‌ 30 నుండి అక్టోబర్‌ 8 వరకు శ్రీవారి వార్షిక బ్రహ్మోత్సవాలు,https://news.tirumala.org/annual-brahmotsavams-at-tirumala-from-sep-30-to-oct-8/
2019-10-01,Srivari Annual Brahmotsavams,announced_dates,tirumala,major,ANNUAL BRAHMOTSAVAMS AT TIRUMALA FROM SEP 30 TO OCT 8_ సెప్టెంబర్‌ 30 నుండి అక్టోబర్‌ 8 వరకు శ్రీవారి వార్షిక బ్రహ్మోత్సవాలు,https://news.tirumala.org/annual-brahmotsavams-at-tirumala-from-sep-30-to-oct-8/
2019-10-02,Brahmotsavams,announced_dates,unspecified,major,NO COTTAGE ALLOTMENT EVEN TO SELF DONORS FROM OCT 2-4 DURING BRAHMOTSAVAMS_ శ్రీవారి బ్రహ్మోత్సవాల రోజుల్లో స్వయంగా వచ్చే కాటేజి దాతలకు గదుల కేటాయింపు,https://news.tirumala.org/cottage/
2019-10-02,Gandhi Jayanti,fixed_national_holiday,national,major,fixed calendar date,
2019-10-02,Srivari Annual Brahmotsavams,announced_dates,tirumala,major,ANNUAL BRAHMOTSAVAMS AT TIRUMALA FROM SEP 30 TO OCT 8_ సెప్టెంబర్‌ 30 నుండి అక్టోబర్‌ 8 వరకు శ్రీవారి వార్షిక బ్రహ్మోత్సవాలు,https://news.tirumala.org/annual-brahmotsavams-at-tirumala-from-sep-30-to-oct-8/
2019-10-03,Brahmotsavams,announced_dates,unspecified,major,NO COTTAGE ALLOTMENT EVEN TO SELF DONORS FROM OCT 2-4 DURING BRAHMOTSAVAMS_ శ్రీవారి బ్రహ్మోత్సవాల రోజుల్లో స్వయంగా వచ్చే కాటేజి దాతలకు గదుల కేటాయింపు,https://news.tirumala.org/cottage/
2019-10-03,Srivari Annual Brahmotsavams,announced_dates,tirumala,major,ANNUAL BRAHMOTSAVAMS AT TIRUMALA FROM SEP 30 TO OCT 8_ సెప్టెంబర్‌ 30 నుండి అక్టోబర్‌ 8 వరకు శ్రీవారి వార్షిక బ్రహ్మోత్సవాలు,https://news.tirumala.org/annual-brahmotsavams-at-tirumala-from-sep-30-to-oct-8/
2019-10-04,Brahmotsavams,announced_dates,unspecified,major,NO COTTAGE ALLOTMENT EVEN TO SELF DONORS FROM OCT 2-4 DURING BRAHMOTSAVAMS_ శ్రీవారి బ్రహ్మోత్సవాల రోజుల్లో స్వయంగా వచ్చే కాటేజి దాతలకు గదుల కేటాయింపు,https://news.tirumala.org/cottage/
2019-10-04,Srivari Annual Brahmotsavams,announced_dates,tirumala,major,ANNUAL BRAHMOTSAVAMS AT TIRUMALA FROM SEP 30 TO OCT 8_ సెప్టెంబర్‌ 30 నుండి అక్టోబర్‌ 8 వరకు శ్రీవారి వార్షిక బ్రహ్మోత్సవాలు,https://news.tirumala.org/annual-brahmotsavams-at-tirumala-from-sep-30-to-oct-8/
2019-10-05,Srivari Annual Brahmotsavams,announced_dates,tirumala,major,ANNUAL BRAHMOTSAVAMS AT TIRUMALA FROM SEP 30 TO OCT 8_ సెప్టెంబర్‌ 30 నుండి అక్టోబర్‌ 8 వరకు శ్రీవారి వార్షిక బ్రహ్మోత్సవాలు,https://news.tirumala.org/annual-brahmotsavams-at-tirumala-from-sep-30-to-oct-8/
2019-10-06,Srivari Annual Brahmotsavams,announced_dates,tirumala,major,ANNUAL BRAHMOTSAVAMS AT TIRUMALA FROM SEP 30 TO OCT 8_ సెప్టెంబర్‌ 30 నుండి అక్టోబర్‌ 8 వరకు శ్రీవారి వార్షిక బ్రహ్మోత్సవాలు,https://news.tirumala.org/annual-brahmotsavams-at-tirumala-from-sep-30-to-oct-8/
2019-10-07,Srivari Annual Brahmotsavams,announced_dates,tirumala,major,ANNUAL BRAHMOTSAVAMS AT TIRUMALA FROM SEP 30 TO OCT 8_ సెప్టెంబర్‌ 30 నుండి అక్టోబర్‌ 8 వరకు శ్రీవారి వార్షిక బ్రహ్మోత్సవాలు,https://news.tirumala.org/annual-brahmotsavams-at-tirumala-from-sep-30-to-oct-8/
2019-10-08,Srivari Annual Brahmotsavams,announced_dates,tirumala,major,ANNUAL BRAHMOTSAVAMS AT TIRUMALA FROM SEP 30 TO OCT 8_ సెప్టెంబర్‌ 30 నుండి అక్టోబర్‌ 8 వరకు శ్రీవారి వార్షిక బ్రహ్మోత్సవాలు,https://news.tirumala.org/annual-brahmotsavams-at-tirumala-from-sep-30-to-oct-8/
2019-10-12,Pavitrotsavam,same_day_report,other_temple,minor,PAVITROTSAVAMS COMMENCES AT VALMIKIPURAM,https://news.tirumala.org/pavitrotsavams-commences-at-valmikipuram/
2019-10-13,Garuda Seva,announced_dates,unspecified,minor,POURNAMI GARUDA SEVA ON OCT 13,https://news.tirumala.org/pournami-garuda-seva-on-oct-13-_-%e0%b0%85%e0%b0%95%e0%b1%8d%e0%b0%9f%e0%b1%8b%e0%b0%ac%e2%80%8c%e0%b0%b0%e0%b1%81-13%e0%b0%a8-%e0%b0%a4%e0%b0%bf%e0%b0%b0%e0%b1%81%e0%b0%ae%e0%b0%b2%e0%b0%b2%e0%b1%8b/
2019-10-14,Pavitrotsavam,same_day_report,other_temple,minor,VALMIKIPURAM PAVITROTSAVAMS CONCLUDES,https://news.tirumala.org/%e0%b0%aa%e0%b1%82%e0%b0%b0%e0%b1%8d%e0%b0%a3%e0%b0%be%e0%b0%b9%e0%b1%81%e0%b0%a4%e0%b0%bf%e0%b0%a4%e0%b1%8b-%e0%b0%ae%e0%b1%81%e0%b0%97%e0%b0%bf%e0%b0%b8%e0%b0%bf%e0%b0%a8-%e0%b0%b5%e0%b0%be%e0%b0%b2/
2019-10-19,Pavitrotsavam,same_day_report,unspecified,minor,PAVITROTSAVAMS COMMENCES IN CHANDRAGIRI RAMALAYAM,https://news.tirumala.org/pavitrotsavams-commences-in-chandragiri-ramalayam-_-%e0%b0%9a%e0%b0%82%e0%b0%a6%e0%b1%8d%e0%b0%b0%e0%b0%97%e0%b0%bf%e0%b0%b0%e0%b0%bf%e0%b0%b2%e0%b1%8b%e0%b0%a8%e0%b0%bf-%e0%b0%b6%e0%b1%8d%e0%b0%b0/
2019-10-26,Pavitrotsavam,same_day_report,unspecified,minor,PAVITROTSAVAMS CONCLUDES WITH PURNAHUTI,https://news.tirumala.org/pavitrotsavams-concludes-with-purnahuti-_-%e0%b0%aa%e0%b1%82%e0%b0%b0%e0%b1%8d%e0%b0%a3%e0%b0%be%e0%b0%b9%e0%b1%81%e0%b0%a4%e0%b0%bf%e0%b0%a4%e0%b1%8b-%e0%b0%ae%e0%b1%81%e0%b0%97%e0%b0%bf%e0%b0%b8/
2019-10-27,Deepavali,announced_dates,tirumala,major,DEEPAVALI ASTHANAM IN TIRUMALA TEMPLE ON OCTOBER 27,https://news.tirumala.org/deepavali-asthanam-in-tirumala-temple-on-october-27-_-%e0%b0%85%e0%b0%95%e0%b1%8d%e0%b0%9f%e0%b1%8b%e0%b0%ac%e2%80%8c%e0%b0%b0%e0%b1%81-27%e0%b0%a8-%e0%b0%b6%e0%b1%8d%e0%b0%b0%e0%b1%80%e0%b0%b5/
2019-11-12,Garuda Seva,same_day_report,unspecified,minor,POURNAMI GARUDA SEVA OBSERVED,https://news.tirumala.org/%e0%b0%b5%e0%b1%88%e0%b0%ad%e2%80%8c%e0%b0%b5%e0%b0%82%e0%b0%97%e0%b0%be-%e0%b0%95%e0%b0%be%e0%b0%b0%e0%b1%8d%e0%b0%a4%e0%b1%80%e0%b0%95%e2%80%8c-%e0%b0%aa%e0%b1%8c%e0%b0%b0%e0%b1%8d%e0%b0%a3%e0%b0%ae/
2019-12-11,Karthika Deepam,same_day_report,tirumala,major,KARTHIKA DEEPAM OBSERVED WITH UTMOST RELIGIOUS FERVOUR IN TIRUMALA,https://news.tirumala.org/karthika-deepam-observed-with-utmost-religious-fervour-in-tirumala-_-%e0%b0%b6%e0%b1%8d%e0%b0%b0%e0%b1%80%e0%b0%b5%e0%b0%be%e0%b0%b0%e0%b0%bf-%e0%b0%86%e0%b0%b2%e0%b0%af%e0%b0%82%e0%b0%b2%e0%b1%8b/
2019-12-17,Tiruppavai / Dhanurmasam,same_day_report,tirumala,minor,DHANURMASAM RITUALS BEGIN AT SRIVARI TEMPLE,https://news.tirumala.org/dhanurmasam-rituals-begin-at-srivari-temple-_-%e0%b0%b6%e0%b1%8d%e0%b0%b0%e0%b1%80%e0%b0%b5%e0%b0%be%e0%b0%b0%e0%b0%bf-%e0%b0%86%e0%b0%b2%e0%b0%af%e0%b0%82%e0%b0%b2%e0%b1%8b-%e0%b0%a7%e0%b0%a8/
2019-12-25,Christmas,fixed_national_holiday,national,major,fixed calendar date,
2020-01-01,New Year's Day,fixed_national_holiday,national,major,fixed calendar date,
2020-01-05,Teppotsavam,announced_dates,other_temple,minor,TEPPOTSAVAM AT SRI KAPILESWARA TEMPLE FROM JAN 05- 09,https://news.tirumala.org/teppotsavam-at-sri-kapileswara-temple-from-jan-05-09-_-%e0%b0%9c%e0%b0%a8%e0%b0%b5%e0%b0%b0%e0%b0%bf-5-%e0%b0%a8%e0%b1%81%e0%b0%82%e0%b0%a1%e0%b0%bf-9%e0%b0%b5-%e0%b0%a4%e0%b1%87%e0%b0%a6%e0%b1%80/
2020-01-06,Teppotsavam,announced_dates,other_temple,minor,TEPPOTSAVAM AT SRI KAPILESWARA TEMPLE FROM JAN 05- 09,https://news.tirumala.org/teppotsavam-at-sri-kapileswara-temple-from-jan-05-09-_-%e0%b0%9c%e0%b0%a8%e0%b0%b5%e0%b0%b0%e0%b0%bf-5-%e0%b0%a8%e0%b1%81%e0%b0%82%e0%b0%a1%e0%b0%bf-9%e0%b0%b5-%e0%b0%a4%e0%b1%87%e0%b0%a6%e0%b1%80/
2020-01-07,Teppotsavam,announced_dates,other_temple,minor,TEPPOTSAVAM AT SRI KAPILESWARA TEMPLE FROM JAN 05- 09,https://news.tirumala.org/teppotsavam-at-sri-kapileswara-temple-from-jan-05-09-_-%e0%b0%9c%e0%b0%a8%e0%b0%b5%e0%b0%b0%e0%b0%bf-5-%e0%b0%a8%e0%b1%81%e0%b0%82%e0%b0%a1%e0%b0%bf-9%e0%b0%b5-%e0%b0%a4%e0%b1%87%e0%b0%a6%e0%b1%80/
2020-01-08,Teppotsavam,announced_dates,other_temple,minor,TEPPOTSAVAM AT SRI KAPILESWARA TEMPLE FROM JAN 05- 09,https://news.tirumala.org/teppotsavam-at-sri-kapileswara-temple-from-jan-05-09-_-%e0%b0%9c%e0%b0%a8%e0%b0%b5%e0%b0%b0%e0%b0%bf-5-%e0%b0%a8%e0%b1%81%e0%b0%82%e0%b0%a1%e0%b0%bf-9%e0%b0%b5-%e0%b0%a4%e0%b1%87%e0%b0%a6%e0%b1%80/
2020-01-09,Teppotsavam,announced_dates,other_temple,minor,TEPPOTSAVAM AT SRI KAPILESWARA TEMPLE FROM JAN 05- 09,https://news.tirumala.org/teppotsavam-at-sri-kapileswara-temple-from-jan-05-09-_-%e0%b0%9c%e0%b0%a8%e0%b0%b5%e0%b0%b0%e0%b0%bf-5-%e0%b0%a8%e0%b1%81%e0%b0%82%e0%b0%a1%e0%b0%bf-9%e0%b0%b5-%e0%b0%a4%e0%b1%87%e0%b0%a6%e0%b1%80/
2020-01-10,Garuda Seva,announced_dates,tirumala,minor,SRIVARI GARUDA SEVA CANCELLED ON JANUARY 10,https://news.tirumala.org/%e0%b0%9c%e0%b0%a8%e0%b0%b5%e0%b0%b0%e0%b0%bf-10%e0%b0%b5-%e0%b0%a4%e0%b1%87%e0%b0%a6%e0%b1%80%e0%b0%a8-%e0%b0%a4%e0%b0%bf%e0%b0%b0%e0%b1%81%e0%b0%ae%e0%b0%b2-%e0%b0%b6%e0%b1%8d%e0%b0%b0%e0%b1%80/
2020-01-26,Brahmotsavams,announced_dates,unspecified,major,BRAHMOTSAVAMS OF KADAPA TEMPLE FROM JAN 26- FEB 3,https://news.tirumala.org/brahmotsavams-of-kadapa-temple-from-jan-26-feb-3-_-%e0%b0%9c%e0%b0%a8%e0%b0%b5%e0%b0%b0%e0%b0%bf-26-%e0%b0%a8%e0%b1%81%e0%b0%82%e0%b0%a1%e0%b0%bf-%e0%b0%ab%e0%b0%bf%e0%b0%ac%e0%b1%8d%e0%b0%b0/
2020-01-26,Republic Day,fixed_national_holiday,national,major,fixed calendar date,
2020-01-27,Brahmotsavams,announced_dates,unspecified,major,BRAHMOTSAVAMS OF KADAPA TEMPLE FROM JAN 26- FEB 3,https://news.tirumala.org/brahmotsavams-of-kadapa-temple-from-jan-26-feb-3-_-%e0%b0%9c%e0%b0%a8%e0%b0%b5%e0%b0%b0%e0%b0%bf-26-%e0%b0%a8%e0%b1%81%e0%b0%82%e0%b0%a1%e0%b0%bf-%e0%b0%ab%e0%b0%bf%e0%b0%ac%e0%b1%8d%e0%b0%b0/
2020-01-28,Brahmotsavams,announced_dates,unspecified,major,BRAHMOTSAVAMS OF KADAPA TEMPLE FROM JAN 26- FEB 3,https://news.tirumala.org/brahmotsavams-of-kadapa-temple-from-jan-26-feb-3-_-%e0%b0%9c%e0%b0%a8%e0%b0%b5%e0%b0%b0%e0%b0%bf-26-%e0%b0%a8%e0%b1%81%e0%b0%82%e0%b0%a1%e0%b0%bf-%e0%b0%ab%e0%b0%bf%e0%b0%ac%e0%b1%8d%e0%b0%b0/
2020-01-29,Brahmotsavams,announced_dates,unspecified,major,BRAHMOTSAVAMS OF KADAPA TEMPLE FROM JAN 26- FEB 3,https://news.tirumala.org/brahmotsavams-of-kadapa-temple-from-jan-26-feb-3-_-%e0%b0%9c%e0%b0%a8%e0%b0%b5%e0%b0%b0%e0%b0%bf-26-%e0%b0%a8%e0%b1%81%e0%b0%82%e0%b0%a1%e0%b0%bf-%e0%b0%ab%e0%b0%bf%e0%b0%ac%e0%b1%8d%e0%b0%b0/
2020-01-30,Brahmotsavams,announced_dates,unspecified,major,BRAHMOTSAVAMS OF KADAPA TEMPLE FROM JAN 26- FEB 3,https://news.tirumala.org/brahmotsavams-of-kadapa-temple-from-jan-26-feb-3-_-%e0%b0%9c%e0%b0%a8%e0%b0%b5%e0%b0%b0%e0%b0%bf-26-%e0%b0%a8%e0%b1%81%e0%b0%82%e0%b0%a1%e0%b0%bf-%e0%b0%ab%e0%b0%bf%e0%b0%ac%e0%b1%8d%e0%b0%b0/
2020-01-31,Brahmotsavams,announced_dates,unspecified,major,BRAHMOTSAVAMS OF KADAPA TEMPLE FROM JAN 26- FEB 3,https://news.tirumala.org/brahmotsavams-of-kadapa-temple-from-jan-26-feb-3-_-%e0%b0%9c%e0%b0%a8%e0%b0%b5%e0%b0%b0%e0%b0%bf-26-%e0%b0%a8%e0%b1%81%e0%b0%82%e0%b0%a1%e0%b0%bf-%e0%b0%ab%e0%b0%bf%e0%b0%ac%e0%b1%8d%e0%b0%b0/
2020-02-01,Brahmotsavams,announced_dates,unspecified,major,BRAHMOTSAVAMS OF KADAPA TEMPLE FROM JAN 26- FEB 3,https://news.tirumala.org/brahmotsavams-of-kadapa-temple-from-jan-26-feb-3-_-%e0%b0%9c%e0%b0%a8%e0%b0%b5%e0%b0%b0%e0%b0%bf-26-%e0%b0%a8%e0%b1%81%e0%b0%82%e0%b0%a1%e0%b0%bf-%e0%b0%ab%e0%b0%bf%e0%b0%ac%e0%b1%8d%e0%b0%b0/
2020-02-01,Rathasapthami,announced_dates,unspecified,major,RATHA SAPTHAMI AT ALL TTD LOCAL TEMPLES ON FEB 1,https://news.tirumala.org/%e0%b0%9f%e0%b0%bf%e0%b0%9f%e0%b0%bf%e0%b0%a1%e0%b0%bf-%e0%b0%b8%e0%b1%8d%e0%b0%a5%e0%b0%be%e0%b0%a8%e0%b0%bf%e0%b0%95%e0%b0%be%e0%b0%b2%e2%80%8c%e0%b0%af%e0%b0%be%e0%b0%b2%e0%b1%8d%e0%b0%b2%e0%b1%8b/
2020-02-02,Brahmotsavams,announced_dates,unspecified,major,BRAHMOTSAVAMS OF KADAPA TEMPLE FROM JAN 26- FEB 3,https://news.tirumala.org/brahmotsavams-of-kadapa-temple-from-jan-26-feb-3-_-%e0%b0%9c%e0%b0%a8%e0%b0%b5%e0%b0%b0%e0%b0%bf-26-%e0%b0%a8%e0%b1%81%e0%b0%82%e0%b0%a1%e0%b0%bf-%e0%b0%ab%e0%b0%bf%e0%b0%ac%e0%b1%8d%e0%b0%b0/
2020-02-02,Teppotsavam,announced_dates,unspecified,minor,ANNUAL TEPPOTSAVAM OF SRI GRT FROM FEBRUARY 2-8,https://news.tirumala.org/87358-2/
2020-02-03,Brahmotsavams,announced_dates,unspecified,major,BRAHMOTSAVAMS OF KADAPA TEMPLE FROM JAN 26- FEB 3,https://news.tirumala.org/brahmotsavams-of-kadapa-temple-from-jan-26-feb-3-_-%e0%b0%9c%e0%b0%a8%e0%b0%b5%e0%b0%b0%e0%b0%bf-26-%e0%b0%a8%e0%b1%81%e0%b0%82%e0%b0%a1%e0%b0%bf-%e0%b0%ab%e0%b0%bf%e0%b0%ac%e0%b1%8d%e0%b0%b0/
2020-02-03,Teppotsavam,announced_dates,unspecified,minor,ANNUAL TEPPOTSAVAM OF SRI GRT FROM FEBRUARY 2-8,https://news.tirumala.org/87358-2/
2020-02-04,Teppotsavam,announced_dates,unspecified,minor,ANNUAL TEPPOTSAVAM OF SRI GRT FROM FEBRUARY 2-8,https://news.tirumala.org/87358-2/
2020-02-05,Teppotsavam,announced_dates,unspecified,minor,ANNUAL TEPPOTSAVAM OF SRI GRT FROM FEBRUARY 2-8,https://news.tirumala.org/87358-2/
2020-02-06,Teppotsavam,announced_dates,unspecified,minor,ANNUAL TEPPOTSAVAM OF SRI GRT FROM FEBRUARY 2-8,https://news.tirumala.org/87358-2/
2020-02-07,Teppotsavam,announced_dates,unspecified,minor,ANNUAL TEPPOTSAVAM OF SRI GRT FROM FEBRUARY 2-8,https://news.tirumala.org/87358-2/
2020-02-08,Teppotsavam,announced_dates,unspecified,minor,ANNUAL TEPPOTSAVAM OF SRI GRT FROM FEBRUARY 2-8,https://news.tirumala.org/87358-2/
2020-02-09,Garuda Seva,announced_dates,unspecified,minor,POURNAMI GARUDA SEVA ON FEBRUARY 9,https://news.tirumala.org/%e0%b0%ab%e0%b0%bf%e0%b0%ac%e0%b1%8d%e0%b0%b0%e2%80%8c%e0%b0%b5%e2%80%8c%e0%b0%b0%e0%b0%bf-9%e0%b0%a8-%e0%b0%aa%e0%b1%8c%e0%b0%b0%e0%b1%8d%e0%b0%a3%e0%b0%ae%e0%b0%bf-%e0%b0%97%e0%b0%b0%e0%b1%81/
2020-02-18,Garuda Seva,announced_dates,unspecified,minor,GARUDA VAHANAM OF SRI KVT BTU ON FEB 18,https://news.tirumala.org/%e0%b0%ab%e0%b0%bf%e0%b0%ac%e0%b1%8d%e0%b0%b0%e0%b0%b5%e0%b0%b0%e0%b0%bf-18%e0%b0%a8-%e0%b0%b6%e0%b1%8d%e0%b0%b0%e0%b1%80-%e0%b0%95%e0%b0%b2%e0%b1%8d%e0%b0%af%e0%b0%be%e0%b0%a3-%e0%b0%b5%e0%b1%87/
2020-02-19,Maha Shivaratri,same_day_report,unspecified,major,MAHA SHIVARATRI CELEBRATIONS AT SRI SESHACHALA LINGESWARA TEMPLE FROM 20-22,https://news.tirumala.org/maha-shivaratri-celebrations-at-sri-seshachala-lingeswara-temple-from-20-22-_-%e0%b0%ab%e0%b0%bf%e0%b0%ac%e0%b1%8d%e0%b0%b0%e2%80%8c%e0%b0%b5%e2%80%8c%e0%b0%b0%e0%b0%bf-20-%e0%b0%a8%e0%b1%81%e0%b0%82/
2020-03-02,Brahmotsavams,announced_dates,unspecified,major,BRAHMOTSAVAMS OF SRI LAKSHMI NARASIMHA SWAMY TEMPLE AT TARIGONDA FROM MARCH 2-10,https://news.tirumala.org/%e0%b0%ae%e0%b0%be%e0%b0%b0%e0%b1%8d%e0%b0%9a%e0%b0%bf-2-%e0%b0%a8%e0%b1%81%e0%b0%82%e0%b0%a1%e0%b0%bf-10%e0%b0%b5-%e0%b0%a4%e0%b1%87%e0%b0%a6%e0%b1%80-%e0%b0%b5%e0%b0%b0%e0%b0%95%e0%b1%81-%e0%b0%a4/
2020-03-03,Brahmotsavams,announced_dates,unspecified,major,BRAHMOTSAVAMS OF SRI LAKSHMI NARASIMHA SWAMY TEMPLE AT TARIGONDA FROM MARCH 2-10,https://news.tirumala.org/%e0%b0%ae%e0%b0%be%e0%b0%b0%e0%b1%8d%e0%b0%9a%e0%b0%bf-2-%e0%b0%a8%e0%b1%81%e0%b0%82%e0%b0%a1%e0%b0%bf-10%e0%b0%b5-%e0%b0%a4%e0%b1%87%e0%b0%a6%e0%b1%80-%e0%b0%b5%e0%b0%b0%e0%b0%95%e0%b1%81-%e0%b0%a4/
2020-03-04,Brahmotsavams,announced_dates,unspecified,major,BRAHMOTSAVAMS OF SRI LAKSHMI NARASIMHA SWAMY TEMPLE AT TARIGONDA FROM MARCH 2-10,https://news.tirumala.org/%e0%b0%ae%e0%b0%be%e0%b0%b0%e0%b1%8d%e0%b0%9a%e0%b0%bf-2-%e0%b0%a8%e0%b1%81%e0%b0%82%e0%b0%a1%e0%b0%bf-10%e0%b0%b5-%e0%b0%a4%e0%b1%87%e0%b0%a6%e0%b1%80-%e0%b0%b5%e0%b0%b0%e0%b0%95%e0%b1%81-%e0%b0%a4/
2020-03-05,Brahmotsavams,announced_dates,unspecified,major,BRAHMOTSAVAMS OF SRI LAKSHMI NARASIMHA SWAMY TEMPLE AT TARIGONDA FROM MARCH 2-10,https://news.tirumala.org/%e0%b0%ae%e0%b0%be%e0%b0%b0%e0%b1%8d%e0%b0%9a%e0%b0%bf-2-%e0%b0%a8%e0%b1%81%e0%b0%82%e0%b0%a1%e0%b0%bf-10%e0%b0%b5-%e0%b0%a4%e0%b1%87%e0%b0%a6%e0%b1%80-%e0%b0%b5%e0%b0%b0%e0%b0%95%e0%b1%81-%e0%b0%a4/
2020-03-05,Teppotsavam,announced_dates,tirumala,minor,ALL SET FOR ANNUAL SRIVARI TEPPOTSAVAM FROM MARCH 5-9,https://news.tirumala.org/%e0%b0%a4%e0%b0%bf%e0%b0%b0%e0%b1%81%e0%b0%ae%e0%b0%b2%e0%b0%b2%e0%b1%8b-%e0%b0%b6%e0%b1%8d%e0%b0%b0%e0%b1%80%e2%80%8c%e0%b0%b5%e0%b0%be%e0%b0%b0%e0%b0%bf-%e0%b0%b8%e0%b0%be%e0%b0%b2%e0%b0%95%e0%b0%9f/
2020-03-06,Brahmotsavams,announced_dates,unspecified,major,BRAHMOTSAVAMS OF SRI LAKSHMI NARASIMHA SWAMY TEMPLE AT TARIGONDA FROM MARCH 2-10,https://news.tirumala.org/%e0%b0%ae%e0%b0%be%e0%b0%b0%e0%b1%8d%e0%b0%9a%e0%b0%bf-2-%e0%b0%a8%e0%b1%81%e0%b0%82%e0%b0%a1%e0%b0%bf-10%e0%b0%b5-%e0%b0%a4%e0%b1%87%e0%b0%a6%e0%b1%80-%e0%b0%b5%e0%b0%b0%e0%b0%95%e0%b1%81-%e0%b0%a4/
2020-03-06,Srivari Annual Brahmotsavams,announced_dates,unspecified,major,ANNUAL BRAHMOTSAVAMS OF ANANTAVARAM SV TEMPLE FROM MARCH 6-10,https://news.tirumala.org/%e0%b0%ae%e0%b0%be%e0%b0%b0%e0%b1%8d%e0%b0%9a%e0%b0%bf-6-%e0%b0%a8%e0%b1%81%e0%b0%82%e0%b0%9a%e0%b0%bf-10%e0%b0%b5-%e0%b0%a4%e0%b1%87%e0%b0%a6%e0%b1%80-%e0%b0%b5%e0%b0%b0%e0%b0%95%e0%b1%81-%e0%b0%85-2/
2020-03-06,Teppotsavam,announced_dates,tirumala,minor,ALL SET FOR ANNUAL SRIVARI TEPPOTSAVAM FROM MARCH 5-9,https://news.tirumala.org/%e0%b0%a4%e0%b0%bf%e0%b0%b0%e0%b1%81%e0%b0%ae%e0%b0%b2%e0%b0%b2%e0%b1%8b-%e0%b0%b6%e0%b1%8d%e0%b0%b0%e0%b1%80%e2%80%8c%e0%b0%b5%e0%b0%be%e0%b0%b0%e0%b0%bf-%e0%b0%b8%e0%b0%be%e0%b0%b2%e0%b0%95%e0%b0%9f/
2020-03-07,Brahmotsavams,announced_dates,unspecified,major,BRAHMOTSAVAMS OF SRI LAKSHMI NARASIMHA SWAMY TEMPLE AT TARIGONDA FROM MARCH 2-10,https://news.tirumala.org/%e0%b0%ae%e0%b0%be%e0%b0%b0%e0%b1%8d%e0%b0%9a%e0%b0%bf-2-%e0%b0%a8%e0%b1%81%e0%b0%82%e0%b0%a1%e0%b0%bf-10%e0%b0%b5-%e0%b0%a4%e0%b1%87%e0%b0%a6%e0%b1%80-%e0%b0%b5%e0%b0%b0%e0%b0%95%e0%b1%81-%e0%b0%a4/
2020-03-07,Srivari Annual Brahmotsavams,announced_dates,unspecified,major,ANNUAL BRAHMOTSAVAMS OF ANANTAVARAM SV TEMPLE FROM MARCH 6-10,https://news.tirumala.org/%e0%b0%ae%e0%b0%be%e0%b0%b0%e0%b1%8d%e0%b0%9a%e0%b0%bf-6-%e0%b0%a8%e0%b1%81%e0%b0%82%e0%b0%9a%e0%b0%bf-10%e0%b0%b5-%e0%b0%a4%e0%b1%87%e0%b0%a6%e0%b1%80-%e0%b0%b5%e0%b0%b0%e0%b0%95%e0%b1%81-%e0%b0%85-2/
2020-03-07,Teppotsavam,announced_dates,tirumala,minor,ALL SET FOR ANNUAL SRIVARI TEPPOTSAVAM FROM MARCH 5-9,https://news.tirumala.org/%e0%b0%a4%e0%b0%bf%e0%b0%b0%e0%b1%81%e0%b0%ae%e0%b0%b2%e0%b0%b2%e0%b1%8b-%e0%b0%b6%e0%b1%8d%e0%b0%b0%e0%b1%80%e2%80%8c%e0%b0%b5%e0%b0%be%e0%b0%b0%e0%b0%bf-%e0%b0%b8%e0%b0%be%e0%b0%b2%e0%b0%95%e0%b0%9f/
2020-03-08,Brahmotsavams,announced_dates,unspecified,major,BRAHMOTSAVAMS OF SRI LAKSHMI NARASIMHA SWAMY TEMPLE AT TARIGONDA FROM MARCH 2-10,https://news.tirumala.org/%e0%b0%ae%e0%b0%be%e0%b0%b0%e0%b1%8d%e0%b0%9a%e0%b0%bf-2-%e0%b0%a8%e0%b1%81%e0%b0%82%e0%b0%a1%e0%b0%bf-10%e0%b0%b5-%e0%b0%a4%e0%b1%87%e0%b0%a6%e0%b1%80-%e0%b0%b5%e0%b0%b0%e0%b0%95%e0%b1%81-%e0%b0%a4/
2020-03-08,Srivari Annual Brahmotsavams,announced_dates,unspecified,major,ANNUAL BRAHMOTSAVAMS OF ANANTAVARAM SV TEMPLE FROM MARCH 6-10,https://news.tirumala.org/%e0%b0%ae%e0%b0%be%e0%b0%b0%e0%b1%8d%e0%b0%9a%e0%b0%bf-6-%e0%b0%a8%e0%b1%81%e0%b0%82%e0%b0%9a%e0%b0%bf-10%e0%b0%b5-%e0%b0%a4%e0%b1%87%e0%b0%a6%e0%b1%80-%e0%b0%b5%e0%b0%b0%e0%b0%95%e0%b1%81-%e0%b0%85-2/
2020-03-08,Teppotsavam,announced_dates,tirumala,minor,ALL SET FOR ANNUAL SRIVARI TEPPOTSAVAM FROM MARCH 5-9,https://news.tirumala.org/%e0%b0%a4%e0%b0%bf%e0%b0%b0%e0%b1%81%e0%b0%ae%e0%b0%b2%e0%b0%b2%e0%b1%8b-%e0%b0%b6%e0%b1%8d%e0%b0%b0%e0%b1%80%e2%80%8c%e0%b0%b5%e0%b0%be%e0%b0%b0%e0%b0%bf-%e0%b0%b8%e0%b0%be%e0%b0%b2%e0%b0%95%e0%b0%9f/
2020-03-09,Brahmotsavams,announced_dates,unspecified,major,BRAHMOTSAVAMS OF SRI LAKSHMI NARASIMHA SWAMY TEMPLE AT TARIGONDA FROM MARCH 2-10,https://news.tirumala.org/%e0%b0%ae%e0%b0%be%e0%b0%b0%e0%b1%8d%e0%b0%9a%e0%b0%bf-2-%e0%b0%a8%e0%b1%81%e0%b0%82%e0%b0%a1%e0%b0%bf-10%e0%b0%b5-%e0%b0%a4%e0%b1%87%e0%b0%a6%e0%b1%80-%e0%b0%b5%e0%b0%b0%e0%b0%95%e0%b1%81-%e0%b0%a4/
2020-03-09,Srivari Annual Brahmotsavams,announced_dates,unspecified,major,ANNUAL BRAHMOTSAVAMS OF ANANTAVARAM SV TEMPLE FROM MARCH 6-10,https://news.tirumala.org/%e0%b0%ae%e0%b0%be%e0%b0%b0%e0%b1%8d%e0%b0%9a%e0%b0%bf-6-%e0%b0%a8%e0%b1%81%e0%b0%82%e0%b0%9a%e0%b0%bf-10%e0%b0%b5-%e0%b0%a4%e0%b1%87%e0%b0%a6%e0%b1%80-%e0%b0%b5%e0%b0%b0%e0%b0%95%e0%b1%81-%e0%b0%85-2/
2020-03-09,Teppotsavam,announced_dates,tirumala,minor,ALL SET FOR ANNUAL SRIVARI TEPPOTSAVAM FROM MARCH 5-9,https://news.tirumala.org/%e0%b0%a4%e0%b0%bf%e0%b0%b0%e0%b1%81%e0%b0%ae%e0%b0%b2%e0%b0%b2%e0%b1%8b-%e0%b0%b6%e0%b1%8d%e0%b0%b0%e0%b1%80%e2%80%8c%e0%b0%b5%e0%b0%be%e0%b0%b0%e0%b0%bf-%e0%b0%b8%e0%b0%be%e0%b0%b2%e0%b0%95%e0%b0%9f/
2020-03-10,Brahmotsavams,announced_dates,unspecified,major,BRAHMOTSAVAMS OF SRI LAKSHMI NARASIMHA SWAMY TEMPLE AT TARIGONDA FROM MARCH 2-10,https://news.tirumala.org/%e0%b0%ae%e0%b0%be%e0%b0%b0%e0%b1%8d%e0%b0%9a%e0%b0%bf-2-%e0%b0%a8%e0%b1%81%e0%b0%82%e0%b0%a1%e0%b0%bf-10%e0%b0%b5-%e0%b0%a4%e0%b1%87%e0%b0%a6%e0%b1%80-%e0%b0%b5%e0%b0%b0%e0%b0%95%e0%b1%81-%e0%b0%a4/
2020-03-10,Srivari Annual Brahmotsavams,announced_dates,unspecified,major,ANNUAL BRAHMOTSAVAMS OF ANANTAVARAM SV TEMPLE FROM MARCH 6-10,https://news.tirumala.org/%e0%b0%ae%e0%b0%be%e0%b0%b0%e0%b1%8d%e0%b0%9a%e0%b0%bf-6-%e0%b0%a8%e0%b1%81%e0%b0%82%e0%b0%9a%e0%b0%bf-10%e0%b0%b5-%e0%b0%a4%e0%b1%87%e0%b0%a6%e0%b1%80-%e0%b0%b5%e0%b0%b0%e0%b0%95%e0%b1%81-%e0%b0%85-2/
2020-03-23,Teppotsavam,announced_dates,unspecified,minor,"SURYA PUJOTSAVAM AND TEPPOTSAVAM OF SRI VEDA NARAYANA SWAMY TEMPLE, NAGALAPURAM FROM MARCH 23-27",https://news.tirumala.org/%e0%b0%ae%e0%b0%be%e0%b0%b0%e0%b1%8d%e0%b0%9a%e0%b0%bf-23-%e0%b0%a8%e0%b1%81%e0%b0%82%e0%b0%a1%e0%b0%bf-27%e0%b0%b5-%e0%b0%a4%e0%b1%87%e0%b0%a6%e0%b1%80-%e0%b0%b5%e0%b0%b0%e0%b0%95%e0%b1%81-%e0%b0%b6/
2020-03-24,Teppotsavam,announced_dates,unspecified,minor,"SURYA PUJOTSAVAM AND TEPPOTSAVAM OF SRI VEDA NARAYANA SWAMY TEMPLE, NAGALAPURAM FROM MARCH 23-27",https://news.tirumala.org/%e0%b0%ae%e0%b0%be%e0%b0%b0%e0%b1%8d%e0%b0%9a%e0%b0%bf-23-%e0%b0%a8%e0%b1%81%e0%b0%82%e0%b0%a1%e0%b0%bf-27%e0%b0%b5-%e0%b0%a4%e0%b1%87%e0%b0%a6%e0%b1%80-%e0%b0%b5%e0%b0%b0%e0%b0%95%e0%b1%81-%e0%b0%b6/
2020-03-25,Teppotsavam,announced_dates,unspecified,minor,"SURYA PUJOTSAVAM AND TEPPOTSAVAM OF SRI VEDA NARAYANA SWAMY TEMPLE, NAGALAPURAM FROM MARCH 23-27",https://news.tirumala.org/%e0%b0%ae%e0%b0%be%e0%b0%b0%e0%b1%8d%e0%b0%9a%e0%b0%bf-23-%e0%b0%a8%e0%b1%81%e0%b0%82%e0%b0%a1%e0%b0%bf-27%e0%b0%b5-%e0%b0%a4%e0%b1%87%e0%b0%a6%e0%b1%80-%e0%b0%b5%e0%b0%b0%e0%b0%95%e0%b1%81-%e0%b0%b6/
2020-03-25,Ugadi,announced_dates,unspecified,major,TTD UGADI CELEBRATIONS ON MARCH 25,https://news.tirumala.org/%e0%b0%ae%e0%b0%be%e0%b0%b0%e0%b1%8d%e0%b0%9a%e0%b0%bf-25%e0%b0%a8-%e0%b0%85%e0%b0%a8%e0%b1%8d%e0%b0%a8%e2%80%8c%e0%b0%ae%e0%b0%be%e0%b0%9a%e0%b0%be%e0%b0%b0%e0%b1%8d%e0%b0%af-%e0%b0%95%e2%80%8c/
2020-03-26,Teppotsavam,announced_dates,unspecified,minor,"SURYA PUJOTSAVAM AND TEPPOTSAVAM OF SRI VEDA NARAYANA SWAMY TEMPLE, NAGALAPURAM FROM MARCH 23-27",https://news.tirumala.org/%e0%b0%ae%e0%b0%be%e0%b0%b0%e0%b1%8d%e0%b0%9a%e0%b0%bf-23-%e0%b0%a8%e0%b1%81%e0%b0%82%e0%b0%a1%e0%b0%bf-27%e0%b0%b5-%e0%b0%a4%e0%b1%87%e0%b0%a6%e0%b1%80-%e0%b0%b5%e0%b0%b0%e0%b0%95%e0%b1%81-%e0%b0%b6/
2020-03-27,Teppotsavam,announced_dates,unspecified,minor,"SURYA PUJOTSAVAM AND TEPPOTSAVAM OF SRI VEDA NARAYANA SWAMY TEMPLE, NAGALAPURAM FROM MARCH 23-27",https://news.tirumala.org/%e0%b0%ae%e0%b0%be%e0%b0%b0%e0%b1%8d%e0%b0%9a%e0%b0%bf-23-%e0%b0%a8%e0%b1%81%e0%b0%82%e0%b0%a1%e0%b0%bf-27%e0%b0%b5-%e0%b0%a4%e0%b1%87%e0%b0%a6%e0%b1%80-%e0%b0%b5%e0%b0%b0%e0%b0%95%e0%b1%81-%e0%b0%b6/
2020-04-02,Brahmotsavams,same_day_report,other_temple,major,BRAHMOTSAVAMS COMMENCE AT VONTIMITTA SRI KODANDARAMA SWAMY TEMPLE WITH DWAJAROHANAM,https://news.tirumala.org/brahmotsavams-commence-at-vontimitta-sri-kodandarama-swamy-temple-with-dwajarohanam-_-%e0%b0%a7%e0%b1%8d%e0%b0%b5%e0%b0%9c%e0%b0%be%e0%b0%b0%e0%b1%8b%e0%b0%b9%e0%b0%a3%e0%b0%82%e0%b0%a4%e0%b1%8b/
2020-04-02,Sri Rama Navami,same_day_report,tirumala,major,SRI RAMA NAVAMI ASTHANAM HELD AT SRIVARI TEMPLE,https://news.tirumala.org/%e0%b0%b6%e0%b1%8d%e0%b0%b0%e0%b1%80%e0%b0%b5%e0%b0%be%e0%b0%b0%e0%b0%bf-%e0%b0%86%e0%b0%b2%e0%b0%af%e0%b0%82%e0%b0%b2%e0%b1%8b-%e0%b0%98%e0%b0%a8%e0%b0%82%e0%b0%97%e0%b0%be-%e0%b0%b6%e0%b1%8d/
2020-04-05,Vasanthotsavam,same_day_report,tirumala,minor,ANNUAL VASANTHOTSAVAM BEGINS AT SRIVARI TEMPLE,https://news.tirumala.org/%e0%b0%b6%e0%b1%8d%e0%b0%b0%e0%b1%80%e2%80%8c%e0%b0%b5%e0%b0%be%e0%b0%b0%e0%b0%bf-%e0%b0%86%e0%b0%b2%e2%80%8c%e0%b0%af%e0%b0%82%e0%b0%b2%e0%b1%8b-%e0%b0%b5%e0%b0%b8%e0%b0%82%e0%b0%a4%e0%b1%8b%e0%b0%a4/
2020-04-06,Vasanthotsavam,same_day_report,unspecified,minor,VASANTHOTSAVAM PERFORMED,https://news.tirumala.org/vasanthotsavam-performed/
2020-04-07,Vasanthotsavam,same_day_report,unspecified,minor,ANNUAL VASANTHOTSAVAM CONCLUDES,https://news.tirumala.org/annual-vasanthotsavam-concludes-_-%e0%b0%ae%e0%b1%81%e0%b0%97%e0%b0%bf%e0%b0%b8%e0%b0%bf%e0%b0%a8-%e0%b0%b6%e0%b1%8d%e0%b0%b0%e0%b1%80%e0%b0%b5%e0%b0%be%e0%b0%b0%e0%b0%bf-%e0%b0%b8%e0%b0%be%e0%b0%b2/
2020-05-05,Vasanthotsavam,same_day_report,unspecified,minor,ANKURARPANAM FOR VASANTHOTSAVAM PERFORMED,https://news.tirumala.org/ankurarpanam-for-vasanthotsavam-performed-_-%e0%b0%b6%e0%b1%8d%e0%b0%b0%e0%b1%80-%e0%b0%aa%e0%b0%a6%e0%b1%8d%e0%b0%ae%e0%b0%be%e0%b0%b5%e0%b0%a4%e0%b0%bf-%e0%b0%85%e0%b0%ae%e0%b1%8d%e0%b0%ae%e0%b0%b5/
2020-05-06,Vasanthotsavam,same_day_report,unspecified,minor,VASANTHOTSAVAM COMMENCES,https://news.tirumala.org/vasanthotsavam-commences-_-%e0%b0%a4%e0%b0%bf%e0%b0%b0%e0%b1%81%e0%b0%9a%e0%b0%be%e0%b0%a8%e0%b1%82%e0%b0%b0%e0%b1%81-%e0%b0%b6%e0%b1%8d%e0%b0%b0%e0%b1%80-%e0%b0%aa%e0%b0%a6%e0%b1%8d%e0%b0%ae%e0%b0%be/
2020-05-08,Vasanthotsavam,same_day_report,unspecified,minor,VASANTHOTSAVAMS CONCLUDES,https://news.tirumala.org/vasanthotsavams-concludes-_-%e0%b0%a4%e0%b0%bf%e0%b0%b0%e0%b1%81%e0%b0%9a%e0%b0%be%e0%b0%a8%e0%b1%82%e0%b0%b0%e0%b1%81%e0%b0%b2%e0%b1%8b-%e0%b0%ae%e0%b1%81%e0%b0%97%e0%b0%bf%e0%b0%b8%e0%b0%bf%e0%b0%a8/
2020-05-11,Vasanthotsavam,same_day_report,unspecified,minor,VASANTHOTSAVAMS COMMENCES AT SKVST,https://news.tirumala.org/vasanthotsavams-commences-at-skvst/
2020-05-13,Vasanthotsavam,same_day_report,unspecified,minor,VASANTHOTSAVAMS CONCLUDES,https://news.tirumala.org/auto-draft-14/
2020-05-17,Hanuman Jayanti,same_day_report,unspecified,major,HANUMAN JAYANTHI OBSERVED,https://news.tirumala.org/hanuman-jayanthi-observed-_-%e0%b0%a4%e0%b0%bf%e0%b0%b0%e0%b1%81%e0%b0%ae%e0%b0%b2%e0%b0%b2%e0%b1%8b-%e0%b0%b9%e0%b0%a8%e0%b1%81%e0%b0%ae%e0%b0%9c%e0%b1%8d%e0%b0%9c%e0%b0%af%e0%b0%82/
2020-06-01,Teppotsavam,same_day_report,unspecified,minor,TEPPOTSAVAMS COMMENCED AT SRI PAT,https://news.tirumala.org/teppotsavams-commenced-at-sri-pat-_-%e0%b0%a4%e0%b0%bf%e0%b0%b0%e0%b1%81%e0%b0%9a%e0%b0%be%e0%b0%a8%e0%b1%82%e0%b0%b0%e0%b1%81-%e0%b0%b6%e0%b1%8d%e0%b0%b0%e0%b1%80-%e0%b0%aa%e0%b0%a6%e0%b1%8d%e0%b0%ae/
2020-06-02,Brahmotsavams,same_day_report,other_temple,major,BRAHMOTSAVAM OF SRI PRASANNA VENKATESWARA SWAMY TEMPLE BEGINS WITH DWAJAROHANAM,https://news.tirumala.org/brahmotsavam-of-sri-prasanna-venkateswara-swamy-temple-begins-with-dwajarohanam-_-%e0%b0%a7%e0%b1%8d%e0%b0%b5%e0%b0%9c%e0%b0%be%e0%b0%b0%e0%b1%8b%e0%b0%b9%e0%b0%a3%e0%b0%82%e0%b0%a4%e0%b1%8b-%e0%b0%aa/
2020-06-05,Teppotsavam,same_day_report,unspecified,minor,SRI PAT TEPPOTSAVAM CONCLUDES,https://news.tirumala.org/%e0%b0%ae%e0%b1%81%e0%b0%97%e0%b0%bf%e0%b0%b8%e0%b0%bf%e0%b0%a8-%e0%b0%a4%e0%b0%bf%e0%b0%b0%e0%b1%81%e0%b0%9a%e0%b0%be%e0%b0%a8%e0%b1%82%e0%b0%b0%e0%b1%81-%e0%b0%b6%e0%b1%8d%e0%b0%b0%e0%b1%80/
2020-06-27,Garuda Seva,same_day_report,unspecified,minor,KALYANA VENKANNA RIDES GARUDA VAHANAM- SAKSHATKARA VAIBHOTSAVAMS CONCLUDES AT SKVST,https://news.tirumala.org/kalyana-venkanna-rides-garuda-vahanam-sakshatkara-vaibhotsavams-concludes-at-skvst-_-%e0%b0%97%e2%80%8c%e0%b0%b0%e0%b1%81%e0%b0%a1-%e0%b0%b5%e0%b0%be%e0%b0%b9%e2%80%8c%e0%b0%a8%e0%b0%82%e0%b0%aa/
2020-07-02,Pavitrotsavam,same_day_report,unspecified,minor,PAVITROTSAVAMS COMMENCE AT SKT,https://news.tirumala.org/%e0%b0%b6%e0%b1%8d%e0%b0%b0%e0%b1%80-%e0%b0%95%e0%b0%aa%e0%b0%bf%e0%b0%b2%e0%b1%87%e0%b0%b6%e0%b1%8d%e0%b0%b5%e0%b0%b0%e0%b0%be%e0%b0%b2%e0%b0%af%e0%b0%82%e0%b0%b2%e0%b1%8b-%e0%b0%aa%e0%b0%b5%e0%b0%bf/
2020-07-03,Pavitrotsavam,announced_dates,unspecified,minor,PAVITHROTSAVAM FESTIVAL AT SRI KT FROM JULY 2 TO JULY 4,https://news.tirumala.org/%e0%b0%9c%e0%b1%82%e0%b0%b2%e0%b1%88-1-%e0%b0%a8%e0%b1%81%e0%b0%82%e0%b0%9a%e0%b0%bf-%e0%b0%b6%e0%b1%8d%e0%b0%b0%e0%b1%80-%e0%b0%95%e0%b0%aa%e0%b0%bf%e0%b0%b2%e0%b1%87%e0%b0%b6%e0%b1%8d%e0%b0%b5/
2020-07-04,Pavitrotsavam,same_day_report,unspecified,minor,PAVITROTSAVAMS CONCLUDES IN KT,https://news.tirumala.org/99354-2/
2020-07-05,Garuda Seva,same_day_report,unspecified,minor,POURNAMI GARUDA SEVA HELD,https://news.tirumala.org/pournami-garuda-seva-held-_-%e0%b0%a4%e0%b0%bf%e0%b0%b0%e0%b1%81%e0%b0%ae%e0%b0%b2%e0%b0%b2%e0%b1%8b-%e0%b0%aa%e0%b1%8c%e0%b0%b0%e0%b1%8d%e0%b0%a3%e0%b0%ae%e0%b0%bf-%e0%b0%97%e0%b0%b0%e0%b1%81/
2020-07-16,Anivara Asthanam,same_day_report,unspecified,minor,ANNUAL ACCOUNTS FESTIVAL_ ANIVARA ASTHANAM OBSERVED,https://news.tirumala.org/%e0%b0%b6%e0%b1%8d%e0%b0%b0%e0%b1%80%e0%b0%b5%e0%b0%be%e0%b0%b0%e0%b0%bf-%e0%b0%86%e0%b0%b2%e0%b0%af%e0%b0%82%e0%b0%b2%e0%b1%8b-%e0%b0%b6%e0%b0%be%e0%b0%b8%e0%b1%8d%e0%b0%a4%e0%b1%8d%e0%b0%b0%e0%b1%8b/
2020-07-16,Pavitrotsavam,same_day_report,unspecified,minor,PAVITHROTSAVAM BEGINS IN SRI KRT,https://news.tirumala.org/%e0%b0%b6%e0%b1%8d%e0%b0%b0%e0%b1%80-%e0%b0%95%e0%b1%8b%e0%b0%a6%e0%b0%82%e0%b0%a1%e0%b0%b0%e0%b0%be%e0%b0%ae%e0%b0%be%e0%b0%b2%e0%b0%af%e0%b0%82%e0%b0%b2%e0%b1%8b-%e0%b0%aa%e0%b0%b5%e0%b0%bf%e0%b0%a4/
2020-07-18,Pavitrotsavam,same_day_report,unspecified,minor,PAVITHROTSAVAM CONCLUDES IN SRI KRT,https://news.tirumala.org/pavithrotsavam-concludes-in-sri-krt-_-%e0%b0%b6%e0%b1%8d%e0%b0%b0%e0%b1%80-%e0%b0%95%e0%b1%8b%e0%b0%a6%e0%b0%82%e0%b0%a1%e0%b0%b0%e0%b0%be%e0%b0%ae%e0%b0%be%e0%b0%b2%e0%b0%af%e0%b0%82%e0%b0%b2/
2020-07-25,Garuda Seva,same_day_report,unspecified,minor,GARUDA SEVA OBSERVED ON GARUDA PANCHAMI DAY,https://news.tirumala.org/garuda-seva-observed-on-garuda-panchami-day-_-%e0%b0%97%e2%80%8c%e0%b0%b0%e0%b1%81%e0%b0%a1-%e0%b0%b5%e0%b0%be%e0%b0%b9%e2%80%8c%e0%b0%a8%e0%b0%82%e0%b0%aa%e0%b1%88-%e0%b0%b6%e0%b1%8d%e0%b0%b0/
2020-07-30,Pavitrotsavam,announced_dates,tirumala,minor,SRIVARI PAVITHROTSAVAM FROM JULY 30- AUGUST 1,https://news.tirumala.org/srivari-pavithrotsavam-from-july-30-august-1-_-%e0%b0%9c%e0%b1%82%e0%b0%b2%e0%b1%88-30-%e0%b0%a8%e0%b1%81%e0%b0%82%e0%b0%9a%e0%b0%bf-%e0%b0%86%e0%b0%97%e0%b0%b8%e0%b1%8d%e0%b0%9f%e0%b1%81-1%e0%b0%b5/
2020-07-31,Pavitrotsavam,announced_dates,tirumala,minor,SRIVARI PAVITHROTSAVAM FROM JULY 30- AUGUST 1,https://news.tirumala.org/srivari-pavithrotsavam-from-july-30-august-1-_-%e0%b0%9c%e0%b1%82%e0%b0%b2%e0%b1%88-30-%e0%b0%a8%e0%b1%81%e0%b0%82%e0%b0%9a%e0%b0%bf-%e0%b0%86%e0%b0%97%e0%b0%b8%e0%b1%8d%e0%b0%9f%e0%b1%81-1%e0%b0%b5/
2020-07-31,Varalakshmi Vratam,announced_dates,other_temple,major,VARALAKSHMI VRATHAM AT TIRUCHANOOR ON JULY 31,https://news.tirumala.org/varalakshmi-vratham-at-tiruchanoor-on-july-31-_-%e0%b0%9c%e0%b1%82%e0%b0%b2%e0%b1%88-31%e0%b0%a8-%e0%b0%a4%e0%b0%bf%e0%b0%b0%e0%b1%81%e0%b0%9a%e0%b0%be%e0%b0%a8%e0%b1%82%e0%b0%b0%e0%b1%81-%e0%b0%b6/
2020-08-01,Pavitrotsavam,announced_dates,tirumala,minor,SRIVARI PAVITHROTSAVAM FROM JULY 30- AUGUST 1,https://news.tirumala.org/srivari-pavithrotsavam-from-july-30-august-1-_-%e0%b0%9c%e0%b1%82%e0%b0%b2%e0%b1%88-30-%e0%b0%a8%e0%b1%81%e0%b0%82%e0%b0%9a%e0%b0%bf-%e0%b0%86%e0%b0%97%e0%b0%b8%e0%b1%8d%e0%b0%9f%e0%b1%81-1%e0%b0%b5/
2020-08-03,Garuda Seva,announced_dates,tirumala,minor,SRAVANA POURNAMI GARUDA SEVA ON AUGUST 3 AT TIRUMALA TEMPLE,https://news.tirumala.org/sravana-pournami-garuda-seva-on-august-3-at-tirumala-temple/
2020-08-15,Independence Day,fixed_national_holiday,national,major,fixed calendar date,
2020-08-28,Pavitrotsavam,announced_dates,unspecified,minor,SRI GT PAVITROTSAVAMS FROM AUGUST 28-30,https://news.tirumala.org/sri-gt-pavitrotsavams-from-august-28-30-_-%e0%b0%86%e0%b0%97%e2%80%8c%e0%b0%b8%e0%b1%8d%e0%b0%9f%e0%b1%81-28-%e0%b0%a8%e0%b1%81%e0%b0%82%e0%b0%a1%e0%b0%bf-30%e0%b0%b5-%e0%b0%a4%e0%b1%87%e0%b0%a6/
2020-08-29,Pavitrotsavam,announced_dates,unspecified,minor,SRI GT PAVITROTSAVAMS FROM AUGUST 28-30,https://news.tirumala.org/sri-gt-pavitrotsavams-from-august-28-30-_-%e0%b0%86%e0%b0%97%e2%80%8c%e0%b0%b8%e0%b1%8d%e0%b0%9f%e0%b1%81-28-%e0%b0%a8%e0%b1%81%e0%b0%82%e0%b0%a1%e0%b0%bf-30%e0%b0%b5-%e0%b0%a4%e0%b1%87%e0%b0%a6/
2020-08-30,Pavitrotsavam,announced_dates,unspecified,minor,ANKURARPANAM FOR SRI PAT PAVITROTSAVAM ON AUGUST 30,https://news.tirumala.org/ankurarpanam-for-sri-pat-pavitrotsavam-on-august-30-_-%e0%b0%86%e0%b0%97%e2%80%8c%e0%b0%b8%e0%b1%8d%e0%b0%9f%e0%b1%81-30%e0%b0%a8-%e0%b0%a4%e0%b0%bf%e0%b0%b0%e0%b1%81%e0%b0%9a%e0%b0%be%e0%b0%a8/
2020-08-31,Pavitrotsavam,same_day_report,other_temple,minor,PAVITROTSAVAM COMMENCES AT TIRUCHANOOR,https://news.tirumala.org/pavitrotsavam-commences-at-tiruchanoor-_-%e0%b0%b6%e0%b1%8d%e0%b0%b0%e0%b1%80-%e0%b0%aa%e0%b0%a6%e0%b1%8d%e0%b0%ae%e0%b0%be%e0%b0%b5%e0%b0%a4%e0%b0%bf-%e0%b0%85%e0%b0%ae%e0%b1%8d%e0%b0%ae%e0%b0%b5/
2020-09-02,Garuda Seva,same_day_report,unspecified,minor,POURNAMI GARUDA SEVA OBSERVED,https://news.tirumala.org/pournami-garuda-seva-observed-_-%e0%b0%a4%e0%b0%bf%e0%b0%b0%e0%b1%81%e0%b0%ae%e2%80%8c%e0%b0%b2-%e0%b0%b6%e0%b1%8d%e0%b0%b0%e0%b1%80%e2%80%8c%e0%b0%b5%e0%b0%be%e0%b0%b0%e0%b0%bf-%e0%b0%86%e0%b0%b2/
2020-09-02,Pavitrotsavam,same_day_report,other_temple,minor,PAVITROTSAVAM CONCLUDES AT TIRUCHANOOR,https://news.tirumala.org/pavitrotsavam-concludes-at-tiruchanoor-_-%e0%b0%b6%e0%b1%8d%e0%b0%b0%e0%b1%80-%e0%b0%aa%e0%b0%a6%e0%b1%8d%e0%b0%ae%e0%b0%be%e0%b0%b5%e0%b0%a4%e0%b0%bf-%e0%b0%85%e0%b0%ae%e0%b1%8d%e0%b0%ae%e0%b0%b5/
2020-09-13,Pavitrotsavam,announced_dates,other_temple,minor,PAVITROTSAVAMS AT APPALAYAGUNTA FROM SEPTEMBER 13-16,https://news.tirumala.org/%e0%b0%b8%e0%b1%86%e0%b0%aa%e0%b1%8d%e0%b0%9f%e0%b1%86%e0%b0%82%e0%b0%ac%e0%b0%b0%e0%b1%81-13-%e0%b0%a8%e0%b1%81%e0%b0%82%e0%b0%a1%e0%b0%bf-15%e0%b0%b5-%e0%b0%a4%e0%b1%87%e0%b0%a6%e0%b1%80-%e0%b0%b5/
2020-09-14,Pavitrotsavam,announced_dates,other_temple,minor,PAVITROTSAVAMS AT APPALAYAGUNTA FROM SEPTEMBER 13-16,https://news.tirumala.org/%e0%b0%b8%e0%b1%86%e0%b0%aa%e0%b1%8d%e0%b0%9f%e0%b1%86%e0%b0%82%e0%b0%ac%e0%b0%b0%e0%b1%81-13-%e0%b0%a8%e0%b1%81%e0%b0%82%e0%b0%a1%e0%b0%bf-15%e0%b0%b5-%e0%b0%a4%e0%b1%87%e0%b0%a6%e0%b1%80-%e0%b0%b5/
2020-09-15,Pavitrotsavam,announced_dates,other_temple,minor,PAVITROTSAVAMS AT APPALAYAGUNTA FROM SEPTEMBER 13-16,https://news.tirumala.org/%e0%b0%b8%e0%b1%86%e0%b0%aa%e0%b1%8d%e0%b0%9f%e0%b1%86%e0%b0%82%e0%b0%ac%e0%b0%b0%e0%b1%81-13-%e0%b0%a8%e0%b1%81%e0%b0%82%e0%b0%a1%e0%b0%bf-15%e0%b0%b5-%e0%b0%a4%e0%b1%87%e0%b0%a6%e0%b1%80-%e0%b0%b5/
2020-09-16,Pavitrotsavam,announced_dates,other_temple,minor,PAVITROTSAVAMS AT APPALAYAGUNTA FROM SEPTEMBER 13-16,https://news.tirumala.org/%e0%b0%b8%e0%b1%86%e0%b0%aa%e0%b1%8d%e0%b0%9f%e0%b1%86%e0%b0%82%e0%b0%ac%e0%b0%b0%e0%b1%81-13-%e0%b0%a8%e0%b1%81%e0%b0%82%e0%b0%a1%e0%b0%bf-15%e0%b0%b5-%e0%b0%a4%e0%b1%87%e0%b0%a6%e0%b1%80-%e0%b0%b5/
2020-09-18,Brahmotsavams,announced_dates,unspecified,major,ANKURARPANAM ON SEPTEMBER 18 FOR BRAHMOTSAVAMS,https://news.tirumala.org/%e0%b0%b8%e0%b1%86%e0%b0%aa%e0%b1%8d%e0%b0%9f%e0%b1%86%e0%b0%82%e0%b0%ac%e0%b0%b0%e0%b1%8d-18%e0%b0%a8-%e0%b0%b6%e0%b1%8d%e0%b0%b0%e0%b1%80%e0%b0%b5%e0%b0%be%e0%b0%b0%e0%b0%bf-%e0%b0%b8%e0%b0%be/
2020-09-18,Srivari Annual Brahmotsavams,same_day_report,unspecified,major,ANKURARPANAM HELD FOR ANNUAL BRAHMOTSAVAMS,https://news.tirumala.org/ankurarpanam-held-for-annual-brahmotsavams/
2020-09-19,Srivari Annual Brahmotsavams,announced_dates,tirumala,major,UPAMAKA SRIVARI BRAHMOTSAVAMS FROM SEPTEMBER 18 TO 27,https://news.tirumala.org/upamaka-srivari-brahmotsavams-from-september-18-to-27/
2020-09-20,Srivari Annual Brahmotsavams,announced_dates,tirumala,major,UPAMAKA SRIVARI BRAHMOTSAVAMS FROM SEPTEMBER 18 TO 27,https://news.tirumala.org/upamaka-srivari-brahmotsavams-from-september-18-to-27/
2020-09-21,Srivari Annual Brahmotsavams,announced_dates,tirumala,major,UPAMAKA SRIVARI BRAHMOTSAVAMS FROM SEPTEMBER 18 TO 27,https://news.tirumala.org/upamaka-srivari-brahmotsavams-from-september-18-to-27/
2020-09-22,Srivari Annual Brahmotsavams,announced_dates,tirumala,major,UPAMAKA SRIVARI BRAHMOTSAVAMS FROM SEPTEMBER 18 TO 27,https://news.tirumala.org/upamaka-srivari-brahmotsavams-from-september-18-to-27/
2020-09-23,Srivari Annual Brahmotsavams,announced_dates,tirumala,major,UPAMAKA SRIVARI BRAHMOTSAVAMS FROM SEPTEMBER 18 TO 27,https://news.tirumala.org/upamaka-srivari-brahmotsavams-from-september-18-to-27/
2020-09-24,Srivari Annual Brahmotsavams,announced_dates,tirumala,major,UPAMAKA SRIVARI BRAHMOTSAVAMS FROM SEPTEMBER 18 TO 27,https://news.tirumala.org/upamaka-srivari-brahmotsavams-from-september-18-to-27/
2020-09-25,Srivari Annual Brahmotsavams,announced_dates,tirumala,major,UPAMAKA SRIVARI BRAHMOTSAVAMS FROM SEPTEMBER 18 TO 27,https://news.tirumala.org/upamaka-srivari-brahmotsavams-from-september-18-to-27/
2020-09-26,Srivari Annual Brahmotsavams,announced_dates,tirumala,major,UPAMAKA SRIVARI BRAHMOTSAVAMS FROM SEPTEMBER 18 TO 27,https://news.tirumala.org/upamaka-srivari-brahmotsavams-from-september-18-to-27/
2020-09-27,Srivari Annual Brahmotsavams,same_day_report,unspecified,major,ANNUAL BRAHMOTSAVAMS CONCLUDE WITH DHWAJAVAROHANAM,https://news.tirumala.org/annual-brahmotsavams-conclude-with-dhwajavarohanam/
2020-10-01,Garuda Seva,announced_dates,tirumala,minor,POURNAMI GARUDA SEVA AT TIRUMALA ON OCTOBER 1,https://news.tirumala.org/pournami-garuda-seva-at-tirumala-on-october-1-_-%e0%b0%85%e0%b0%95%e0%b1%8d%e0%b0%9f%e0%b1%8b%e0%b0%ac%e2%80%8c%e0%b0%b0%e0%b1%81-1%e0%b0%a8-%e0%b0%a4%e0%b0%bf%e0%b0%b0%e0%b1%81%e0%b0%ae%e2%80%8c/
2020-10-02,Gandhi Jayanti,fixed_national_holiday,national,major,fixed calendar date,
2020-10-15,Navaratri Brahmotsavams,announced_dates,tirumala,major,ANKURARPANAM OF SRIVARI NAVARATRI BRAHMOTSAVAM ON OCTOBER 15,https://news.tirumala.org/%e0%b0%85%e0%b0%95%e0%b1%8d%e0%b0%9f%e0%b1%8b%e0%b0%ac%e2%80%8c%e0%b0%b0%e0%b1%81-15%e0%b0%a8-%e0%b0%b6%e0%b1%8d%e0%b0%b0%e0%b1%80%e0%b0%b5%e0%b0%be%e0%b0%b0%e0%b0%bf-%e0%b0%a8%e2%80%8c%e0%b0%b5/
2020-10-31,Garuda Seva,announced_dates,unspecified,minor,POURNAMI GARUDA SEVA ON OCTOBER 31,https://news.tirumala.org/%e0%b0%85%e0%b0%95%e0%b1%8d%e0%b0%9f%e0%b1%8b%e0%b0%ac%e2%80%8c%e0%b0%b0%e0%b1%81-31%e0%b0%a8-%e0%b0%a4%e0%b0%bf%e0%b0%b0%e0%b1%81%e0%b0%ae%e2%80%8c%e0%b0%b2%e2%80%8c%e0%b0%b2%e0%b1%8b-%e0%b0%aa/
2020-11-11,Brahmotsavams,same_day_report,other_temple,major,PADMAVATHI AMMAVARI KARTHIKA BRAHMOTSAVAMS BEGINS WITH GAJA DHWAJAROHANAM,https://news.tirumala.org/padmavathi-ammavari-karthika-brahmotsavams-begins-with-gaja-dhwajarohanam-_-%e0%b0%a7%e0%b1%8d%e0%b0%b5%e0%b0%9c%e0%b0%be%e0%b0%b0%e0%b1%8b%e0%b0%b9%e0%b0%a3%e0%b0%82%e0%b0%a4%e0%b1%8b-%e0%b0%b6/
2020-11-11,Pavitrotsavam,announced_dates,other_temple,minor,EKANTHAM PAVITHROTSAVAM OF SRI KALYANA VENKATESWARA SWAMY TEMPLE FROM NOVEMBER 11-13,https://news.tirumala.org/%e0%b0%a8%e2%80%8c%e0%b0%b5%e0%b0%82%e0%b0%ac%e2%80%8c%e0%b0%b0%e0%b1%81-11-%e0%b0%a8%e0%b1%81%e0%b0%82%e0%b0%a1%e0%b0%bf-13%e0%b0%b5-%e0%b0%a4%e0%b1%87%e0%b0%a6%e0%b1%80-%e0%b0%b5%e0%b0%b0%e0%b0%95/
2020-11-12,Pavitrotsavam,announced_dates,other_temple,minor,EKANTHAM PAVITHROTSAVAM OF SRI KALYANA VENKATESWARA SWAMY TEMPLE FROM NOVEMBER 11-13,https://news.tirumala.org/%e0%b0%a8%e2%80%8c%e0%b0%b5%e0%b0%82%e0%b0%ac%e2%80%8c%e0%b0%b0%e0%b1%81-11-%e0%b0%a8%e0%b1%81%e0%b0%82%e0%b0%a1%e0%b0%bf-13%e0%b0%b5-%e0%b0%a4%e0%b1%87%e0%b0%a6%e0%b1%80-%e0%b0%b5%e0%b0%b0%e0%b0%95/
2020-11-13,Pavitrotsavam,announced_dates,other_temple,minor,EKANTHAM PAVITHROTSAVAM OF SRI KALYANA VENKATESWARA SWAMY TEMPLE FROM NOVEMBER 11-13,https://news.tirumala.org/%e0%b0%a8%e2%80%8c%e0%b0%b5%e0%b0%82%e0%b0%ac%e2%80%8c%e0%b0%b0%e0%b1%81-11-%e0%b0%a8%e0%b1%81%e0%b0%82%e0%b0%a1%e0%b0%bf-13%e0%b0%b5-%e0%b0%a4%e0%b1%87%e0%b0%a6%e0%b1%80-%e0%b0%b5%e0%b0%b0%e0%b0%95/
2020-11-14,Deepavali,announced_dates,tirumala,major,DEEPAVALI ASTHANAM ON NOVEMBER 14 IN TIRUMALA TEMPLE,https://news.tirumala.org/deepavali-asthanam-on-november-14-in-tirumala-temple-_-%e0%b0%a8%e2%80%8c%e0%b0%b5%e0%b0%82%e0%b0%ac%e2%80%8c%e0%b0%b0%e0%b1%81-14%e0%b0%a8-%e0%b0%b6%e0%b1%8d%e0%b0%b0%e0%b1%80%e0%b0%b5%e0%b0%be/
2020-11-15,Vasanthotsavam,same_day_report,other_temple,minor,VASANTHOTSAVAM HELD AT TIRUCHANOOR,https://news.tirumala.org/vasanthotsavam-held-at-tiruchanoor-_-%e0%b0%b6%e0%b1%8d%e0%b0%b0%e0%b1%80-%e0%b0%aa%e0%b0%a6%e0%b1%8d%e0%b0%ae%e0%b0%be%e0%b0%b5%e0%b0%a4%e0%b0%bf-%e0%b0%85%e0%b0%ae%e0%b1%8d%e0%b0%ae%e0%b0%b5/
2020-11-16,Garuda Seva,same_day_report,other_temple,minor,GARUDA SEVA OBSERVED AT TIRUCHANOOR,https://news.tirumala.org/garuda-seva-observed-at-tiruchanoor-_-%e0%b0%97%e2%80%8c%e0%b0%b0%e0%b1%81%e0%b0%a1%e2%80%8c-%e0%b0%b5%e0%b0%be%e0%b0%b9%e2%80%8c%e0%b0%a8%e0%b0%82%e0%b0%aa%e0%b1%88-%e0%b0%b6%e0%b1%8d%e0%b0%b0/
2020-11-30,Garuda Seva,same_day_report,unspecified,minor,GARUDA SEVA HELD,https://news.tirumala.org/garuda-seva-held-_-%e0%b0%b6%e0%b1%8d%e0%b0%b0%e0%b1%80%e0%b0%b5%e0%b0%be%e0%b0%b0%e0%b0%bf-%e0%b0%86%e0%b0%b2%e0%b0%af%e0%b0%82%e0%b0%b2%e0%b1%8b-%e0%b0%b5%e0%b1%88%e0%b0%ad%e2%80%8c%e0%b0%b5/
2020-12-14,Tiruppavai / Dhanurmasam,same_day_report,unspecified,minor,TIRUPPAVAI DISCOURSES TO COMMENCE FROM DECEMBER 15,https://news.tirumala.org/auto-draft-24/
2020-12-16,Tiruppavai / Dhanurmasam,announced_dates,unspecified,minor,DHANURMASA TIRUPPAVAI DISCOURSES FROM DEC 16 - JAN 13,https://news.tirumala.org/%e0%b0%a1%e0%b0%bf%e0%b0%b8%e0%b1%86%e0%b0%82%e0%b0%ac%e0%b0%b0%e0%b1%81-16-%e0%b0%a8%e0%b1%81%e0%b0%82%e0%b0%9a%e0%b0%bf-%e0%b0%9c%e0%b0%a8%e0%b0%b5%e0%b0%b0%e0%b0%bf-13%e0%b0%b5-%e0%b0%a4%e0%b1%87/
2020-12-25,Christmas,fixed_national_holiday,national,major,fixed calendar date,
2020-12-25,Vaikunta Ekadasi,announced_dates,tirumala,major,VAIKUNTA EKADASI AND VAIKUNTA DWADASI AT SRIVARI TEMPLE ON DECEMBER 25 AND 26,https://news.tirumala.org/vaikunta-ekadasi-and-vaikunta-dwadasi-at-srivari-temple-on-december-25-and-26/
2021-01-01,New Year's Day,fixed_national_holiday,national,major,fixed calendar date,
2021-01-14,Tiruppavai / Dhanurmasam,same_day_report,unspecified,minor,TIRUPPAVAI PASURA PATHANAM CONCLUDES,https://news.tirumala.org/tiruppavai-pasura-pathanam-concludes/
2021-01-26,Republic Day,fixed_national_holiday,national,major,fixed calendar date,
2021-01-28,Garuda Seva,same_day_report,unspecified,minor,POURNAMI GARUDA SEVA HELD,https://news.tirumala.org/pournami-garuda-seva-held/
2021-02-19,Rathasapthami,announced_dates,tirumala,major,RATHASAPTHAMI AT TIRUMALA ON FEBRUARY 19,https://news.tirumala.org/rathasapthami-at-tirumala-on-february-19-_-%e0%b0%ab%e0%b0%bf%e0%b0%ac%e0%b1%8d%e0%b0%b0%e0%b0%b5%e0%b0%b0%e0%b0%bf-19%e0%b0%a8-%e0%b0%a4%e0%b0%bf%e0%b0%b0%e0%b1%81%e0%b0%ae%e0%b0%b2-%e0%b0%b6/
2021-02-20,Teppotsavam,announced_dates,unspecified,minor,FLOAT FESTIVAL AT SRI GT FROM FEB 20-26,https://news.tirumala.org/float-festival-at-sri-gt-from-feb-20-26-_-%e0%b0%ab%e0%b0%bf%e0%b0%ac%e0%b1%8d%e0%b0%b0%e0%b0%b5%e0%b0%b0%e0%b0%bf-20%e0%b0%b5-%e0%b0%a4%e0%b1%87%e0%b0%a6%e0%b1%80-%e0%b0%a8%e0%b1%81%e0%b0%82%e0%b0%a1/
2021-02-21,Teppotsavam,announced_dates,unspecified,minor,FLOAT FESTIVAL AT SRI GT FROM FEB 20-26,https://news.tirumala.org/float-festival-at-sri-gt-from-feb-20-26-_-%e0%b0%ab%e0%b0%bf%e0%b0%ac%e0%b1%8d%e0%b0%b0%e0%b0%b5%e0%b0%b0%e0%b0%bf-20%e0%b0%b5-%e0%b0%a4%e0%b1%87%e0%b0%a6%e0%b1%80-%e0%b0%a8%e0%b1%81%e0%b0%82%e0%b0%a1/
2021-02-22,Teppotsavam,announced_dates,unspecified,minor,FLOAT FESTIVAL AT SRI GT FROM FEB 20-26,https://news.tirumala.org/float-festival-at-sri-gt-from-feb-20-26-_-%e0%b0%ab%e0%b0%bf%e0%b0%ac%e0%b1%8d%e0%b0%b0%e0%b0%b5%e0%b0%b0%e0%b0%bf-20%e0%b0%b5-%e0%b0%a4%e0%b1%87%e0%b0%a6%e0%b1%80-%e0%b0%a8%e0%b1%81%e0%b0%82%e0%b0%a1/
2021-02-23,Teppotsavam,announced_dates,unspecified,minor,FLOAT FESTIVAL AT SRI GT FROM FEB 20-26,https://news.tirumala.org/float-festival-at-sri-gt-from-feb-20-26-_-%e0%b0%ab%e0%b0%bf%e0%b0%ac%e0%b1%8d%e0%b0%b0%e0%b0%b5%e0%b0%b0%e0%b0%bf-20%e0%b0%b5-%e0%b0%a4%e0%b1%87%e0%b0%a6%e0%b1%80-%e0%b0%a8%e0%b1%81%e0%b0%82%e0%b0%a1/
2021-02-24,Teppotsavam,announced_dates,unspecified,minor,FLOAT FESTIVAL AT SRI GT FROM FEB 20-26,https://news.tirumala.org/float-festival-at-sri-gt-from-feb-20-26-_-%e0%b0%ab%e0%b0%bf%e0%b0%ac%e0%b1%8d%e0%b0%b0%e0%b0%b5%e0%b0%b0%e0%b0%bf-20%e0%b0%b5-%e0%b0%a4%e0%b1%87%e0%b0%a6%e0%b1%80-%e0%b0%a8%e0%b1%81%e0%b0%82%e0%b0%a1/
2021-02-25,Teppotsavam,announced_dates,unspecified,minor,FLOAT FESTIVAL AT SRI GT FROM FEB 20-26,https://news.tirumala.org/float-festival-at-sri-gt-from-feb-20-26-_-%e0%b0%ab%e0%b0%bf%e0%b0%ac%e0%b1%8d%e0%b0%b0%e0%b0%b5%e0%b0%b0%e0%b0%bf-20%e0%b0%b5-%e0%b0%a4%e0%b1%87%e0%b0%a6%e0%b1%80-%e0%b0%a8%e0%b1%81%e0%b0%82%e0%b0%a1/
2021-02-26,Teppotsavam,announced_dates,unspecified,minor,FLOAT FESTIVAL AT SRI GT FROM FEB 20-26,https://news.tirumala.org/float-festival-at-sri-gt-from-feb-20-26-_-%e0%b0%ab%e0%b0%bf%e0%b0%ac%e0%b1%8d%e0%b0%b0%e0%b0%b5%e0%b0%b0%e0%b0%bf-20%e0%b0%b5-%e0%b0%a4%e0%b1%87%e0%b0%a6%e0%b1%80-%e0%b0%a8%e0%b1%81%e0%b0%82%e0%b0%a1/
2021-02-27,Garuda Seva,same_day_report,tirumala,minor,POURNAMI GARUDA SEVA HELD IN TIRUMALA,https://news.tirumala.org/pournami-garuda-seva-held-in-tirumala/
2021-03-04,Srivari Annual Brahmotsavams,announced_dates,unspecified,major,ANNUAL BRAHMOTSAVAM OF SRI KT IN EKANTHAM FROM MARCH 4 TO 13,https://news.tirumala.org/%e0%b0%ae%e0%b0%be%e0%b0%b0%e0%b1%8d%e0%b0%9a%e0%b0%bf-4-%e0%b0%a8%e0%b1%81%e0%b0%82%e0%b0%a1%e0%b0%bf-13%e0%b0%b5-%e0%b0%a4%e0%b1%87%e0%b0%a6%e0%b1%80-%e0%b0%b5%e0%b0%b0%e0%b0%95%e0%b1%81-%e0%b0%8f/
2021-03-05,Srivari Annual Brahmotsavams,announced_dates,unspecified,major,ANNUAL BRAHMOTSAVAM OF SRI KT IN EKANTHAM FROM MARCH 4 TO 13,https://news.tirumala.org/%e0%b0%ae%e0%b0%be%e0%b0%b0%e0%b1%8d%e0%b0%9a%e0%b0%bf-4-%e0%b0%a8%e0%b1%81%e0%b0%82%e0%b0%a1%e0%b0%bf-13%e0%b0%b5-%e0%b0%a4%e0%b1%87%e0%b0%a6%e0%b1%80-%e0%b0%b5%e0%b0%b0%e0%b0%95%e0%b1%81-%e0%b0%8f/
2021-03-06,Srivari Annual Brahmotsavams,announced_dates,unspecified,major,ANNUAL BRAHMOTSAVAM OF SRI KT IN EKANTHAM FROM MARCH 4 TO 13,https://news.tirumala.org/%e0%b0%ae%e0%b0%be%e0%b0%b0%e0%b1%8d%e0%b0%9a%e0%b0%bf-4-%e0%b0%a8%e0%b1%81%e0%b0%82%e0%b0%a1%e0%b0%bf-13%e0%b0%b5-%e0%b0%a4%e0%b1%87%e0%b0%a6%e0%b1%80-%e0%b0%b5%e0%b0%b0%e0%b0%95%e0%b1%81-%e0%b0%8f/
2021-03-07,Srivari Annual Brahmotsavams,announced_dates,unspecified,major,ANNUAL BRAHMOTSAVAM OF SRI KT IN EKANTHAM FROM MARCH 4 TO 13,https://news.tirumala.org/%e0%b0%ae%e0%b0%be%e0%b0%b0%e0%b1%8d%e0%b0%9a%e0%b0%bf-4-%e0%b0%a8%e0%b1%81%e0%b0%82%e0%b0%a1%e0%b0%bf-13%e0%b0%b5-%e0%b0%a4%e0%b1%87%e0%b0%a6%e0%b1%80-%e0%b0%b5%e0%b0%b0%e0%b0%95%e0%b1%81-%e0%b0%8f/
2021-03-08,Srivari Annual Brahmotsavams,announced_dates,unspecified,major,ANNUAL BRAHMOTSAVAM OF SRI KT IN EKANTHAM FROM MARCH 4 TO 13,https://news.tirumala.org/%e0%b0%ae%e0%b0%be%e0%b0%b0%e0%b1%8d%e0%b0%9a%e0%b0%bf-4-%e0%b0%a8%e0%b1%81%e0%b0%82%e0%b0%a1%e0%b0%bf-13%e0%b0%b5-%e0%b0%a4%e0%b1%87%e0%b0%a6%e0%b1%80-%e0%b0%b5%e0%b0%b0%e0%b0%95%e0%b1%81-%e0%b0%8f/
2021-03-09,Srivari Annual Brahmotsavams,announced_dates,unspecified,major,ANNUAL BRAHMOTSAVAM OF SRI KT IN EKANTHAM FROM MARCH 4 TO 13,https://news.tirumala.org/%e0%b0%ae%e0%b0%be%e0%b0%b0%e0%b1%8d%e0%b0%9a%e0%b0%bf-4-%e0%b0%a8%e0%b1%81%e0%b0%82%e0%b0%a1%e0%b0%bf-13%e0%b0%b5-%e0%b0%a4%e0%b1%87%e0%b0%a6%e0%b1%80-%e0%b0%b5%e0%b0%b0%e0%b0%95%e0%b1%81-%e0%b0%8f/
2021-03-10,Srivari Annual Brahmotsavams,announced_dates,unspecified,major,ANNUAL BRAHMOTSAVAM OF SRI KT IN EKANTHAM FROM MARCH 4 TO 13,https://news.tirumala.org/%e0%b0%ae%e0%b0%be%e0%b0%b0%e0%b1%8d%e0%b0%9a%e0%b0%bf-4-%e0%b0%a8%e0%b1%81%e0%b0%82%e0%b0%a1%e0%b0%bf-13%e0%b0%b5-%e0%b0%a4%e0%b1%87%e0%b0%a6%e0%b1%80-%e0%b0%b5%e0%b0%b0%e0%b0%95%e0%b1%81-%e0%b0%8f/
2021-03-11,Srivari Annual Brahmotsavams,announced_dates,unspecified,major,ANNUAL BRAHMOTSAVAM OF SRI KT IN EKANTHAM FROM MARCH 4 TO 13,https://news.tirumala.org/%e0%b0%ae%e0%b0%be%e0%b0%b0%e0%b1%8d%e0%b0%9a%e0%b0%bf-4-%e0%b0%a8%e0%b1%81%e0%b0%82%e0%b0%a1%e0%b0%bf-13%e0%b0%b5-%e0%b0%a4%e0%b1%87%e0%b0%a6%e0%b1%80-%e0%b0%b5%e0%b0%b0%e0%b0%95%e0%b1%81-%e0%b0%8f/
2021-03-12,Srivari Annual Brahmotsavams,announced_dates,unspecified,major,ANNUAL BRAHMOTSAVAM OF SRI KT IN EKANTHAM FROM MARCH 4 TO 13,https://news.tirumala.org/%e0%b0%ae%e0%b0%be%e0%b0%b0%e0%b1%8d%e0%b0%9a%e0%b0%bf-4-%e0%b0%a8%e0%b1%81%e0%b0%82%e0%b0%a1%e0%b0%bf-13%e0%b0%b5-%e0%b0%a4%e0%b1%87%e0%b0%a6%e0%b1%80-%e0%b0%b5%e0%b0%b0%e0%b0%95%e0%b1%81-%e0%b0%8f/
2021-03-13,Srivari Annual Brahmotsavams,announced_dates,unspecified,major,ANNUAL BRAHMOTSAVAM OF SRI KT IN EKANTHAM FROM MARCH 4 TO 13,https://news.tirumala.org/%e0%b0%ae%e0%b0%be%e0%b0%b0%e0%b1%8d%e0%b0%9a%e0%b0%bf-4-%e0%b0%a8%e0%b1%81%e0%b0%82%e0%b0%a1%e0%b0%bf-13%e0%b0%b5-%e0%b0%a4%e0%b1%87%e0%b0%a6%e0%b1%80-%e0%b0%b5%e0%b0%b0%e0%b0%95%e0%b1%81-%e0%b0%8f/
2021-03-24,Teppotsavam,announced_dates,tirumala,minor,SRIVARI FLOAT FESTIVAL FROM MARCH 24-28,https://news.tirumala.org/srivari-float-festival-from-march-24-28-_-%e0%b0%ae%e0%b0%be%e0%b0%b0%e0%b1%8d%e0%b0%9a%e0%b0%bf-24-%e0%b0%a8%e0%b1%81%e0%b0%82%e0%b0%9a%e0%b0%bf-28%e0%b0%b5-%e0%b0%a4%e0%b1%87%e0%b0%a6%e0%b1%80/
2021-03-25,Teppotsavam,announced_dates,tirumala,minor,SRIVARI FLOAT FESTIVAL FROM MARCH 24-28,https://news.tirumala.org/srivari-float-festival-from-march-24-28-_-%e0%b0%ae%e0%b0%be%e0%b0%b0%e0%b1%8d%e0%b0%9a%e0%b0%bf-24-%e0%b0%a8%e0%b1%81%e0%b0%82%e0%b0%9a%e0%b0%bf-28%e0%b0%b5-%e0%b0%a4%e0%b1%87%e0%b0%a6%e0%b1%80/
2021-03-26,Teppotsavam,announced_dates,tirumala,minor,SRIVARI FLOAT FESTIVAL FROM MARCH 24-28,https://news.tirumala.org/srivari-float-festival-from-march-24-28-_-%e0%b0%ae%e0%b0%be%e0%b0%b0%e0%b1%8d%e0%b0%9a%e0%b0%bf-24-%e0%b0%a8%e0%b1%81%e0%b0%82%e0%b0%9a%e0%b0%bf-28%e0%b0%b5-%e0%b0%a4%e0%b1%87%e0%b0%a6%e0%b1%80/
2021-03-27,Teppotsavam,announced_dates,tirumala,minor,SRIVARI FLOAT FESTIVAL FROM MARCH 24-28,https://news.tirumala.org/srivari-float-festival-from-march-24-28-_-%e0%b0%ae%e0%b0%be%e0%b0%b0%e0%b1%8d%e0%b0%9a%e0%b0%bf-24-%e0%b0%a8%e0%b1%81%e0%b0%82%e0%b0%9a%e0%b0%bf-28%e0%b0%b5-%e0%b0%a4%e0%b1%87%e0%b0%a6%e0%b1%80/
2021-03-28,Teppotsavam,announced_dates,tirumala,minor,SRIVARI FLOAT FESTIVAL FROM MARCH 24-28,https://news.tirumala.org/srivari-float-festival-from-march-24-28-_-%e0%b0%ae%e0%b0%be%e0%b0%b0%e0%b1%8d%e0%b0%9a%e0%b0%bf-24-%e0%b0%a8%e0%b1%81%e0%b0%82%e0%b0%9a%e0%b0%bf-28%e0%b0%b5-%e0%b0%a4%e0%b1%87%e0%b0%a6%e0%b1%80/
2021-04-06,Ugadi,announced_dates,tirumala,major,UGADI KOIL ALWAR TIRUMANJANAM IN TIRUMALA TEMPLE ON APRIL 6,https://news.tirumala.org/ugadi-koil-alwar-tirumanjanam-in-tirumala-temple-on-april-6/
2021-04-12,Brahmotsavams,same_day_report,other_temple,major,KOIL ALWAR TIRUMANJANAM PERFORMED FOR VONTIMITTA BRAHMOTSAVAMS,https://news.tirumala.org/koil-alwar-tirumanjamam-performed-at-vontimitta/
2021-04-13,Ugadi,announced_dates,unspecified,major,UGADI ASTHANAM ON APRIL 13,https://news.tirumala.org/ugadi-asthanam-on-april-13-2/
2021-04-20,Srivari Annual Brahmotsavams,same_day_report,other_temple,major,ANKURARPANAM HELD FOR VONTIMITTA ANNUAL BRAHMOTSAVAMS,https://news.tirumala.org/ankurarpanam-held-for-vontimitta-annual-brahmotsavams/
2021-04-21,Sri Rama Navami,announced_dates,tirumala,major,SRI RAMANAVAMI IN TIRUMALA ON APRIL 21,https://news.tirumala.org/sri-ramanavami-in-tirumala-on-april-21/
2021-04-22,Brahmotsavams,announced_dates,unspecified,major,CHANDRAGIRI RAMALAYA BRAHMOTSAVAMS FROM APRIL 22-30,https://news.tirumala.org/%e0%b0%8f%e0%b0%aa%e0%b1%8d%e0%b0%b0%e0%b0%bf%e0%b0%b2%e0%b1%8d-22-%e0%b0%a8%e0%b1%81%e0%b0%82%e0%b0%a1%e0%b0%bf-30-%e0%b0%b5%e2%80%8c%e0%b0%b0%e2%80%8c%e0%b0%95%e0%b1%81-%e0%b0%9a%e0%b0%82%e0%b0%a6/
2021-04-23,Brahmotsavams,announced_dates,unspecified,major,CHANDRAGIRI RAMALAYA BRAHMOTSAVAMS FROM APRIL 22-30,https://news.tirumala.org/%e0%b0%8f%e0%b0%aa%e0%b1%8d%e0%b0%b0%e0%b0%bf%e0%b0%b2%e0%b1%8d-22-%e0%b0%a8%e0%b1%81%e0%b0%82%e0%b0%a1%e0%b0%bf-30-%e0%b0%b5%e2%80%8c%e0%b0%b0%e2%80%8c%e0%b0%95%e0%b1%81-%e0%b0%9a%e0%b0%82%e0%b0%a6/
2021-04-24,Brahmotsavams,announced_dates,unspecified,major,CHANDRAGIRI RAMALAYA BRAHMOTSAVAMS FROM APRIL 22-30,https://news.tirumala.org/%e0%b0%8f%e0%b0%aa%e0%b1%8d%e0%b0%b0%e0%b0%bf%e0%b0%b2%e0%b1%8d-22-%e0%b0%a8%e0%b1%81%e0%b0%82%e0%b0%a1%e0%b0%bf-30-%e0%b0%b5%e2%80%8c%e0%b0%b0%e2%80%8c%e0%b0%95%e0%b1%81-%e0%b0%9a%e0%b0%82%e0%b0%a6/
2021-04-24,Vasanthotsavam,announced_dates,tirumala,minor,SRIVARI VASANTHOTSAVAM FROM APRIL 24-26,https://news.tirumala.org/%e0%b0%8f%e0%b0%aa%e0%b1%8d%e0%b0%b0%e0%b0%bf%e0%b0%b2%e0%b1%8d-24-%e0%b0%a8%e0%b1%81%e0%b0%82%e0%b0%a1%e0%b0%bf-26%e0%b0%b5-%e0%b0%a4%e0%b1%87%e0%b0%a6%e0%b1%80-%e0%b0%b5%e0%b0%b0%e0%b0%95%e0%b1%81/
2021-04-25,Brahmotsavams,announced_dates,unspecified,major,CHANDRAGIRI RAMALAYA BRAHMOTSAVAMS FROM APRIL 22-30,https://news.tirumala.org/%e0%b0%8f%e0%b0%aa%e0%b1%8d%e0%b0%b0%e0%b0%bf%e0%b0%b2%e0%b1%8d-22-%e0%b0%a8%e0%b1%81%e0%b0%82%e0%b0%a1%e0%b0%bf-30-%e0%b0%b5%e2%80%8c%e0%b0%b0%e2%80%8c%e0%b0%95%e0%b1%81-%e0%b0%9a%e0%b0%82%e0%b0%a6/
2021-04-25,Vasanthotsavam,announced_dates,tirumala,minor,SRIVARI VASANTHOTSAVAM FROM APRIL 24-26,https://news.tirumala.org/%e0%b0%8f%e0%b0%aa%e0%b1%8d%e0%b0%b0%e0%b0%bf%e0%b0%b2%e0%b1%8d-24-%e0%b0%a8%e0%b1%81%e0%b0%82%e0%b0%a1%e0%b0%bf-26%e0%b0%b5-%e0%b0%a4%e0%b1%87%e0%b0%a6%e0%b1%80-%e0%b0%b5%e0%b0%b0%e0%b0%95%e0%b1%81/
2021-04-26,Brahmotsavams,announced_dates,unspecified,major,CHANDRAGIRI RAMALAYA BRAHMOTSAVAMS FROM APRIL 22-30,https://news.tirumala.org/%e0%b0%8f%e0%b0%aa%e0%b1%8d%e0%b0%b0%e0%b0%bf%e0%b0%b2%e0%b1%8d-22-%e0%b0%a8%e0%b1%81%e0%b0%82%e0%b0%a1%e0%b0%bf-30-%e0%b0%b5%e2%80%8c%e0%b0%b0%e2%80%8c%e0%b0%95%e0%b1%81-%e0%b0%9a%e0%b0%82%e0%b0%a6/
2021-04-26,Vasanthotsavam,announced_dates,tirumala,minor,SRIVARI VASANTHOTSAVAM FROM APRIL 24-26,https://news.tirumala.org/%e0%b0%8f%e0%b0%aa%e0%b1%8d%e0%b0%b0%e0%b0%bf%e0%b0%b2%e0%b1%8d-24-%e0%b0%a8%e0%b1%81%e0%b0%82%e0%b0%a1%e0%b0%bf-26%e0%b0%b5-%e0%b0%a4%e0%b1%87%e0%b0%a6%e0%b1%80-%e0%b0%b5%e0%b0%b0%e0%b0%95%e0%b1%81/
2021-04-27,Brahmotsavams,announced_dates,unspecified,major,CHANDRAGIRI RAMALAYA BRAHMOTSAVAMS FROM APRIL 22-30,https://news.tirumala.org/%e0%b0%8f%e0%b0%aa%e0%b1%8d%e0%b0%b0%e0%b0%bf%e0%b0%b2%e0%b1%8d-22-%e0%b0%a8%e0%b1%81%e0%b0%82%e0%b0%a1%e0%b0%bf-30-%e0%b0%b5%e2%80%8c%e0%b0%b0%e2%80%8c%e0%b0%95%e0%b1%81-%e0%b0%9a%e0%b0%82%e0%b0%a6/
2021-04-27,Garuda Seva,announced_dates,tirumala,minor,POURNAMI GARUDA SEVA AT TIRUMALA ON APRIL 27,https://news.tirumala.org/%e0%b0%8f%e0%b0%aa%e0%b1%8d%e0%b0%b0%e0%b0%bf%e0%b0%b2%e0%b1%8d-27%e0%b0%a8-%e0%b0%aa%e0%b1%8c%e0%b0%b0%e0%b1%8d%e0%b0%a3%e0%b0%ae%e0%b0%bf-%e0%b0%97%e0%b0%b0%e0%b1%81%e0%b0%a1/
2021-04-28,Brahmotsavams,announced_dates,unspecified,major,CHANDRAGIRI RAMALAYA BRAHMOTSAVAMS FROM APRIL 22-30,https://news.tirumala.org/%e0%b0%8f%e0%b0%aa%e0%b1%8d%e0%b0%b0%e0%b0%bf%e0%b0%b2%e0%b1%8d-22-%e0%b0%a8%e0%b1%81%e0%b0%82%e0%b0%a1%e0%b0%bf-30-%e0%b0%b5%e2%80%8c%e0%b0%b0%e2%80%8c%e0%b0%95%e0%b1%81-%e0%b0%9a%e0%b0%82%e0%b0%a6/
2021-04-29,Brahmotsavams,announced_dates,unspecified,major,CHANDRAGIRI RAMALAYA BRAHMOTSAVAMS FROM APRIL 22-30,https://news.tirumala.org/%e0%b0%8f%e0%b0%aa%e0%b1%8d%e0%b0%b0%e0%b0%bf%e0%b0%b2%e0%b1%8d-22-%e0%b0%a8%e0%b1%81%e0%b0%82%e0%b0%a1%e0%b0%bf-30-%e0%b0%b5%e2%80%8c%e0%b0%b0%e2%80%8c%e0%b0%95%e0%b1%81-%e0%b0%9a%e0%b0%82%e0%b0%a6/
2021-04-30,Brahmotsavams,announced_dates,unspecified,major,CHANDRAGIRI RAMALAYA BRAHMOTSAVAMS FROM APRIL 22-30,https://news.tirumala.org/%e0%b0%8f%e0%b0%aa%e0%b1%8d%e0%b0%b0%e0%b0%bf%e0%b0%b2%e0%b1%8d-22-%e0%b0%a8%e0%b1%81%e0%b0%82%e0%b0%a1%e0%b0%bf-30-%e0%b0%b5%e2%80%8c%e0%b0%b0%e2%80%8c%e0%b0%95%e0%b1%81-%e0%b0%9a%e0%b0%82%e0%b0%a6/
2021-05-23,Brahmotsavams,announced_dates,other_temple,major,NARAYANAVANAM BRAHMOTSAVAMS FROM MAY 23-31,https://news.tirumala.org/narayanavanam-brahmotsavams-from-may-23-31/
2021-05-24,Brahmotsavams,announced_dates,other_temple,major,NARAYANAVANAM BRAHMOTSAVAMS FROM MAY 23-31,https://news.tirumala.org/narayanavanam-brahmotsavams-from-may-23-31/
2021-05-24,Vasanthotsavam,same_day_report,other_temple,minor,ANKURARPANAM FOR VASANTHOTSAVAMS HELD AT TIRUCHANOOR TEMPLE,https://news.tirumala.org/ankurarpanam-for-vasanthotsavams-held-at-tiruchanoor-temple-_-%e0%b0%b6%e0%b0%be%e0%b0%b8%e0%b1%8d%e0%b0%a4%e0%b1%8d%e0%b0%b0%e0%b1%8b%e0%b0%95%e0%b1%8d%e0%b0%a4%e0%b0%82%e0%b0%97%e0%b0%be-%e0%b0%b6/
2021-05-25,Brahmotsavams,announced_dates,other_temple,major,NARAYANAVANAM BRAHMOTSAVAMS FROM MAY 23-31,https://news.tirumala.org/narayanavanam-brahmotsavams-from-may-23-31/
2021-05-25,Vasanthotsavam,announced_dates,unspecified,minor,VASANTHOTSAVAM OF SRI PAT FROM MAY 25-27,https://news.tirumala.org/vasanthotsavam-of-sri-pat-from-may-25-27-_-%e0%b0%ae%e0%b1%87-25-%e0%b0%a8%e0%b1%81%e0%b0%82%e0%b0%a1%e0%b0%bf-27%e0%b0%b5-%e0%b0%a4%e0%b1%87%e0%b0%a6%e0%b1%80-%e0%b0%b5%e0%b0%b0%e0%b0%95%e0%b1%81/
2021-05-26,Brahmotsavams,announced_dates,other_temple,major,NARAYANAVANAM BRAHMOTSAVAMS FROM MAY 23-31,https://news.tirumala.org/narayanavanam-brahmotsavams-from-may-23-31/
2021-05-26,Garuda Seva,announced_dates,unspecified,minor,POURNAMI GARUDA SEVA ON MAY 26,https://news.tirumala.org/pournami-garuda-seva-on-may-26-_-%e0%b0%ae%e0%b1%87-26%e0%b0%a8%e2%80%8c-%e0%b0%a4%e0%b0%bf%e0%b0%b0%e0%b1%81%e0%b0%ae%e0%b0%b2%e0%b0%b2%e0%b1%8b-%e0%b0%aa%e0%b1%8c%e0%b0%b0%e0%b1%8d%e0%b0%a3%e0%b0%ae/
2021-05-26,Vasanthotsavam,announced_dates,unspecified,minor,VASANTHOTSAVAM OF SRI PAT FROM MAY 25-27,https://news.tirumala.org/vasanthotsavam-of-sri-pat-from-may-25-27-_-%e0%b0%ae%e0%b1%87-25-%e0%b0%a8%e0%b1%81%e0%b0%82%e0%b0%a1%e0%b0%bf-27%e0%b0%b5-%e0%b0%a4%e0%b1%87%e0%b0%a6%e0%b1%80-%e0%b0%b5%e0%b0%b0%e0%b0%95%e0%b1%81/
2021-05-27,Brahmotsavams,announced_dates,other_temple,major,NARAYANAVANAM BRAHMOTSAVAMS FROM MAY 23-31,https://news.tirumala.org/narayanavanam-brahmotsavams-from-may-23-31/
2021-05-27,Vasanthotsavam,announced_dates,unspecified,minor,VASANTHOTSAVAM OF SRI PAT FROM MAY 25-27,https://news.tirumala.org/vasanthotsavam-of-sri-pat-from-may-25-27-_-%e0%b0%ae%e0%b1%87-25-%e0%b0%a8%e0%b1%81%e0%b0%82%e0%b0%a1%e0%b0%bf-27%e0%b0%b5-%e0%b0%a4%e0%b1%87%e0%b0%a6%e0%b1%80-%e0%b0%b5%e0%b0%b0%e0%b0%95%e0%b1%81/
2021-05-28,Brahmotsavams,announced_dates,other_temple,major,NARAYANAVANAM BRAHMOTSAVAMS FROM MAY 23-31,https://news.tirumala.org/narayanavanam-brahmotsavams-from-may-23-31/
2021-05-29,Brahmotsavams,announced_dates,other_temple,major,NARAYANAVANAM BRAHMOTSAVAMS FROM MAY 23-31,https://news.tirumala.org/narayanavanam-brahmotsavams-from-may-23-31/
2021-05-29,Vasanthotsavam,announced_dates,unspecified,minor,SRI KVST VASANTHOTSAVAM FROM MAY 29-31,https://news.tirumala.org/sri-kvst-vasanthotsavam-from-may-29-31/
2021-05-30,Brahmotsavams,announced_dates,other_temple,major,NARAYANAVANAM BRAHMOTSAVAMS FROM MAY 23-31,https://news.tirumala.org/narayanavanam-brahmotsavams-from-may-23-31/
2021-05-30,Vasanthotsavam,announced_dates,unspecified,minor,SRI KVST VASANTHOTSAVAM FROM MAY 29-31,https://news.tirumala.org/sri-kvst-vasanthotsavam-from-may-29-31/
2021-05-31,Brahmotsavams,announced_dates,other_temple,major,NARAYANAVANAM BRAHMOTSAVAMS FROM MAY 23-31,https://news.tirumala.org/narayanavanam-brahmotsavams-from-may-23-31/
2021-05-31,Vasanthotsavam,announced_dates,unspecified,minor,SRI KVST VASANTHOTSAVAM FROM MAY 29-31,https://news.tirumala.org/sri-kvst-vasanthotsavam-from-may-29-31/
2021-06-04,Hanuman Jayanti,same_day_report,unspecified,major,HANUMAN JAYANTI OBSERVED IN EKANTAM,https://news.tirumala.org/%e0%b0%b6%e0%b1%8d%e0%b0%b0%e0%b1%80-%e0%b0%95%e0%b1%8b%e0%b0%a6%e0%b0%82%e0%b0%a1%e0%b0%b0%e0%b0%be%e0%b0%ae%e0%b0%be%e0%b0%b2%e2%80%8c%e0%b0%af%e0%b0%82%e0%b0%b2%e0%b1%8b-%e0%b0%8f%e0%b0%95%e0%b0%be/
2021-06-08,Hanuman Jayanti,same_day_report,unspecified,major,HANUMAN JAYANTHI UTSAVAMS CONCLUDES,https://news.tirumala.org/hanuman-jayanthi-utsavams-concludes-_-%e0%b0%ae%e0%b1%81%e0%b0%97%e0%b0%bf%e0%b0%b8%e0%b0%bf%e0%b0%a8-%e0%b0%b9%e2%80%8c%e0%b0%a8%e0%b1%81%e0%b0%ae%e2%80%8c%e0%b0%9c%e0%b1%8d%e0%b0%9c%e2%80%8c/
2021-06-18,Brahmotsavams,same_day_report,other_temple,major,ANKURARPANA HELD FOR APPALAYAGUNTA BRAHMOTSAVAMS,https://news.tirumala.org/ankurarpana-held-for-appalayagunta-brahmotsavams/
2021-06-19,Brahmotsavams,announced_dates,other_temple,major,APPALAYAGUNTA TEMPLE BRAHMOTSAVAM FROM JUNE 19-27,https://news.tirumala.org/%e0%b0%9c%e0%b1%82%e0%b0%a8%e0%b1%8d-19-%e0%b0%a8%e0%b1%81%e0%b0%82%e0%b0%9a%e0%b0%bf-27%e0%b0%b5-%e0%b0%a4%e0%b1%87%e0%b0%a6%e0%b1%80-%e0%b0%b5%e0%b0%b0%e0%b0%95%e0%b1%81-%e0%b0%85%e0%b0%aa%e0%b1%8d/
2021-06-20,Brahmotsavams,announced_dates,other_temple,major,APPALAYAGUNTA TEMPLE BRAHMOTSAVAM FROM JUNE 19-27,https://news.tirumala.org/%e0%b0%9c%e0%b1%82%e0%b0%a8%e0%b1%8d-19-%e0%b0%a8%e0%b1%81%e0%b0%82%e0%b0%9a%e0%b0%bf-27%e0%b0%b5-%e0%b0%a4%e0%b1%87%e0%b0%a6%e0%b1%80-%e0%b0%b5%e0%b0%b0%e0%b0%95%e0%b1%81-%e0%b0%85%e0%b0%aa%e0%b1%8d/
2021-06-20,Teppotsavam,same_day_report,unspecified,minor,TEPPOTSAVAMS COMMENCES,https://news.tirumala.org/teppotsavams-commences-_-%e0%b0%a4%e0%b0%bf%e0%b0%b0%e0%b1%81%e0%b0%9a%e0%b0%be%e0%b0%a8%e0%b1%82%e0%b0%b0%e0%b1%81-%e0%b0%b6%e0%b1%8d%e0%b0%b0%e0%b1%80-%e0%b0%aa%e0%b0%a6%e0%b1%8d%e0%b0%ae%e0%b0%be/
2021-06-21,Brahmotsavams,announced_dates,other_temple,major,APPALAYAGUNTA TEMPLE BRAHMOTSAVAM FROM JUNE 19-27,https://news.tirumala.org/%e0%b0%9c%e0%b1%82%e0%b0%a8%e0%b1%8d-19-%e0%b0%a8%e0%b1%81%e0%b0%82%e0%b0%9a%e0%b0%bf-27%e0%b0%b5-%e0%b0%a4%e0%b1%87%e0%b0%a6%e0%b1%80-%e0%b0%b5%e0%b0%b0%e0%b0%95%e0%b1%81-%e0%b0%85%e0%b0%aa%e0%b1%8d/
2021-06-21,Teppotsavam,same_day_report,unspecified,minor,SUNDARARAJA SWAMY TEPPOTSAVAMS IN EKANTAM HELD,https://news.tirumala.org/sundararaja-swamy-teppotsavams-in-ekantam-held-_-%e0%b0%a4%e0%b0%bf%e0%b0%b0%e0%b1%81%e0%b0%9a%e0%b0%be%e0%b0%a8%e0%b1%82%e0%b0%b0%e0%b1%81%e0%b0%b2%e0%b1%8b-%e0%b0%b6%e0%b1%8d%e0%b0%b0%e0%b1%80/
2021-06-22,Brahmotsavams,announced_dates,other_temple,major,APPALAYAGUNTA TEMPLE BRAHMOTSAVAM FROM JUNE 19-27,https://news.tirumala.org/%e0%b0%9c%e0%b1%82%e0%b0%a8%e0%b1%8d-19-%e0%b0%a8%e0%b1%81%e0%b0%82%e0%b0%9a%e0%b0%bf-27%e0%b0%b5-%e0%b0%a4%e0%b1%87%e0%b0%a6%e0%b1%80-%e0%b0%b5%e0%b0%b0%e0%b0%95%e0%b1%81-%e0%b0%85%e0%b0%aa%e0%b1%8d/
2021-06-23,Brahmotsavams,announced_dates,other_temple,major,APPALAYAGUNTA TEMPLE BRAHMOTSAVAM FROM JUNE 19-27,https://news.tirumala.org/%e0%b0%9c%e0%b1%82%e0%b0%a8%e0%b1%8d-19-%e0%b0%a8%e0%b1%81%e0%b0%82%e0%b0%9a%e0%b0%bf-27%e0%b0%b5-%e0%b0%a4%e0%b1%87%e0%b0%a6%e0%b1%80-%e0%b0%b5%e0%b0%b0%e0%b0%95%e0%b1%81-%e0%b0%85%e0%b0%aa%e0%b1%8d/
2021-06-24,Brahmotsavams,announced_dates,other_temple,major,APPALAYAGUNTA TEMPLE BRAHMOTSAVAM FROM JUNE 19-27,https://news.tirumala.org/%e0%b0%9c%e0%b1%82%e0%b0%a8%e0%b1%8d-19-%e0%b0%a8%e0%b1%81%e0%b0%82%e0%b0%9a%e0%b0%bf-27%e0%b0%b5-%e0%b0%a4%e0%b1%87%e0%b0%a6%e0%b1%80-%e0%b0%b5%e0%b0%b0%e0%b0%95%e0%b1%81-%e0%b0%85%e0%b0%aa%e0%b1%8d/
2021-06-24,Teppotsavam,same_day_report,unspecified,minor,TEPPOTSAVAMS CONCLUDES IN SRI PAT,https://news.tirumala.org/teppotsavams-concludes-in-sri-pat-_-%e0%b0%ae%e0%b1%81%e0%b0%97%e0%b0%bf%e0%b0%b8%e0%b0%bf%e0%b0%a8-%e0%b0%a4%e0%b0%bf%e0%b0%b0%e0%b1%81%e0%b0%9a%e0%b0%be%e0%b0%a8%e0%b1%82%e0%b0%b0%e0%b1%81-%e0%b0%b6/
2021-06-25,Brahmotsavams,announced_dates,other_temple,major,APPALAYAGUNTA TEMPLE BRAHMOTSAVAM FROM JUNE 19-27,https://news.tirumala.org/%e0%b0%9c%e0%b1%82%e0%b0%a8%e0%b1%8d-19-%e0%b0%a8%e0%b1%81%e0%b0%82%e0%b0%9a%e0%b0%bf-27%e0%b0%b5-%e0%b0%a4%e0%b1%87%e0%b0%a6%e0%b1%80-%e0%b0%b5%e0%b0%b0%e0%b0%95%e0%b1%81-%e0%b0%85%e0%b0%aa%e0%b1%8d/
2021-06-26,Brahmotsavams,announced_dates,other_temple,major,APPALAYAGUNTA TEMPLE BRAHMOTSAVAM FROM JUNE 19-27,https://news.tirumala.org/%e0%b0%9c%e0%b1%82%e0%b0%a8%e0%b1%8d-19-%e0%b0%a8%e0%b1%81%e0%b0%82%e0%b0%9a%e0%b0%bf-27%e0%b0%b5-%e0%b0%a4%e0%b1%87%e0%b0%a6%e0%b1%80-%e0%b0%b5%e0%b0%b0%e0%b0%95%e0%b1%81-%e0%b0%85%e0%b0%aa%e0%b1%8d/
2021-06-27,Brahmotsavams,announced_dates,other_temple,major,APPALAYAGUNTA TEMPLE BRAHMOTSAVAM FROM JUNE 19-27,https://news.tirumala.org/%e0%b0%9c%e0%b1%82%e0%b0%a8%e0%b1%8d-19-%e0%b0%a8%e0%b1%81%e0%b0%82%e0%b0%9a%e0%b0%bf-27%e0%b0%b5-%e0%b0%a4%e0%b1%87%e0%b0%a6%e0%b1%80-%e0%b0%b5%e0%b0%b0%e0%b0%95%e0%b1%81-%e0%b0%85%e0%b0%aa%e0%b1%8d/
2021-07-13,Anivara Asthanam,same_day_report,unspecified,minor,KOIL ALWAR TIRUMANJANAM FOR ANIVARA ASTHANAM HELD,https://news.tirumala.org/%e0%b0%b6%e0%b1%8d%e0%b0%b0%e0%b1%80%e0%b0%b5%e0%b0%be%e0%b0%b0%e0%b0%bf-%e0%b0%86%e0%b0%b2%e0%b0%af%e0%b0%82%e0%b0%b2%e0%b1%8b-%e0%b0%b6%e0%b0%be%e0%b0%b8%e0%b1%8d%e0%b0%a4%e0%b1%8d%e0%b0%b0-4/
2021-07-16,Anivara Asthanam,same_day_report,unspecified,minor,ANIVARA ASTHANAM HELD IN ALL LOCAL TEMPLES OF TTD,https://news.tirumala.org/anivara-asthanam-held-in-all-local-temples-of-ttd-_-%e0%b0%9f%e0%b0%bf%e0%b0%9f%e0%b0%bf%e0%b0%a1%e0%b0%bf-%e0%b0%b8%e0%b1%8d%e0%b0%a5%e0%b0%be%e0%b0%a8%e0%b0%bf%e0%b0%95%e0%b0%be%e0%b0%b2%e2%80%8c/
2021-07-20,Brahmotsavams,same_day_report,unspecified,major,BRAHMOTSAVAMS BEGINS AT THALLAPAKA TEMPLES,https://news.tirumala.org/brahmotsavams-begins-at-thallapaka-temples-_-%e0%b0%a4%e0%b0%be%e0%b0%b3%e0%b1%8d%e0%b0%b3%e0%b0%aa%e0%b0%be%e0%b0%95%e2%80%8c-%e0%b0%b6%e0%b1%8d%e0%b0%b0%e0%b1%80-%e0%b0%9a%e0%b1%86%e0%b0%a8%e0%b1%8d/
2021-07-21,Pavitrotsavam,same_day_report,unspecified,minor,PAVITROTSAVAMS COMMENCES IN KT,https://news.tirumala.org/%e0%b0%b6%e0%b1%8d%e0%b0%b0%e0%b1%80-%e0%b0%95%e0%b0%aa%e0%b0%bf%e0%b0%b2%e0%b1%87%e0%b0%b6%e0%b1%8d%e0%b0%b5%e0%b0%b0%e0%b0%be%e0%b0%b2%e0%b0%af%e0%b0%82%e0%b0%b2%e0%b1%8b-%e0%b0%aa%e0%b0%b5-2/
2021-07-22,Pavitrotsavam,announced_dates,unspecified,minor,PAVITROTSAVAMS IN KAPILSESWARA SWAMY TEMPLE FROM JULY 21 TO 23,https://news.tirumala.org/pavitrotsavams-in-kapilseswara-swamy-temple-from-july-21-to-23-_-%e0%b0%9c%e0%b1%82%e0%b0%b2%e0%b1%88-21-%e0%b0%a8%e0%b1%81%e0%b0%82%e0%b0%a1%e0%b0%bf-23%e0%b0%b5-%e0%b0%a4%e0%b1%87%e0%b0%a6%e0%b1%80/
2021-07-23,Pavitrotsavam,announced_dates,unspecified,minor,PAVITROTSAVAMS IN KAPILSESWARA SWAMY TEMPLE FROM JULY 21 TO 23,https://news.tirumala.org/pavitrotsavams-in-kapilseswara-swamy-temple-from-july-21-to-23-_-%e0%b0%9c%e0%b1%82%e0%b0%b2%e0%b1%88-21-%e0%b0%a8%e0%b1%81%e0%b0%82%e0%b0%a1%e0%b0%bf-23%e0%b0%b5-%e0%b0%a4%e0%b1%87%e0%b0%a6%e0%b1%80/
2021-07-24,Garuda Seva,same_day_report,unspecified,minor,POURNAMI GARUDA SEVA HELD,https://news.tirumala.org/pournami-garuda-seva-held-3/
2021-08-04,Pavitrotsavam,announced_dates,unspecified,minor,PAVITROTSAVAM AT SRI KRT FROM AUG 4 TO 6,https://news.tirumala.org/pavitrotsavam-at-sri-krt-from-aug-4-to-6/
2021-08-05,Pavitrotsavam,announced_dates,unspecified,minor,PAVITROTSAVAM AT SRI KRT FROM AUG 4 TO 6,https://news.tirumala.org/pavitrotsavam-at-sri-krt-from-aug-4-to-6/
2021-08-06,Pavitrotsavam,announced_dates,unspecified,minor,PAVITROTSAVAM AT SRI KRT FROM AUG 4 TO 6,https://news.tirumala.org/pavitrotsavam-at-sri-krt-from-aug-4-to-6/
2021-08-15,Independence Day,fixed_national_holiday,national,major,fixed calendar date,
2021-08-17,Pavitrotsavam,same_day_report,unspecified,minor,ANKURARPANA HELD FOR ANNUAL PAVITROTSAVAMS,https://news.tirumala.org/ankurarpana-held-for-annual-pavitrotsavams-_-%e0%b0%b6%e0%b1%8d%e0%b0%b0%e0%b1%80%e0%b0%b5%e0%b0%be%e0%b0%b0%e0%b0%bf-%e0%b0%aa%e2%80%8c%e0%b0%b5%e0%b0%bf%e0%b0%a4%e0%b1%8d%e0%b0%b0%e0%b1%8b%e0%b0%a4/
2021-08-17,Varalakshmi Vratam,same_day_report,unspecified,major,"TTD MULLS STATE WIDE CELEBRATIONS OF SRAVANA POURNAMI, VARALAKSHMI VRATAM AND KRISHNASTAMI FESTIVITIES",https://news.tirumala.org/%e0%b0%b0%e0%b0%be%e0%b0%b7%e0%b1%8d%e0%b0%9f%e0%b1%8d%e0%b0%b0-%e0%b0%b5%e0%b1%8d%e0%b0%af%e0%b0%be%e0%b0%aa%e0%b1%8d%e0%b0%a4%e0%b0%82%e0%b0%97%e0%b0%be-%e0%b0%b6%e0%b1%8d%e0%b0%b0%e0%b0%be/
2021-08-18,Pavitrotsavam,announced_dates,tirumala,minor,PAVITROTSAVAM AT SRIVARI TEMPLE FROM AUG 18-20,https://news.tirumala.org/%e0%b0%86%e0%b0%97%e2%80%8c%e0%b0%b8%e0%b1%8d%e0%b0%9f%e0%b1%81-18-%e0%b0%a8%e0%b1%81%e0%b0%82%e0%b0%9a%e0%b0%bf-20%e0%b0%b5-%e0%b0%a4%e0%b1%87%e0%b0%a6%e0%b1%80-%e0%b0%b5%e0%b0%b0%e0%b0%95%e0%b1%81-2/
2021-08-19,Pavitrotsavam,announced_dates,tirumala,minor,PAVITROTSAVAM AT SRIVARI TEMPLE FROM AUG 18-20,https://news.tirumala.org/%e0%b0%86%e0%b0%97%e2%80%8c%e0%b0%b8%e0%b1%8d%e0%b0%9f%e0%b1%81-18-%e0%b0%a8%e0%b1%81%e0%b0%82%e0%b0%9a%e0%b0%bf-20%e0%b0%b5-%e0%b0%a4%e0%b1%87%e0%b0%a6%e0%b1%80-%e0%b0%b5%e0%b0%b0%e0%b0%95%e0%b1%81-2/
2021-08-20,Pavitrotsavam,announced_dates,tirumala,minor,PAVITROTSAVAM AT SRIVARI TEMPLE FROM AUG 18-20,https://news.tirumala.org/%e0%b0%86%e0%b0%97%e2%80%8c%e0%b0%b8%e0%b1%8d%e0%b0%9f%e0%b1%81-18-%e0%b0%a8%e0%b1%81%e0%b0%82%e0%b0%9a%e0%b0%bf-20%e0%b0%b5-%e0%b0%a4%e0%b1%87%e0%b0%a6%e0%b1%80-%e0%b0%b5%e0%b0%b0%e0%b0%95%e0%b1%81-2/
2021-08-20,Varalakshmi Vratam,announced_dates,other_temple,major,ALL SET FOR VARALAKSHMI VRATAM AT TIRUCHANOOR ON AUGUST 20,https://news.tirumala.org/%e0%b0%86%e0%b0%97%e2%80%8c%e0%b0%b8%e0%b1%8d%e0%b0%9f%e0%b1%81-20%e0%b0%a8-%e0%b0%b6%e0%b1%8d%e0%b0%b0%e0%b1%80-%e0%b0%aa%e0%b0%a6%e0%b1%8d%e0%b0%ae%e0%b0%be%e0%b0%b5%e0%b0%a4%e0%b0%bf-%e0%b0%85/
2021-08-22,Garuda Seva,announced_dates,unspecified,minor,POURNAMI GARUDA SEVA ON AUGUST 22,https://news.tirumala.org/pournami-garuda-seva-on-august-22/
2021-08-24,Brahmotsavams,announced_dates,other_temple,major,NARAYANAVANAM TEMPLE BRAHMOTSAVAM FROM AUGUST 24- SEPTEMBER 10,https://news.tirumala.org/%e0%b0%86%e0%b0%97%e2%80%8c%e0%b0%b8%e0%b1%8d%e0%b0%9f%e0%b1%81-24-%e0%b0%a8%e0%b1%81%e0%b0%82%e0%b0%a1%e0%b0%bf-%e0%b0%b8%e0%b1%86%e0%b0%aa%e0%b1%8d%e0%b0%9f%e0%b1%86%e0%b0%82%e0%b0%ac%e2%80%8c/
2021-08-30,Sri Krishna Janmashtami,announced_dates,unspecified,major,SRI KRISHNA JANMASHTAMI ASTHANAM ON AUGUST 30 AND UTLOTSAVAM IN EKANTAM ON AUGUST 31,https://news.tirumala.org/sri-krishna-janmashtami-asthanam-on-august-30-and-utlotsavam-in-ekantam-on-august-31-_-%e0%b0%a4%e0%b0%bf%e0%b0%b0%e0%b1%81%e0%b0%ae%e0%b0%b2%e0%b0%b2%e0%b1%8b-%e0%b0%86%e0%b0%97%e0%b0%b8%e0%b1%8d/
2021-09-07,Pavitrotsavam,same_day_report,other_temple,minor,PAVITROTSAVAMS COMMENCES AT VONTIMITTA,https://news.tirumala.org/%e0%b0%92%e0%b0%82%e0%b0%9f%e0%b0%bf%e0%b0%ae%e0%b0%bf%e0%b0%9f%e0%b1%8d%e0%b0%9f-%e0%b0%b6%e0%b1%8d%e0%b0%b0%e0%b1%80-%e0%b0%95%e0%b1%8b%e0%b0%a6%e0%b0%82%e0%b0%a1%e0%b0%b0%e0%b0%be%e0%b0%ae%e0%b0%be/
2021-09-09,Pavitrotsavam,same_day_report,other_temple,minor,PAVITROTSAVAM ENDS AT VONTIMITTA IN SRI KRT,https://news.tirumala.org/pavitrotsavam-ends-at-vontimitta-in-sri-krt-_-%e0%b0%92%e0%b0%82%e0%b0%9f%e0%b0%bf%e0%b0%ae%e0%b0%bf%e0%b0%9f%e0%b1%8d%e0%b0%9f-%e0%b0%b6%e0%b1%8d%e0%b0%b0%e0%b1%80-%e0%b0%95%e0%b1%8b%e0%b0%a6/
2021-09-11,Pavitrotsavam,same_day_report,unspecified,minor,PAVITROTSAVAM BEGINS AT THALLAPAKA TEMPLE,https://news.tirumala.org/pavitrotsavam-begins-at-thallapaka-temple/
2021-09-16,Pavitrotsavam,announced_dates,unspecified,minor,SRI GT PAVITROTSAVAMS FROM SEPTEMBER 16 TO 18,https://news.tirumala.org/%e0%b0%b8%e0%b1%86%e0%b0%aa%e0%b1%8d%e0%b0%9f%e0%b1%86%e0%b0%82%e0%b0%ac%e2%80%8c%e0%b0%b0%e0%b1%81-16-%e0%b0%a8%e0%b1%81%e0%b0%82%e0%b0%a1%e0%b0%bf-18%e0%b0%b5-%e0%b0%a4%e0%b1%87%e0%b0%a6%e0%b1%80/
2021-09-17,Pavitrotsavam,same_day_report,other_temple,minor,ANKURARPANA FOR DEVUNI KADAPA AND TIRUCHANOOR PAVITROTSAVAMS HELD,https://news.tirumala.org/%e0%b0%b6%e0%b0%be%e0%b0%b8%e0%b1%8d%e0%b0%a4%e0%b1%8d%e0%b0%b0%e0%b1%8b%e0%b0%95%e0%b1%8d%e0%b0%a4%e0%b0%82%e0%b0%97%e0%b0%be-%e0%b0%a6%e0%b1%87%e0%b0%b5%e0%b1%81%e0%b0%a8%e0%b0%bf-%e0%b0%95%e0%b0%a1/
2021-09-18,Pavitrotsavam,same_day_report,unspecified,minor,PAVITROTSAVAMS CONCLUDES IN JAMMALAMADUGU TEMPLE,https://news.tirumala.org/pavitrotsavams-concludes-in-jammalamadugu-temple/
2021-09-19,Pavitrotsavam,announced_dates,other_temple,minor,"PAVITROTSAVAMS IN NARAYANAVANAM ON SEPTEMBER 19, 20",https://news.tirumala.org/%e0%b0%b8%e0%b1%86%e0%b0%aa%e0%b1%8d%e0%b0%9f%e0%b1%86%e0%b0%82%e0%b0%ac%e2%80%8c%e0%b0%b0%e0%b1%81-19-20%e0%b0%b5-%e0%b0%a4%e0%b1%87%e0%b0%a6%e0%b1%80%e0%b0%b2%e0%b1%8d%e0%b0%b2%e0%b1%8b-%e0%b0%b6/
2021-09-20,Garuda Seva,same_day_report,unspecified,minor,POURNAMI GARUDA SEVA HELD,https://news.tirumala.org/pournami-garuda-seva-held-_-%e0%b0%b5%e0%b1%88%e0%b0%ad%e0%b0%b5%e0%b0%82%e0%b0%97%e0%b0%be-%e0%b0%aa%e0%b1%8c%e0%b0%b0%e0%b1%8d%e0%b0%a3%e0%b0%ae%e0%b0%bf-%e0%b0%97%e0%b0%b0%e0%b1%81%e0%b0%a1/
2021-09-20,Pavitrotsavam,announced_dates,unspecified,minor,VIRTUAL PAVITROTSAVAM AT SRI PAT FROM SEPTEMBER 18 TO 23,https://news.tirumala.org/%e0%b0%b8%e0%b1%86%e0%b0%aa%e0%b1%8d%e0%b0%9f%e0%b1%86%e0%b0%82%e0%b0%ac%e0%b0%b0%e0%b1%81-18-%e0%b0%a8%e0%b1%81%e0%b0%82%e0%b0%a1%e0%b0%bf-20%e0%b0%b5%e2%80%8c-%e0%b0%a4%e0%b1%87%e0%b0%a6%e0%b1%80/
2021-09-21,Pavitrotsavam,announced_dates,unspecified,minor,VIRTUAL PAVITROTSAVAM AT SRI PAT FROM SEPTEMBER 18 TO 23,https://news.tirumala.org/%e0%b0%b8%e0%b1%86%e0%b0%aa%e0%b1%8d%e0%b0%9f%e0%b1%86%e0%b0%82%e0%b0%ac%e0%b0%b0%e0%b1%81-18-%e0%b0%a8%e0%b1%81%e0%b0%82%e0%b0%a1%e0%b0%bf-20%e0%b0%b5%e2%80%8c-%e0%b0%a4%e0%b1%87%e0%b0%a6%e0%b1%80/
2021-09-22,Pavitrotsavam,announced_dates,unspecified,minor,VIRTUAL PAVITROTSAVAM AT SRI PAT FROM SEPTEMBER 18 TO 23,https://news.tirumala.org/%e0%b0%b8%e0%b1%86%e0%b0%aa%e0%b1%8d%e0%b0%9f%e0%b1%86%e0%b0%82%e0%b0%ac%e0%b0%b0%e0%b1%81-18-%e0%b0%a8%e0%b1%81%e0%b0%82%e0%b0%a1%e0%b0%bf-20%e0%b0%b5%e2%80%8c-%e0%b0%a4%e0%b1%87%e0%b0%a6%e0%b1%80/
2021-09-23,Pavitrotsavam,announced_dates,unspecified,minor,VIRTUAL PAVITROTSAVAM AT SRI PAT FROM SEPTEMBER 18 TO 23,https://news.tirumala.org/%e0%b0%b8%e0%b1%86%e0%b0%aa%e0%b1%8d%e0%b0%9f%e0%b1%86%e0%b0%82%e0%b0%ac%e0%b0%b0%e0%b1%81-18-%e0%b0%a8%e0%b1%81%e0%b0%82%e0%b0%a1%e0%b0%bf-20%e0%b0%b5%e2%80%8c-%e0%b0%a4%e0%b1%87%e0%b0%a6%e0%b1%80/
2021-10-02,Gandhi Jayanti,fixed_national_holiday,national,major,fixed calendar date,
2021-10-05,Srivari Annual Brahmotsavams,same_day_report,unspecified,major,శ్రీవారి ఆలయంలో శాస్త్రోక్తంగా కోయిల్‌ ఆళ్వార్‌ తిరుమంజనం_ KOIL ALWAR TIRUMANJANAM FOR ANNUAL BRAHMOTSAVAM HELD,https://news.tirumala.org/koil-alwar-tirumanjanam-for-annual-brahmotsavam-held/
2021-10-06,Srivari Annual Brahmotsavams,same_day_report,unspecified,major,ANKURARPANA HELD FOR ANNUAL BRAHMOTSAVAMS,https://news.tirumala.org/ankurarpana-held-for-annual-brahmotsavams-_-%e0%b0%b6%e0%b1%8d%e0%b0%b0%e0%b1%80%e0%b0%b5%e0%b0%be%e0%b0%b0%e0%b0%bf-%e0%b0%ac%e0%b1%8d%e0%b0%b0%e0%b0%b9%e0%b1%8d%e0%b0%ae%e0%b1%8b%e0%b0%a4%e0%b1%8d/
2021-10-07,Srivari Annual Brahmotsavams,announced_dates,tirumala,major,SRIVARI ANNUAL BRAHMOTSAVAMS IN TIRUMALA FROM OCTOBER 7 TO 15,https://news.tirumala.org/%e0%b0%b6%e0%b1%8d%e0%b0%b0%e0%b1%80%e2%80%8c%e0%b0%b5%e0%b0%be%e0%b0%b0%e0%b0%bf-%e0%b0%b8%e0%b0%be%e0%b0%b2%e2%80%8c%e0%b0%95%e2%80%8c%e0%b0%9f%e0%b1%8d%e0%b0%b2-%e0%b0%ac%e0%b1%8d%e0%b0%b0-2/
2021-10-08,Srivari Annual Brahmotsavams,announced_dates,tirumala,major,SRIVARI ANNUAL BRAHMOTSAVAMS IN TIRUMALA FROM OCTOBER 7 TO 15,https://news.tirumala.org/%e0%b0%b6%e0%b1%8d%e0%b0%b0%e0%b1%80%e2%80%8c%e0%b0%b5%e0%b0%be%e0%b0%b0%e0%b0%bf-%e0%b0%b8%e0%b0%be%e0%b0%b2%e2%80%8c%e0%b0%95%e2%80%8c%e0%b0%9f%e0%b1%8d%e0%b0%b2-%e0%b0%ac%e0%b1%8d%e0%b0%b0-2/
2021-10-09,Srivari Annual Brahmotsavams,announced_dates,tirumala,major,SRIVARI ANNUAL BRAHMOTSAVAMS IN TIRUMALA FROM OCTOBER 7 TO 15,https://news.tirumala.org/%e0%b0%b6%e0%b1%8d%e0%b0%b0%e0%b1%80%e2%80%8c%e0%b0%b5%e0%b0%be%e0%b0%b0%e0%b0%bf-%e0%b0%b8%e0%b0%be%e0%b0%b2%e2%80%8c%e0%b0%95%e2%80%8c%e0%b0%9f%e0%b1%8d%e0%b0%b2-%e0%b0%ac%e0%b1%8d%e0%b0%b0-2/
2021-10-10,Srivari Annual Brahmotsavams,announced_dates,tirumala,major,SRIVARI ANNUAL BRAHMOTSAVAMS IN TIRUMALA FROM OCTOBER 7 TO 15,https://news.tirumala.org/%e0%b0%b6%e0%b1%8d%e0%b0%b0%e0%b1%80%e2%80%8c%e0%b0%b5%e0%b0%be%e0%b0%b0%e0%b0%bf-%e0%b0%b8%e0%b0%be%e0%b0%b2%e2%80%8c%e0%b0%95%e2%80%8c%e0%b0%9f%e0%b1%8d%e0%b0%b2-%e0%b0%ac%e0%b1%8d%e0%b0%b0-2/
2021-10-11,Srivari Annual Brahmotsavams,announced_dates,tirumala,major,SRIVARI ANNUAL BRAHMOTSAVAMS IN TIRUMALA FROM OCTOBER 7 TO 15,https://news.tirumala.org/%e0%b0%b6%e0%b1%8d%e0%b0%b0%e0%b1%80%e2%80%8c%e0%b0%b5%e0%b0%be%e0%b0%b0%e0%b0%bf-%e0%b0%b8%e0%b0%be%e0%b0%b2%e2%80%8c%e0%b0%95%e2%80%8c%e0%b0%9f%e0%b1%8d%e0%b0%b2-%e0%b0%ac%e0%b1%8d%e0%b0%b0-2/
2021-10-12,Srivari Annual Brahmotsavams,announced_dates,tirumala,major,SRIVARI ANNUAL BRAHMOTSAVAMS IN TIRUMALA FROM OCTOBER 7 TO 15,https://news.tirumala.org/%e0%b0%b6%e0%b1%8d%e0%b0%b0%e0%b1%80%e2%80%8c%e0%b0%b5%e0%b0%be%e0%b0%b0%e0%b0%bf-%e0%b0%b8%e0%b0%be%e0%b0%b2%e2%80%8c%e0%b0%95%e2%80%8c%e0%b0%9f%e0%b1%8d%e0%b0%b2-%e0%b0%ac%e0%b1%8d%e0%b0%b0-2/
2021-10-13,Srivari Annual Brahmotsavams,announced_dates,tirumala,major,SRIVARI ANNUAL BRAHMOTSAVAMS IN TIRUMALA FROM OCTOBER 7 TO 15,https://news.tirumala.org/%e0%b0%b6%e0%b1%8d%e0%b0%b0%e0%b1%80%e2%80%8c%e0%b0%b5%e0%b0%be%e0%b0%b0%e0%b0%bf-%e0%b0%b8%e0%b0%be%e0%b0%b2%e2%80%8c%e0%b0%95%e2%80%8c%e0%b0%9f%e0%b1%8d%e0%b0%b2-%e0%b0%ac%e0%b1%8d%e0%b0%b0-2/
2021-10-14,Srivari Annual Brahmotsavams,announced_dates,tirumala,major,SRIVARI ANNUAL BRAHMOTSAVAMS IN TIRUMALA FROM OCTOBER 7 TO 15,https://news.tirumala.org/%e0%b0%b6%e0%b1%8d%e0%b0%b0%e0%b1%80%e2%80%8c%e0%b0%b5%e0%b0%be%e0%b0%b0%e0%b0%bf-%e0%b0%b8%e0%b0%be%e0%b0%b2%e2%80%8c%e0%b0%95%e2%80%8c%e0%b0%9f%e0%b1%8d%e0%b0%b2-%e0%b0%ac%e0%b1%8d%e0%b0%b0-2/
2021-10-15,Srivari Annual Brahmotsavams,same_day_report,tirumala,major,CULTURAL PROGRAMMES AS PART OF SRI VARI ANNUAL BRAHMOTSAVAMS CONCLUDED IN TIRUMALA,https://news.tirumala.org/cultural-programmes-as-part-of-sri-vari-annual-brahmotsavams-concluded-in-tirumala/
2021-10-18,Pavitrotsavam,announced_dates,other_temple,minor,ANKURARPANAM FOR PAVITROTSAVAM OF VALMIKIPURAM TEMPLE ON OCTOBER 18,https://news.tirumala.org/%e0%b0%85%e0%b0%95%e0%b1%8d%e0%b0%9f%e0%b1%8b%e0%b0%ac%e2%80%8c%e0%b0%b0%e0%b1%81-18%e0%b0%a8-%e0%b0%b5%e0%b0%be%e0%b0%b2%e0%b1%8d%e0%b0%ae%e0%b1%80%e0%b0%95%e0%b0%bf%e0%b0%aa%e0%b1%81%e0%b0%b0/
2021-10-20,Garuda Seva,announced_dates,unspecified,minor,POURNAMI GARUDA SEVA ON OCTOBER 20,https://news.tirumala.org/pournami-garuda-seva-on-october-20-_-%e0%b0%85%e0%b0%95%e0%b1%8d%e0%b0%9f%e0%b1%8b%e0%b0%ac%e2%80%8c%e0%b0%b0%e0%b1%81-20%e0%b0%a8-%e0%b0%aa%e0%b1%8c%e0%b0%b0%e0%b1%8d%e0%b0%a3%e2%80%8c%e0%b0%ae/
2021-10-31,Pavitrotsavam,same_day_report,unspecified,minor,SKVST PAVITROTSAVAMS COMMENCES,https://news.tirumala.org/skvst-pavitrotsavams-commences/
2021-11-01,Pavitrotsavam,announced_dates,other_temple,minor,PAVITROTSAVAMS AT JUBILEE HILLS TEMPLE FROM OCTOBER 31- NOVEMBER 2,https://news.tirumala.org/%e0%b0%85%e0%b0%95%e0%b1%8d%e0%b0%9f%e0%b1%8b%e0%b0%ac%e2%80%8c%e0%b0%b0%e0%b1%81-31-%e0%b0%a8%e0%b1%81%e0%b0%82%e0%b0%a1%e0%b0%bf-%e0%b0%a8%e2%80%8c%e0%b0%b5%e0%b0%82%e0%b0%ac%e2%80%8c%e0%b0%b0/
2021-11-02,Pavitrotsavam,announced_dates,other_temple,minor,PAVITROTSAVAMS AT JUBILEE HILLS TEMPLE FROM OCTOBER 31- NOVEMBER 2,https://news.tirumala.org/%e0%b0%85%e0%b0%95%e0%b1%8d%e0%b0%9f%e0%b1%8b%e0%b0%ac%e2%80%8c%e0%b0%b0%e0%b1%81-31-%e0%b0%a8%e0%b1%81%e0%b0%82%e0%b0%a1%e0%b0%bf-%e0%b0%a8%e2%80%8c%e0%b0%b5%e0%b0%82%e0%b0%ac%e2%80%8c%e0%b0%b0/
2021-11-04,Deepavali,same_day_report,unspecified,major,DEEPAVALI ASTHANAM HELD IN LOCAL TEMPLES,https://news.tirumala.org/deepavali-asthanam-held-in-local-temples-_-%e0%b0%9f%e0%b0%bf%e0%b0%9f%e0%b0%bf%e0%b0%a1%e0%b0%bf-%e0%b0%b8%e0%b1%8d%e0%b0%a5%e0%b0%be%e0%b0%a8%e0%b0%bf%e0%b0%95%e0%b0%be%e0%b0%b2%e2%80%8c%e0%b0%af/
2021-11-19,Garuda Seva,same_day_report,unspecified,minor,POURNAMI GARUDA SEVA HELD,https://news.tirumala.org/pournami-garuda-seva-held-_-%e0%b0%b6%e0%b1%8d%e0%b0%b0%e0%b1%80%e0%b0%b5%e0%b0%be%e0%b0%b0%e0%b0%bf-%e0%b0%86%e0%b0%b2%e0%b0%af%e0%b0%82%e0%b0%b2%e0%b1%8b-%e0%b0%95%e0%b0%be%e0%b0%b0%e0%b1%8d/
2021-11-30,Pavitrotsavam,announced_dates,unspecified,minor,PAVITROTSAVAM NAGALAPURAM TEMPLE FROM NOV 30- DEC 1,https://news.tirumala.org/%e0%b0%a8%e2%80%8c%e0%b0%b5%e0%b0%82%e0%b0%ac%e2%80%8c%e0%b0%b0%e0%b1%81-30-%e0%b0%a8%e0%b1%81%e0%b0%82%e0%b0%a1%e0%b0%bf-%e0%b0%a8%e0%b0%be%e0%b0%97%e0%b0%b2%e0%b0%be%e0%b0%aa%e0%b1%81%e0%b0%b0/
2021-11-30,Srivari Annual Brahmotsavams,same_day_report,other_temple,major,ANNUAL BRAHMOTSAVAMS OF SRI PADMAVATHI AMMAVARU COMMENCES,https://news.tirumala.org/annual-brahmotsavams-of-sri-padmavathi-ammavaru-commences-_-%e0%b0%a7%e0%b1%8d%e0%b0%b5%e0%b0%9c%e0%b0%be%e0%b0%b0%e0%b1%8b%e0%b0%b9%e0%b0%a3%e0%b0%82%e0%b0%a4%e0%b1%8b-%e0%b0%b6%e0%b1%8d%e0%b0%b0/
2021-12-01,Pavitrotsavam,announced_dates,unspecified,minor,PAVITROTSAVAM NAGALAPURAM TEMPLE FROM NOV 30- DEC 1,https://news.tirumala.org/%e0%b0%a8%e2%80%8c%e0%b0%b5%e0%b0%82%e0%b0%ac%e2%80%8c%e0%b0%b0%e0%b1%81-30-%e0%b0%a8%e0%b1%81%e0%b0%82%e0%b0%a1%e0%b0%bf-%e0%b0%a8%e0%b0%be%e0%b0%97%e0%b0%b2%e0%b0%be%e0%b0%aa%e0%b1%81%e0%b0%b0/
2021-12-01,Srivari Annual Brahmotsavams,announced_dates,other_temple,major,TIRUCHANOOR ANNUAL BRAHMOTSAVAMS FROM NOVEMBER 30 TO DECEMBER 8,https://news.tirumala.org/tiruchanoor-annual-brahmotsavams-from-november-30-to-december-8-_-%e0%b0%a4%e0%b0%bf%e0%b0%b0%e0%b1%81%e0%b0%9a%e0%b0%be%e0%b0%a8%e0%b1%82%e0%b0%b0%e0%b1%81-%e0%b0%b6%e0%b1%8d%e0%b0%b0%e0%b1%80/
2021-12-02,Srivari Annual Brahmotsavams,announced_dates,other_temple,major,TIRUCHANOOR ANNUAL BRAHMOTSAVAMS FROM NOVEMBER 30 TO DECEMBER 8,https://news.tirumala.org/tiruchanoor-annual-brahmotsavams-from-november-30-to-december-8-_-%e0%b0%a4%e0%b0%bf%e0%b0%b0%e0%b1%81%e0%b0%9a%e0%b0%be%e0%b0%a8%e0%b1%82%e0%b0%b0%e0%b1%81-%e0%b0%b6%e0%b1%8d%e0%b0%b0%e0%b1%80/
2021-12-03,Srivari Annual Brahmotsavams,announced_dates,other_temple,major,TIRUCHANOOR ANNUAL BRAHMOTSAVAMS FROM NOVEMBER 30 TO DECEMBER 8,https://news.tirumala.org/tiruchanoor-annual-brahmotsavams-from-november-30-to-december-8-_-%e0%b0%a4%e0%b0%bf%e0%b0%b0%e0%b1%81%e0%b0%9a%e0%b0%be%e0%b0%a8%e0%b1%82%e0%b0%b0%e0%b1%81-%e0%b0%b6%e0%b1%8d%e0%b0%b0%e0%b1%80/
2021-12-04,Srivari Annual Brahmotsavams,announced_dates,other_temple,major,TIRUCHANOOR ANNUAL BRAHMOTSAVAMS FROM NOVEMBER 30 TO DECEMBER 8,https://news.tirumala.org/tiruchanoor-annual-brahmotsavams-from-november-30-to-december-8-_-%e0%b0%a4%e0%b0%bf%e0%b0%b0%e0%b1%81%e0%b0%9a%e0%b0%be%e0%b0%a8%e0%b1%82%e0%b0%b0%e0%b1%81-%e0%b0%b6%e0%b1%8d%e0%b0%b0%e0%b1%80/
2021-12-04,Vasanthotsavam,same_day_report,unspecified,minor,VASANTHOTSAVAM HELD,https://news.tirumala.org/vasanthotsavam-held-_-%e0%b0%b6%e0%b1%8d%e0%b0%b0%e0%b1%80-%e0%b0%aa%e0%b0%a6%e0%b1%8d%e0%b0%ae%e0%b0%be%e0%b0%b5%e0%b0%a4%e0%b0%bf-%e0%b0%85%e0%b0%ae%e0%b1%8d%e0%b0%ae%e0%b0%b5%e0%b0%be%e0%b0%b0/
2021-12-05,Garuda Seva,same_day_report,unspecified,minor,GARUDA SEVA HELD,https://news.tirumala.org/garuda-seva-held-_-%e0%b0%97%e0%b0%b0%e0%b1%81%e0%b0%a1-%e0%b0%b5%e0%b0%be%e0%b0%b9%e0%b0%a8%e0%b0%82%e0%b0%aa%e0%b1%88-%e0%b0%b2%e0%b1%8b%e0%b0%95%e0%b0%ae%e0%b0%be%e0%b0%a4/
2021-12-05,Srivari Annual Brahmotsavams,announced_dates,other_temple,major,TIRUCHANOOR ANNUAL BRAHMOTSAVAMS FROM NOVEMBER 30 TO DECEMBER 8,https://news.tirumala.org/tiruchanoor-annual-brahmotsavams-from-november-30-to-december-8-_-%e0%b0%a4%e0%b0%bf%e0%b0%b0%e0%b1%81%e0%b0%9a%e0%b0%be%e0%b0%a8%e0%b1%82%e0%b0%b0%e0%b1%81-%e0%b0%b6%e0%b1%8d%e0%b0%b0%e0%b1%80/
2021-12-06,Srivari Annual Brahmotsavams,announced_dates,other_temple,major,TIRUCHANOOR ANNUAL BRAHMOTSAVAMS FROM NOVEMBER 30 TO DECEMBER 8,https://news.tirumala.org/tiruchanoor-annual-brahmotsavams-from-november-30-to-december-8-_-%e0%b0%a4%e0%b0%bf%e0%b0%b0%e0%b1%81%e0%b0%9a%e0%b0%be%e0%b0%a8%e0%b1%82%e0%b0%b0%e0%b1%81-%e0%b0%b6%e0%b1%8d%e0%b0%b0%e0%b1%80/
2021-12-07,Srivari Annual Brahmotsavams,announced_dates,other_temple,major,TIRUCHANOOR ANNUAL BRAHMOTSAVAMS FROM NOVEMBER 30 TO DECEMBER 8,https://news.tirumala.org/tiruchanoor-annual-brahmotsavams-from-november-30-to-december-8-_-%e0%b0%a4%e0%b0%bf%e0%b0%b0%e0%b1%81%e0%b0%9a%e0%b0%be%e0%b0%a8%e0%b1%82%e0%b0%b0%e0%b1%81-%e0%b0%b6%e0%b1%8d%e0%b0%b0%e0%b1%80/
2021-12-08,Srivari Annual Brahmotsavams,announced_dates,other_temple,major,TIRUCHANOOR ANNUAL BRAHMOTSAVAMS FROM NOVEMBER 30 TO DECEMBER 8,https://news.tirumala.org/tiruchanoor-annual-brahmotsavams-from-november-30-to-december-8-_-%e0%b0%a4%e0%b0%bf%e0%b0%b0%e0%b1%81%e0%b0%9a%e0%b0%be%e0%b0%a8%e0%b1%82%e0%b0%b0%e0%b1%81-%e0%b0%b6%e0%b1%8d%e0%b0%b0%e0%b1%80/
2021-12-14,Tiruppavai / Dhanurmasam,same_day_report,unspecified,minor,TIRUPPAVAI PARAYANAM TO COMMENCE,https://news.tirumala.org/%e0%b0%a1%e0%b0%bf%e0%b0%b8%e0%b1%86%e0%b0%82%e0%b0%ac%e0%b0%b0%e0%b1%81-16-%e0%b0%a8%e0%b1%81%e0%b0%82%e0%b0%a1%e0%b0%bf-2022-%e0%b0%9c%e0%b0%a8%e0%b0%b5%e0%b0%b0%e0%b0%bf-14%e0%b0%b5-%e0%b0%a4/
2021-12-19,Garuda Seva,same_day_report,unspecified,minor,GRAND POURNAMI GARUDA SEVA HELD,https://news.tirumala.org/%e0%b0%b6%e0%b1%8d%e0%b0%b0%e0%b1%80%e0%b0%b5%e0%b0%be%e0%b0%b0%e0%b0%bf-%e0%b0%86%e0%b0%b2%e0%b0%af%e0%b0%82%e0%b0%b2%e0%b1%8b-%e0%b0%b5%e0%b1%88%e0%b0%ad%e0%b0%b5%e0%b0%82%e0%b0%97%e0%b0%be/
2021-12-19,Teppotsavam,same_day_report,unspecified,minor,TEPPOTSAVAM CONCLUDED AT SRI KT,https://news.tirumala.org/%e0%b0%ae%e0%b1%81%e0%b0%97%e0%b0%bf%e0%b0%b8%e0%b0%bf%e0%b0%a8-%e0%b0%b6%e0%b1%8d%e0%b0%b0%e0%b1%80-%e0%b0%95%e0%b0%aa%e0%b0%bf%e0%b0%b2%e0%b1%87%e0%b0%b6%e0%b1%8d%e0%b0%b5%e0%b0%b0%e0%b0%b8%e0%b1%8d/
2021-12-25,Christmas,fixed_national_holiday,national,major,fixed calendar date,
2022-01-01,New Year's Day,fixed_national_holiday,national,major,fixed calendar date,
2022-01-26,Republic Day,fixed_national_holiday,national,major,fixed calendar date,
2022-02-08,Rathasapthami,announced_dates,tirumala,major,RATHA SAPTHAMI IN EKANTHAM AT TIRUMALA ON FEBRUARY 8,https://news.tirumala.org/%e0%b0%ab%e0%b0%bf%e0%b0%ac%e0%b1%8d%e0%b0%b0%e2%80%8c%e0%b0%b5%e2%80%8c%e0%b0%b0%e0%b0%bf-8%e0%b0%a8-%e0%b0%a4%e0%b0%bf%e0%b0%b0%e0%b1%81%e0%b0%ae%e2%80%8c%e0%b0%b2%e2%80%8c%e0%b0%b2%e0%b1%8b/
2022-02-10,Teppotsavam,same_day_report,unspecified,minor,TEPPOTSAVAMS COMMENCE IN SRI GT IN EKANTAM,https://news.tirumala.org/teppotsavams-commence-in-sri-gt-in-ekantam-_-%e0%b0%b6%e0%b1%8d%e0%b0%b0%e0%b1%80-%e0%b0%97%e0%b1%8b%e0%b0%b5%e0%b0%bf%e0%b0%82%e0%b0%a6%e0%b0%b0%e0%b0%be%e0%b0%9c%e0%b0%b8%e0%b1%8d%e0%b0%b5%e0%b0%be/
2022-02-12,Teppotsavam,same_day_report,unspecified,minor,TEPPOTSAVAMS IN EKANTAM HELD,https://news.tirumala.org/teppotsavams-in-ekantam-held-_-%e0%b0%b6%e0%b1%8d%e0%b0%b0%e0%b1%80-%e0%b0%95%e2%80%8c%e0%b0%b2%e0%b1%8d%e0%b0%af%e0%b0%be%e0%b0%a3-%e0%b0%b5%e0%b1%87%e0%b0%82%e0%b0%95%e2%80%8c%e0%b0%9f%e0%b1%87/
2022-02-16,Garuda Seva,same_day_report,unspecified,minor,GARUDA SEVA HELD,https://news.tirumala.org/garuda-seva-held-_-%e0%b0%b6%e0%b1%8d%e0%b0%b0%e0%b1%80%e0%b0%b5%e0%b0%be%e0%b0%b0%e0%b0%bf-%e0%b0%86%e0%b0%b2%e0%b0%af%e0%b0%82%e0%b0%b2%e0%b1%8b-%e0%b0%b5%e0%b1%88%e0%b0%ad%e0%b0%b5%e0%b0%82/
2022-02-16,Teppotsavam,same_day_report,unspecified,minor,TEPPOTSAVAMS CONCLUDES,https://news.tirumala.org/%e0%b0%ae%e0%b1%81%e0%b0%97%e0%b0%bf%e0%b0%b8%e0%b0%bf%e0%b0%a8-%e0%b0%b6%e0%b1%8d%e0%b0%b0%e0%b1%80-%e0%b0%97%e0%b1%8b%e0%b0%b5%e0%b0%bf%e0%b0%82%e0%b0%a6%e0%b0%b0%e0%b0%be%e0%b0%9c%e0%b0%b8%e0%b1%8d/
2022-02-20,Brahmotsavams,announced_dates,other_temple,major,BRAHMOTSAVAMS AT SRINIVASA MANGAPURAM FROM FEB 20-28,https://news.tirumala.org/%e0%b0%ab%e0%b0%bf%e0%b0%ac%e0%b1%8d%e0%b0%b0%e0%b0%b5%e0%b0%b0%e0%b0%bf-20-%e0%b0%a8%e0%b1%81%e0%b0%82%e0%b0%a1%e0%b0%bf-28%e0%b0%b5-%e0%b0%a4%e0%b1%87%e0%b0%a6%e0%b1%80-%e0%b0%b5%e0%b0%b0%e0%b0%95/
2022-02-21,Brahmotsavams,announced_dates,other_temple,major,BRAHMOTSAVAMS AT SRINIVASA MANGAPURAM FROM FEB 20-28,https://news.tirumala.org/%e0%b0%ab%e0%b0%bf%e0%b0%ac%e0%b1%8d%e0%b0%b0%e0%b0%b5%e0%b0%b0%e0%b0%bf-20-%e0%b0%a8%e0%b1%81%e0%b0%82%e0%b0%a1%e0%b0%bf-28%e0%b0%b5-%e0%b0%a4%e0%b1%87%e0%b0%a6%e0%b1%80-%e0%b0%b5%e0%b0%b0%e0%b0%95/
2022-02-22,Brahmotsavams,announced_dates,other_temple,major,BRAHMOTSAVAMS AT SRINIVASA MANGAPURAM FROM FEB 20-28,https://news.tirumala.org/%e0%b0%ab%e0%b0%bf%e0%b0%ac%e0%b1%8d%e0%b0%b0%e0%b0%b5%e0%b0%b0%e0%b0%bf-20-%e0%b0%a8%e0%b1%81%e0%b0%82%e0%b0%a1%e0%b0%bf-28%e0%b0%b5-%e0%b0%a4%e0%b1%87%e0%b0%a6%e0%b1%80-%e0%b0%b5%e0%b0%b0%e0%b0%95/
2022-02-23,Brahmotsavams,announced_dates,other_temple,major,BRAHMOTSAVAMS AT SRINIVASA MANGAPURAM FROM FEB 20-28,https://news.tirumala.org/%e0%b0%ab%e0%b0%bf%e0%b0%ac%e0%b1%8d%e0%b0%b0%e0%b0%b5%e0%b0%b0%e0%b0%bf-20-%e0%b0%a8%e0%b1%81%e0%b0%82%e0%b0%a1%e0%b0%bf-28%e0%b0%b5-%e0%b0%a4%e0%b1%87%e0%b0%a6%e0%b1%80-%e0%b0%b5%e0%b0%b0%e0%b0%95/
2022-02-24,Brahmotsavams,announced_dates,other_temple,major,BRAHMOTSAVAMS AT SRINIVASA MANGAPURAM FROM FEB 20-28,https://news.tirumala.org/%e0%b0%ab%e0%b0%bf%e0%b0%ac%e0%b1%8d%e0%b0%b0%e0%b0%b5%e0%b0%b0%e0%b0%bf-20-%e0%b0%a8%e0%b1%81%e0%b0%82%e0%b0%a1%e0%b0%bf-28%e0%b0%b5-%e0%b0%a4%e0%b1%87%e0%b0%a6%e0%b1%80-%e0%b0%b5%e0%b0%b0%e0%b0%95/
2022-02-25,Brahmotsavams,announced_dates,other_temple,major,BRAHMOTSAVAMS AT SRINIVASA MANGAPURAM FROM FEB 20-28,https://news.tirumala.org/%e0%b0%ab%e0%b0%bf%e0%b0%ac%e0%b1%8d%e0%b0%b0%e0%b0%b5%e0%b0%b0%e0%b0%bf-20-%e0%b0%a8%e0%b1%81%e0%b0%82%e0%b0%a1%e0%b0%bf-28%e0%b0%b5-%e0%b0%a4%e0%b1%87%e0%b0%a6%e0%b1%80-%e0%b0%b5%e0%b0%b0%e0%b0%95/
2022-02-26,Brahmotsavams,announced_dates,other_temple,major,BRAHMOTSAVAMS AT SRINIVASA MANGAPURAM FROM FEB 20-28,https://news.tirumala.org/%e0%b0%ab%e0%b0%bf%e0%b0%ac%e0%b1%8d%e0%b0%b0%e0%b0%b5%e0%b0%b0%e0%b0%bf-20-%e0%b0%a8%e0%b1%81%e0%b0%82%e0%b0%a1%e0%b0%bf-28%e0%b0%b5-%e0%b0%a4%e0%b1%87%e0%b0%a6%e0%b1%80-%e0%b0%b5%e0%b0%b0%e0%b0%95/
2022-02-27,Brahmotsavams,announced_dates,other_temple,major,BRAHMOTSAVAMS AT SRINIVASA MANGAPURAM FROM FEB 20-28,https://news.tirumala.org/%e0%b0%ab%e0%b0%bf%e0%b0%ac%e0%b1%8d%e0%b0%b0%e0%b0%b5%e0%b0%b0%e0%b0%bf-20-%e0%b0%a8%e0%b1%81%e0%b0%82%e0%b0%a1%e0%b0%bf-28%e0%b0%b5-%e0%b0%a4%e0%b1%87%e0%b0%a6%e0%b1%80-%e0%b0%b5%e0%b0%b0%e0%b0%95/
2022-02-28,Brahmotsavams,same_day_report,unspecified,major,CHAKRA SNANAM PERFORMED AT SKVST BRAHMOTSAVAM,https://news.tirumala.org/chakra-snanam-performed-at-skvst-brahmotsavam-_-%e0%b0%b6%e0%b0%be%e0%b0%b8%e0%b1%8d%e0%b0%a4%e0%b1%8d%e0%b0%b0%e0%b1%8b%e0%b0%95%e0%b1%8d%e0%b0%a4%e0%b0%82%e0%b0%97%e0%b0%be-%e0%b0%b6%e0%b1%8d/
2022-03-01,Brahmotsavams,announced_dates,other_temple,major,JUBILEE HILLS SV TEMPLE BRAHMOTSAVAM FROM MARCH 1 to 9,https://news.tirumala.org/jubilee-hills-sv-temple-brahmotsavam-from-march-1-to-9/
2022-03-01,Srivari Annual Brahmotsavams,same_day_report,unspecified,major,ANNUAL BRAHMOTSAVAMS COMMENCES IN TONDAMANADU,https://news.tirumala.org/annual-brahmotsavams-commences-in-tondamanadu/
2022-03-02,Brahmotsavams,announced_dates,other_temple,major,JUBILEE HILLS SV TEMPLE BRAHMOTSAVAM FROM MARCH 1 to 9,https://news.tirumala.org/jubilee-hills-sv-temple-brahmotsavam-from-march-1-to-9/
2022-03-03,Brahmotsavams,announced_dates,other_temple,major,JUBILEE HILLS SV TEMPLE BRAHMOTSAVAM FROM MARCH 1 to 9,https://news.tirumala.org/jubilee-hills-sv-temple-brahmotsavam-from-march-1-to-9/
2022-03-04,Brahmotsavams,announced_dates,other_temple,major,JUBILEE HILLS SV TEMPLE BRAHMOTSAVAM FROM MARCH 1 to 9,https://news.tirumala.org/jubilee-hills-sv-temple-brahmotsavam-from-march-1-to-9/
2022-03-05,Brahmotsavams,announced_dates,other_temple,major,JUBILEE HILLS SV TEMPLE BRAHMOTSAVAM FROM MARCH 1 to 9,https://news.tirumala.org/jubilee-hills-sv-temple-brahmotsavam-from-march-1-to-9/
2022-03-06,Brahmotsavams,announced_dates,other_temple,major,JUBILEE HILLS SV TEMPLE BRAHMOTSAVAM FROM MARCH 1 to 9,https://news.tirumala.org/jubilee-hills-sv-temple-brahmotsavam-from-march-1-to-9/
2022-03-07,Brahmotsavams,announced_dates,other_temple,major,JUBILEE HILLS SV TEMPLE BRAHMOTSAVAM FROM MARCH 1 to 9,https://news.tirumala.org/jubilee-hills-sv-temple-brahmotsavam-from-march-1-to-9/
2022-03-08,Brahmotsavams,announced_dates,other_temple,major,JUBILEE HILLS SV TEMPLE BRAHMOTSAVAM FROM MARCH 1 to 9,https://news.tirumala.org/jubilee-hills-sv-temple-brahmotsavam-from-march-1-to-9/
2022-03-09,Brahmotsavams,announced_dates,other_temple,major,JUBILEE HILLS SV TEMPLE BRAHMOTSAVAM FROM MARCH 1 to 9,https://news.tirumala.org/jubilee-hills-sv-temple-brahmotsavam-from-march-1-to-9/
2022-03-13,Teppotsavam,same_day_report,tirumala,minor,TEPPOTSAVAMS COMMENCES IN TIRUMALA,https://news.tirumala.org/teppotsavams-commences-in-tirumala-_-%e0%b0%b6%e0%b1%8d%e0%b0%b0%e0%b1%80%e2%80%8c%e0%b0%b5%e0%b0%be%e0%b0%b0%e0%b0%bf-%e0%b0%b8%e0%b0%be%e0%b0%b2%e0%b0%95%e0%b0%9f%e0%b1%8d%e0%b0%b2-%e0%b0%a4/
2022-03-14,Teppotsavam,announced_dates,unspecified,minor,TEPPOTSAVAMS FROM MARCH 13 TO 17,https://news.tirumala.org/%e0%b0%ae%e0%b0%be%e0%b0%b0%e0%b1%8d%e0%b0%9a%e0%b0%bf-13-%e0%b0%a8%e0%b1%81%e0%b0%82%e0%b0%9a%e0%b0%bf-17%e0%b0%b5-%e0%b0%a4%e0%b1%87%e0%b0%a6%e0%b1%80-%e0%b0%b5%e0%b0%b0%e0%b0%95%e0%b1%81-%e0%b0%b6/
2022-03-15,Teppotsavam,announced_dates,unspecified,minor,TEPPOTSAVAMS FROM MARCH 13 TO 17,https://news.tirumala.org/%e0%b0%ae%e0%b0%be%e0%b0%b0%e0%b1%8d%e0%b0%9a%e0%b0%bf-13-%e0%b0%a8%e0%b1%81%e0%b0%82%e0%b0%9a%e0%b0%bf-17%e0%b0%b5-%e0%b0%a4%e0%b1%87%e0%b0%a6%e0%b1%80-%e0%b0%b5%e0%b0%b0%e0%b0%95%e0%b1%81-%e0%b0%b6/
2022-03-16,Teppotsavam,announced_dates,unspecified,minor,TEPPOTSAVAMS FROM MARCH 13 TO 17,https://news.tirumala.org/%e0%b0%ae%e0%b0%be%e0%b0%b0%e0%b1%8d%e0%b0%9a%e0%b0%bf-13-%e0%b0%a8%e0%b1%81%e0%b0%82%e0%b0%9a%e0%b0%bf-17%e0%b0%b5-%e0%b0%a4%e0%b1%87%e0%b0%a6%e0%b1%80-%e0%b0%b5%e0%b0%b0%e0%b0%95%e0%b1%81-%e0%b0%b6/
2022-03-17,Teppotsavam,announced_dates,unspecified,minor,TEPPOTSAVAMS FROM MARCH 13 TO 17,https://news.tirumala.org/%e0%b0%ae%e0%b0%be%e0%b0%b0%e0%b1%8d%e0%b0%9a%e0%b0%bf-13-%e0%b0%a8%e0%b1%81%e0%b0%82%e0%b0%9a%e0%b0%bf-17%e0%b0%b5-%e0%b0%a4%e0%b1%87%e0%b0%a6%e0%b1%80-%e0%b0%b5%e0%b0%b0%e0%b0%95%e0%b1%81-%e0%b0%b6/
2022-03-18,Garuda Seva,announced_dates,unspecified,minor,POURNAMI GARUDA SEVA ON MARCH 18,https://news.tirumala.org/%e0%b0%ae%e0%b0%be%e0%b0%b0%e0%b1%8d%e0%b0%9a%e0%b0%bf-18%e0%b0%a8-%e0%b0%aa%e0%b1%8c%e0%b0%b0%e0%b1%8d%e0%b0%a3%e0%b0%ae%e0%b0%bf-%e0%b0%97%e0%b0%b0%e0%b1%81%e0%b0%a1-%e0%b0%b8%e0%b1%87/
2022-03-29,Ugadi,same_day_report,unspecified,major,KOIL ALWAR TIRUMANJANAM FOR UGADI PERFORMED,https://news.tirumala.org/koil-alwar-tirumanjanam-for-ugadi-performed-_-%e0%b0%b6%e0%b1%8d%e0%b0%b0%e0%b1%80%e0%b0%b5%e0%b0%be%e0%b0%b0%e0%b0%bf-%e0%b0%86%e0%b0%b2%e0%b0%af%e0%b0%82%e0%b0%b2%e0%b1%8b-%e0%b0%b6%e0%b0%be/
2022-03-31,Ugadi,same_day_report,unspecified,major,ALL SET FOR UGADI CELEBRATIONS AT TTD LOCAL TEMPLES,https://news.tirumala.org/%e0%b0%8f%e0%b0%aa%e0%b1%8d%e0%b0%b0%e0%b0%bf%e0%b0%b2%e0%b1%8d-2%e0%b0%a8-%e0%b0%9f%e0%b0%bf%e0%b0%9f%e0%b0%bf%e0%b0%a1%e0%b0%bf-%e0%b0%85%e0%b0%a8%e0%b1%81%e0%b0%ac%e0%b0%82%e0%b0%a7-%e0%b0%86/
2022-04-02,Ugadi,same_day_report,unspecified,major,SUBHAKRUTNAMA UGADI ASTHANAM HELD,https://news.tirumala.org/subhakrutnama-ugadi-asthanam-held-_-%e0%b0%a4%e0%b0%bf%e0%b0%b0%e0%b1%81%e0%b0%ae%e0%b0%b2-%e0%b0%b6%e0%b1%8d%e0%b0%b0%e0%b1%80%e0%b0%b5%e0%b0%be%e0%b0%b0%e0%b0%bf-%e0%b0%86%e0%b0%b2%e0%b0%af%e0%b0%82/
2022-04-03,Garuda Seva,same_day_report,unspecified,minor,GARUDA SEVA HELD,https://news.tirumala.org/garuda-seva-held/
2022-04-06,Sri Rama Navami,same_day_report,unspecified,major,PATANJALI YOGA DARSHANAM TO COMMENCE ON SRI RAMA NAVAMI DAY,https://news.tirumala.org/patanjali-yoga-darshanam-to-commence-on-sri-rama-navami-day-_-%e0%b0%8f%e0%b0%aa%e0%b1%8d%e0%b0%b0%e0%b0%bf%e0%b0%b2%e0%b1%8d-10-%e0%b0%a8%e0%b1%81%e0%b0%82%e0%b0%a1%e0%b0%bf-%e0%b0%a4%e0%b0%bf/
2022-04-10,Sri Rama Navami,same_day_report,unspecified,major,SRI RAMA NAVAMI ASTHANAM HELD,https://news.tirumala.org/sri-rama-navami-asthanam-held-_-%e0%b0%b6%e0%b1%8d%e0%b0%b0%e0%b1%80%e0%b0%b5%e0%b0%be%e0%b0%b0%e0%b0%bf-%e0%b0%86%e0%b0%b2%e0%b0%af%e0%b0%82%e0%b0%b2%e0%b1%8b-%e0%b0%98%e0%b0%a8%e0%b0%82%e0%b0%97/
2022-04-14,Vasanthotsavam,announced_dates,tirumala,minor,SRIVARI ANNUAL VASANTHOTSAVAM FROM APRIL 14-16,https://news.tirumala.org/srivari-annual-vasanthotsavam-from-april-14-16/
2022-04-15,Vasanthotsavam,same_day_report,unspecified,minor,SNAPANAM ON DAY 02 OF VASANTHOTSAVAM HELD,https://news.tirumala.org/snapanam-on-day-02-of-vasanthotsavam-held/
2022-04-16,Teppotsavam,same_day_report,unspecified,minor,KODANDA RAMA TEPPOTSAVAMS CONCLUDES,https://news.tirumala.org/kodanda-rama-teppotsavams-concludes/
2022-04-16,Vasanthotsavam,same_day_report,unspecified,minor,VASANTHOTSAVAMS CONCLUDES,https://news.tirumala.org/vasanthotsavams-concludes/
2022-05-15,Vasanthotsavam,same_day_report,unspecified,minor,VASANTOTSAVAM COMMENCES,https://news.tirumala.org/%e0%b0%a4%e0%b0%bf%e0%b0%b0%e0%b1%81%e0%b0%9a%e0%b0%be%e0%b0%a8%e0%b1%82%e0%b0%b0%e0%b1%81-%e0%b0%b6%e0%b1%8d%e0%b0%b0%e0%b1%80-%e0%b0%aa%e0%b0%a6%e0%b1%8d%e0%b0%ae%e0%b0%be%e0%b0%b5%e0%b0%a4/
2022-05-16,Garuda Seva,same_day_report,unspecified,minor,GARUDA VAHANAM HELD,https://news.tirumala.org/garuda-vahanam-held-_-%e0%b0%b5%e0%b1%88%e0%b0%ad%e0%b0%b5%e0%b0%82%e0%b0%97%e0%b0%be-%e0%b0%aa%e0%b1%8c%e0%b0%b0%e0%b1%8d%e0%b0%a3%e0%b0%ae%e0%b0%bf-%e0%b0%97%e0%b0%b0%e0%b1%81%e0%b0%a1/
2022-05-17,Vasanthotsavam,same_day_report,unspecified,minor,VASANTHOTSAVAMS CONCLUDES,https://news.tirumala.org/%e0%b0%ae%e0%b0%b9%e0%b0%be%e0%b0%aa%e0%b1%82%e0%b0%b0%e0%b1%8d%e0%b0%a3%e0%b0%be%e0%b0%b9%e0%b1%81%e0%b0%a4%e0%b0%bf%e0%b0%a4%e0%b1%8b-%e0%b0%ae%e0%b1%81%e0%b0%97%e0%b0%bf%e0%b0%af%e0%b0%a8%e0%b1%81/
2022-05-25,Hanuman Jayanti,same_day_report,unspecified,major,HANUMAN JAYANTI HELD AT KRT,https://news.tirumala.org/hanuman-jayanti-held-at-krt-_-%e0%b0%b6%e0%b1%8d%e0%b0%b0%e0%b1%80-%e0%b0%95%e0%b1%8b%e0%b0%a6%e0%b0%82%e0%b0%a1%e0%b0%b0%e0%b0%be%e0%b0%ae%e0%b0%be%e0%b0%b2%e2%80%8c%e0%b0%af%e0%b0%82%e0%b0%b2/
2022-05-26,Hanuman Jayanti,announced_dates,unspecified,major,ALL SET FOR HANUMAN JAYANTHI FETE FROM MAY 25-29,https://news.tirumala.org/all-set-for-hanuman-jayanthi-fete-from-may-25-29-_-%e0%b0%b9%e2%80%8c%e0%b0%a8%e0%b1%81%e0%b0%ae%e2%80%8c%e0%b0%9c%e0%b1%8d%e0%b0%9c%e2%80%8c%e0%b0%af%e0%b0%82%e0%b0%a4%e0%b0%bf-%e0%b0%89%e0%b0%a4/
2022-05-27,Hanuman Jayanti,announced_dates,unspecified,major,ALL SET FOR HANUMAN JAYANTHI FETE FROM MAY 25-29,https://news.tirumala.org/all-set-for-hanuman-jayanthi-fete-from-may-25-29-_-%e0%b0%b9%e2%80%8c%e0%b0%a8%e0%b1%81%e0%b0%ae%e2%80%8c%e0%b0%9c%e0%b1%8d%e0%b0%9c%e2%80%8c%e0%b0%af%e0%b0%82%e0%b0%a4%e0%b0%bf-%e0%b0%89%e0%b0%a4/
2022-05-28,Hanuman Jayanti,announced_dates,unspecified,major,ALL SET FOR HANUMAN JAYANTHI FETE FROM MAY 25-29,https://news.tirumala.org/all-set-for-hanuman-jayanthi-fete-from-may-25-29-_-%e0%b0%b9%e2%80%8c%e0%b0%a8%e0%b1%81%e0%b0%ae%e2%80%8c%e0%b0%9c%e0%b1%8d%e0%b0%9c%e2%80%8c%e0%b0%af%e0%b0%82%e0%b0%a4%e0%b0%bf-%e0%b0%89%e0%b0%a4/
2022-05-29,Hanuman Jayanti,announced_dates,unspecified,major,ALL SET FOR HANUMAN JAYANTHI FETE FROM MAY 25-29,https://news.tirumala.org/all-set-for-hanuman-jayanthi-fete-from-may-25-29-_-%e0%b0%b9%e2%80%8c%e0%b0%a8%e0%b1%81%e0%b0%ae%e2%80%8c%e0%b0%9c%e0%b1%8d%e0%b0%9c%e2%80%8c%e0%b0%af%e0%b0%82%e0%b0%a4%e0%b0%bf-%e0%b0%89%e0%b0%a4/
2022-06-06,Brahmotsavams,announced_dates,other_temple,major,BRAHMOTSAVAMS OF HYDERABAD TEMPLE FROM JUNE 6-10,https://news.tirumala.org/%e0%b0%9c%e0%b1%82%e0%b0%a8%e0%b1%8d-6-%e0%b0%a8%e0%b1%81%e0%b0%82%e0%b0%a1%e0%b0%bf-10%e0%b0%b5-%e0%b0%a4%e0%b1%87%e0%b0%a6%e0%b1%80-%e0%b0%b5%e0%b0%b0%e0%b0%95%e0%b1%81-%e0%b0%b9%e0%b1%88/
2022-06-07,Brahmotsavams,announced_dates,other_temple,major,BRAHMOTSAVAMS OF HYDERABAD TEMPLE FROM JUNE 6-10,https://news.tirumala.org/%e0%b0%9c%e0%b1%82%e0%b0%a8%e0%b1%8d-6-%e0%b0%a8%e0%b1%81%e0%b0%82%e0%b0%a1%e0%b0%bf-10%e0%b0%b5-%e0%b0%a4%e0%b1%87%e0%b0%a6%e0%b1%80-%e0%b0%b5%e0%b0%b0%e0%b0%95%e0%b1%81-%e0%b0%b9%e0%b1%88/
2022-06-08,Brahmotsavams,announced_dates,other_temple,major,BRAHMOTSAVAMS OF HYDERABAD TEMPLE FROM JUNE 6-10,https://news.tirumala.org/%e0%b0%9c%e0%b1%82%e0%b0%a8%e0%b1%8d-6-%e0%b0%a8%e0%b1%81%e0%b0%82%e0%b0%a1%e0%b0%bf-10%e0%b0%b5-%e0%b0%a4%e0%b1%87%e0%b0%a6%e0%b1%80-%e0%b0%b5%e0%b0%b0%e0%b0%95%e0%b1%81-%e0%b0%b9%e0%b1%88/
2022-06-09,Brahmotsavams,announced_dates,other_temple,major,BRAHMOTSAVAMS OF HYDERABAD TEMPLE FROM JUNE 6-10,https://news.tirumala.org/%e0%b0%9c%e0%b1%82%e0%b0%a8%e0%b1%8d-6-%e0%b0%a8%e0%b1%81%e0%b0%82%e0%b0%a1%e0%b0%bf-10%e0%b0%b5-%e0%b0%a4%e0%b1%87%e0%b0%a6%e0%b1%80-%e0%b0%b5%e0%b0%b0%e0%b0%95%e0%b1%81-%e0%b0%b9%e0%b1%88/
2022-06-10,Brahmotsavams,announced_dates,other_temple,major,BRAHMOTSAVAMS OF HYDERABAD TEMPLE FROM JUNE 6-10,https://news.tirumala.org/%e0%b0%9c%e0%b1%82%e0%b0%a8%e0%b1%8d-6-%e0%b0%a8%e0%b1%81%e0%b0%82%e0%b0%a1%e0%b0%bf-10%e0%b0%b5-%e0%b0%a4%e0%b1%87%e0%b0%a6%e0%b1%80-%e0%b0%b5%e0%b0%b0%e0%b0%95%e0%b1%81-%e0%b0%b9%e0%b1%88/
2022-06-10,Teppotsavam,same_day_report,unspecified,minor,ANNUAL TEPPOTSAVAMS COMMENCES,https://news.tirumala.org/annual-teppotsavams-commences-_-%e0%b0%b5%e0%b1%88%e0%b0%ad%e0%b0%b5%e0%b0%82%e0%b0%97%e0%b0%be-%e0%b0%b6%e0%b1%8d%e0%b0%b0%e0%b1%80-%e0%b0%aa%e0%b0%a6%e0%b1%8d%e0%b0%ae%e0%b0%be%e0%b0%b5%e0%b0%a4/
2022-06-11,Teppotsavam,announced_dates,unspecified,minor,AMMAVARI TEPPOTSAVAMS FROM JUNE 10-14,https://news.tirumala.org/%e0%b0%9c%e0%b1%82%e0%b0%a8%e0%b1%8d-10-%e0%b0%a8%e0%b1%81%e0%b0%82%e0%b0%a1%e0%b0%bf-14%e0%b0%b5-%e0%b0%a4%e0%b1%87%e0%b0%a6%e0%b1%80-%e0%b0%b5%e0%b0%b0%e0%b0%95%e0%b1%81-%e0%b0%a4%e0%b0%bf/
2022-06-12,Teppotsavam,announced_dates,unspecified,minor,AMMAVARI TEPPOTSAVAMS FROM JUNE 10-14,https://news.tirumala.org/%e0%b0%9c%e0%b1%82%e0%b0%a8%e0%b1%8d-10-%e0%b0%a8%e0%b1%81%e0%b0%82%e0%b0%a1%e0%b0%bf-14%e0%b0%b5-%e0%b0%a4%e0%b1%87%e0%b0%a6%e0%b1%80-%e0%b0%b5%e0%b0%b0%e0%b0%95%e0%b1%81-%e0%b0%a4%e0%b0%bf/
2022-06-13,Teppotsavam,announced_dates,unspecified,minor,AMMAVARI TEPPOTSAVAMS FROM JUNE 10-14,https://news.tirumala.org/%e0%b0%9c%e0%b1%82%e0%b0%a8%e0%b1%8d-10-%e0%b0%a8%e0%b1%81%e0%b0%82%e0%b0%a1%e0%b0%bf-14%e0%b0%b5-%e0%b0%a4%e0%b1%87%e0%b0%a6%e0%b1%80-%e0%b0%b5%e0%b0%b0%e0%b0%95%e0%b1%81-%e0%b0%a4%e0%b0%bf/
2022-06-14,Teppotsavam,same_day_report,unspecified,minor,TEPPOTSAVAMS CONCLUDES,https://news.tirumala.org/%e0%b0%b5%e0%b1%88%e0%b0%ad%e0%b0%b5%e0%b0%82%e0%b0%97%e0%b0%be-%e0%b0%ae%e0%b1%81%e0%b0%97%e0%b0%bf%e0%b0%b8%e0%b0%bf%e0%b0%a8-%e0%b0%b6%e0%b1%8d%e0%b0%b0%e0%b1%80-%e0%b0%aa%e0%b0%a6%e0%b1%8d/
2022-07-10,Pavitrotsavam,same_day_report,unspecified,minor,PAVITROTSAVAMS COMMENCES,https://news.tirumala.org/pavitrotsavams-commences/
2022-07-12,Pavitrotsavam,same_day_report,unspecified,minor,PAVITROTSAVAMS CONCLUDES WITH PURNAHUTI,https://news.tirumala.org/pavitrotsavams-concludes-with-purnahuti-_-%e0%b0%b6%e0%b1%8d%e0%b0%b0%e0%b1%80-%e0%b0%95%e0%b0%aa%e0%b0%bf%e0%b0%b2%e0%b1%87%e0%b0%b6%e0%b1%8d%e0%b0%b5%e0%b0%b0%e0%b0%be%e0%b0%b2%e0%b0%af%e0%b0%82/
2022-07-13,Garuda Seva,same_day_report,unspecified,minor,GARUDA SEVA HELD,https://news.tirumala.org/%e0%b0%aa%e0%b1%8c%e0%b0%b0%e0%b1%8d%e0%b0%a3%e0%b0%ae%e0%b0%bf-%e0%b0%97%e0%b0%b0%e0%b1%81%e0%b0%a1-%e0%b0%b8%e0%b1%87%e0%b0%b5/
2022-07-17,Anivara Asthanam,same_day_report,unspecified,minor,ANIVARA ASTHANAM HELD,https://news.tirumala.org/anivara-asthanam-held-_-%e0%b0%b6%e0%b1%8d%e0%b0%b0%e0%b1%80-%e0%b0%95%e0%b1%8b%e0%b0%a6%e0%b0%82%e0%b0%a1%e0%b0%b0%e0%b0%be%e0%b0%ae%e0%b0%be%e0%b0%b2%e0%b0%af%e0%b0%82%e0%b0%b2%e0%b1%8b-%e0%b0%98/
2022-07-24,Pavitrotsavam,same_day_report,unspecified,minor,PAVITHROTSAVAM BEGINS IN SRI KRT,https://news.tirumala.org/pavithrotsavam-begins-in-sri-krt-_-%e0%b0%b6%e0%b1%8d%e0%b0%b0%e0%b1%80-%e0%b0%95%e0%b1%8b%e0%b0%a6%e0%b0%82%e0%b0%a1%e0%b0%b0%e0%b0%be%e0%b0%ae%e0%b0%be%e0%b0%b2%e0%b0%af%e0%b0%82%e0%b0%b2%e0%b1%8b/
2022-07-26,Pavitrotsavam,same_day_report,unspecified,minor,PAVITROTSAVAMS CONCLUDES,https://news.tirumala.org/pavitrotsavams-concludes-_-%e0%b0%98%e0%b0%a8%e0%b0%82%e0%b0%97%e0%b0%be-%e0%b0%ae%e0%b1%81%e0%b0%97%e0%b0%bf%e0%b0%b8%e0%b0%bf%e0%b0%a8-%e0%b0%b6%e0%b1%8d%e0%b0%b0%e0%b1%80-%e0%b0%95%e0%b1%8b/
2022-08-02,Garuda Seva,announced_dates,unspecified,minor,GARUDA VAHANAM ON AUGUST 2,https://news.tirumala.org/garuda-vahanam-on-august-2/
2022-08-05,Varalakshmi Vratam,same_day_report,unspecified,major,VARALAKSHMI VRATAM HELD WITH GRANDEUR _ అష్టలక్ష్మీ మండపంలో శాస్త్రోక్తంగా వరలక్ష్మీ వ్రతం,https://news.tirumala.org/%e0%b0%85%e0%b0%b7%e0%b1%8d%e0%b0%9f%e0%b0%b2%e0%b0%95%e0%b1%8d%e0%b0%b7%e0%b1%8d%e0%b0%ae%e0%b1%80-%e0%b0%ae%e0%b0%82%e0%b0%a1%e0%b0%aa%e0%b0%82%e0%b0%b2%e0%b1%8b-%e0%b0%b6%e0%b0%be%e0%b0%b8%e0%b1%8d/
2022-08-07,Pavitrotsavam,same_day_report,unspecified,minor,ANKURARPANA HELD FOR PAVITROTSAVAMS _ శ్రీవారి పవిత్రోత్సవాలకు శాస్త్రోక్తంగా అంకురార్పణ,https://news.tirumala.org/ankurarpana-held-for-pavitrotsavams-_-%e0%b0%b6%e0%b1%8d%e0%b0%b0%e0%b1%80%e0%b0%b5%e0%b0%be%e0%b0%b0%e0%b0%bf-%e0%b0%aa%e0%b0%b5%e0%b0%bf%e0%b0%a4%e0%b1%8d%e0%b0%b0%e0%b1%8b%e0%b0%a4%e0%b1%8d/
2022-08-08,Pavitrotsavam,same_day_report,unspecified,minor,PAVITROTSAVAMS COMMENCES IN SRI TT _ శ్రీవారి ఆలయంలో శాస్త్రోక్తంగా పవిత్రోత్సవాలు ప్రారంభం,https://news.tirumala.org/%e0%b0%b6%e0%b1%8d%e0%b0%b0%e0%b1%80%e0%b0%b5%e0%b0%be%e0%b0%b0%e0%b0%bf-%e0%b0%86%e0%b0%b2%e0%b0%af%e0%b0%82%e0%b0%b2%e0%b1%8b-%e0%b0%b6%e0%b0%be%e0%b0%b8%e0%b1%8d%e0%b0%a4%e0%b1%8d%e0%b0%b0-6/
2022-08-09,Pavitrotsavam,announced_dates,tirumala,minor,PAVITROTSAVAM AT SRIVARI TEMPLE FROM AUGUST 8-10,https://news.tirumala.org/pavitrotsavam-at-srivari-temple-from-august-8-10/
2022-08-10,Pavitrotsavam,same_day_report,unspecified,minor,PAVITROTSAVAMS CONCLUDED,https://news.tirumala.org/pavitrotsavams-concluded-_-%e0%b0%b6%e0%b1%8d%e0%b0%b0%e0%b1%80%e0%b0%b5%e0%b0%be%e0%b0%b0%e0%b0%bf-%e0%b0%86%e0%b0%b2%e0%b0%af%e0%b0%82%e0%b0%b2%e0%b1%8b-%e0%b0%aa%e0%b1%82/
2022-08-12,Garuda Seva,same_day_report,unspecified,minor,GARUDA SEVA HELD _ తిరుమ‌ల‌లో వైభ‌వంగా శ్రావ‌ణ పౌర్ణ‌మి గ‌రుడ‌సేవ‌,https://news.tirumala.org/garuda-seva-held-_-%e0%b0%a4%e0%b0%bf%e0%b0%b0%e0%b1%81%e0%b0%ae%e0%b0%b2%e0%b0%b2%e0%b1%8b-%e0%b0%b5%e0%b1%88%e0%b0%ad%e0%b0%b5%e0%b0%82%e0%b0%97%e0%b0%be-%e0%b0%b6/
2022-08-15,Independence Day,fixed_national_holiday,national,major,fixed calendar date,
2022-09-10,Garuda Seva,same_day_report,tirumala,minor,POURNAMI GARUDA SEVA HELD IN TIRUMALA,https://news.tirumala.org/%e0%b0%b5%e0%b1%88%e0%b0%ad%e0%b0%b5%e0%b0%82%e0%b0%97%e0%b0%be-%e0%b0%aa%e0%b1%8c%e0%b0%b0%e0%b1%8d%e0%b0%a3%e0%b0%ae%e0%b0%bf-%e0%b0%97%e0%b0%b0%e0%b1%81%e0%b0%a1-%e0%b0%b8%e0%b1%87%e0%b0%b5/
2022-09-21,Pavitrotsavam,same_day_report,other_temple,minor,PAVITROTSAVAMS COMMENCES IN APPALAYAGUNTA,https://news.tirumala.org/%e0%b0%85%e0%b0%aa%e0%b1%8d%e0%b0%aa%e0%b0%b2%e0%b0%be%e0%b0%af%e0%b0%97%e0%b1%81%e0%b0%82%e0%b0%9f%e0%b0%b2%e0%b1%8b-%e0%b0%b6%e0%b0%be%e0%b0%b8%e0%b1%8d%e0%b0%a4%e0%b1%8d%e0%b0%b0/
2022-09-23,Pavitrotsavam,same_day_report,unspecified,minor,PAVITROTSAVAMS CONCLUDES,https://news.tirumala.org/pavitrotsavams-concludes/
2022-10-02,Gandhi Jayanti,fixed_national_holiday,national,major,fixed calendar date,
2022-10-09,Garuda Seva,same_day_report,unspecified,minor,POURNAMI GARUDA SEVA HELD _ వైభవంగా పౌర్ణమి గరుడ సేవ,https://news.tirumala.org/%e0%b0%b5%e0%b1%88%e0%b0%ad%e0%b0%b5%e0%b0%82%e0%b0%97%e0%b0%be-%e0%b0%aa%e0%b1%8c%e0%b0%b0%e0%b1%8d%e0%b0%a3%e0%b0%ae%e0%b0%bf-%e0%b0%97%e0%b0%b0%e0%b1%81%e0%b0%a1-%e0%b0%b8%e0%b1%87%e0%b0%b5-2/
2022-10-23,Pavitrotsavam,same_day_report,unspecified,minor,PAVITROTSAVAMS CONCLUDES,https://news.tirumala.org/pavitrotsavams-concludes-_-%e0%b0%aa%e0%b1%82%e0%b0%b0%e0%b1%8d%e0%b0%a3%e0%b0%be%e0%b0%b9%e0%b1%81%e0%b0%a4%e0%b0%bf%e0%b0%a4%e0%b1%8b-%e0%b0%ae%e0%b1%81%e0%b0%97%e0%b0%bf%e0%b0%b8%e0%b0%bf-2/
2022-10-24,Deepavali,same_day_report,unspecified,major,DEEPAVALI ASTHANAM PERFORMED,https://news.tirumala.org/deepavali-asthanam-performed-_-%e0%b0%a4%e0%b0%bf%e0%b0%b0%e0%b1%81%e0%b0%ae%e0%b0%b2-%e0%b0%b6%e0%b1%8d%e0%b0%b0%e0%b1%80%e0%b0%b5%e0%b0%be%e0%b0%b0%e0%b0%bf-%e0%b0%86%e0%b0%b2%e0%b0%af/
2022-11-08,Garuda Seva,announced_dates,unspecified,minor,NO POURNAMI GARUDA SEVA ON NOVEMBER 8,https://news.tirumala.org/no-pournami-garuda-seva-on-november-8/
2022-11-24,Vasanthotsavam,same_day_report,other_temple,minor,VASANTHOTSAVAM HELD IN TIRUCHANOOR _ శ్రీ పద్మావతి అమ్మవారి ఆలయంలో వేడుకగా వసంతోత్సవం,https://news.tirumala.org/vasanthotsavam-held-in-tiruchanoor-_-%e0%b0%b6%e0%b1%8d%e0%b0%b0%e0%b1%80-%e0%b0%aa%e0%b0%a6%e0%b1%8d%e0%b0%ae%e0%b0%be%e0%b0%b5%e0%b0%a4%e0%b0%bf-%e0%b0%85%e0%b0%ae%e0%b1%8d%e0%b0%ae%e0%b0%b5/
2022-12-08,Garuda Seva,same_day_report,unspecified,minor,POURNAMI GARUDA SEVA HELD,https://news.tirumala.org/pournami-garuda-seva-held-_-%e0%b0%b5%e0%b1%88%e0%b0%ad%e0%b0%b5%e0%b0%82%e0%b0%97%e0%b0%be-%e0%b0%aa%e0%b1%8c%e0%b0%b0%e0%b1%8d%e0%b0%a3%e0%b0%ae%e0%b0%bf-%e0%b0%97%e0%b0%b0%e0%b1%81%e0%b0%a1-2/
2022-12-16,Tiruppavai / Dhanurmasam,same_day_report,unspecified,minor,DHANUR MASA TIRUPPAVAI PRAVACHANAMS TO BEGIN AT ANNAMACHARYA KALA MANDIR FROM DECEMBER 17,https://news.tirumala.org/%e0%b0%a1%e0%b0%bf%e0%b0%b8%e0%b1%86%e0%b0%82%e0%b0%ac%e0%b0%b0%e0%b1%81-17%e0%b0%a8-%e0%b0%85%e0%b0%a8%e0%b1%8d%e0%b0%a8%e0%b0%ae%e0%b0%be%e0%b0%9a%e0%b0%be%e0%b0%b0%e0%b1%8d%e0%b0%af-%e0%b0%95/
2022-12-17,Tiruppavai / Dhanurmasam,same_day_report,unspecified,minor,TIRUPPAVAI PASURA PARAYANAM COMMENCES IN PEDDA JEEYAR MUTT,https://news.tirumala.org/tiruppavai-pasura-parayanam-commences-in-pedda-jeeyar-mutt/
2022-12-25,Christmas,fixed_national_holiday,national,major,fixed calendar date,
2023-01-01,New Year's Day,fixed_national_holiday,national,major,fixed calendar date,
2023-01-01,Teppotsavam,same_day_report,unspecified,minor,TEPPOTSAVAMS COMMENCES IN KT _ శ్రీ కపిలేశ్వరాలయంలో వైభవంగా తెప్పోత్సవాలు ప్రారంభం,https://news.tirumala.org/teppotsavams-commences-in-kt-_-%e0%b0%b6%e0%b1%8d%e0%b0%b0%e0%b1%80-%e0%b0%95%e0%b0%aa%e0%b0%bf%e0%b0%b2%e0%b1%87%e0%b0%b6%e0%b1%8d%e0%b0%b5%e0%b0%b0%e0%b0%be%e0%b0%b2%e0%b0%af%e0%b0%82%e0%b0%b2/
2023-01-06,Garuda Seva,announced_dates,unspecified,minor,NO POURNAMI GARUDA SEVA ON JAN 6 _ జనవరి 6న పౌర్ణ‌మి గరుడసేవ రద్దు,https://news.tirumala.org/%e0%b0%9c%e0%b0%a8%e0%b0%b5%e0%b0%b0%e0%b0%bf-6%e0%b0%a8-%e0%b0%aa%e0%b1%8c%e0%b0%b0%e0%b1%8d%e0%b0%a3%e0%b0%ae%e0%b0%bf-%e0%b0%97%e0%b0%b0%e0%b1%81%e0%b0%a1%e0%b0%b8%e0%b1%87%e0%b0%b5/
2023-01-22,Brahmotsavams,announced_dates,unspecified,major,LAKSHMI VENKATESWARA SWAMY BRAHMOTSAVAMS FROM JAN 22-30,https://news.tirumala.org/lakshmi-venkateswara-swamy-brahmotsavams-from-jan-22-30/
2023-01-23,Brahmotsavams,announced_dates,unspecified,major,LAKSHMI VENKATESWARA SWAMY BRAHMOTSAVAMS FROM JAN 22-30,https://news.tirumala.org/lakshmi-venkateswara-swamy-brahmotsavams-from-jan-22-30/
2023-01-24,Brahmotsavams,announced_dates,unspecified,major,LAKSHMI VENKATESWARA SWAMY BRAHMOTSAVAMS FROM JAN 22-30,https://news.tirumala.org/lakshmi-venkateswara-swamy-brahmotsavams-from-jan-22-30/
2023-01-25,Brahmotsavams,announced_dates,unspecified,major,LAKSHMI VENKATESWARA SWAMY BRAHMOTSAVAMS FROM JAN 22-30,https://news.tirumala.org/lakshmi-venkateswara-swamy-brahmotsavams-from-jan-22-30/
2023-01-26,Brahmotsavams,announced_dates,unspecified,major,LAKSHMI VENKATESWARA SWAMY BRAHMOTSAVAMS FROM JAN 22-30,https://news.tirumala.org/lakshmi-venkateswara-swamy-brahmotsavams-from-jan-22-30/
2023-01-26,Republic Day,fixed_national_holiday,national,major,fixed calendar date,
2023-01-27,Brahmotsavams,announced_dates,unspecified,major,LAKSHMI VENKATESWARA SWAMY BRAHMOTSAVAMS FROM JAN 22-30,https://news.tirumala.org/lakshmi-venkateswara-swamy-brahmotsavams-from-jan-22-30/
2023-01-28,Brahmotsavams,announced_dates,unspecified,major,LAKSHMI VENKATESWARA SWAMY BRAHMOTSAVAMS FROM JAN 22-30,https://news.tirumala.org/lakshmi-venkateswara-swamy-brahmotsavams-from-jan-22-30/
2023-01-29,Brahmotsavams,announced_dates,unspecified,major,LAKSHMI VENKATESWARA SWAMY BRAHMOTSAVAMS FROM JAN 22-30,https://news.tirumala.org/lakshmi-venkateswara-swamy-brahmotsavams-from-jan-22-30/
2023-01-30,Brahmotsavams,announced_dates,unspecified,major,LAKSHMI VENKATESWARA SWAMY BRAHMOTSAVAMS FROM JAN 22-30,https://news.tirumala.org/lakshmi-venkateswara-swamy-brahmotsavams-from-jan-22-30/
2023-02-05,Garuda Seva,same_day_report,unspecified,minor,POURNAMI GARUDA SEVA HELD,https://news.tirumala.org/pournami-garuda-seva-held-_-%e0%b0%a4%e0%b0%bf%e0%b0%b0%e0%b1%81%e0%b0%ae%e0%b0%b2%e0%b0%b2%e0%b1%8b-%e0%b0%b5%e0%b1%88%e0%b0%ad%e0%b0%b5%e0%b0%82%e0%b0%97%e0%b0%be/
2023-02-15,Garuda Seva,same_day_report,unspecified,minor,KALYANA VENKANNA GARUDA SEVA HELD _ వైభవంగా శ్రీ కల్యాణ వేంకటేశ్వరస్వామి గరుడసేవ,https://news.tirumala.org/%e0%b0%b5%e0%b1%88%e0%b0%ad%e0%b0%b5%e0%b0%82%e0%b0%97%e0%b0%be-%e0%b0%b6%e0%b1%8d%e0%b0%b0%e0%b1%80-%e0%b0%95%e0%b0%b2%e0%b1%8d%e0%b0%af%e0%b0%be%e0%b0%a3-%e0%b0%b5%e0%b1%87%e0%b0%82%e0%b0%95-3/
2023-02-19,Brahmotsavams,same_day_report,other_temple,major,SRINIVASA MANGAPURAM BRAHMOTSAVAM CONCLUDES,https://news.tirumala.org/chakra-snanam-performed-at-skvst-brahmotsavam-_-%e0%b0%b6%e0%b0%be%e0%b0%b8%e0%b1%8d%e0%b0%a4%e0%b1%8d%e0%b0%b0%e0%b1%8b%e0%b0%95%e0%b1%8d%e0%b0%a4%e0%b0%82%e0%b0%97%e0%b0%be-%e0%b0%b6%e0%b1%8d-2/
2023-03-03,Teppotsavam,same_day_report,unspecified,minor,TEPPOTSAVAM COMMENCES,https://news.tirumala.org/teppotsavam-commences-_-%e0%b0%b6%e0%b1%8d%e0%b0%b0%e0%b1%80%e0%b0%b5%e0%b0%be%e0%b0%b0%e0%b0%bf-%e0%b0%b8%e0%b0%be%e0%b0%b2%e0%b0%95%e0%b0%9f%e0%b1%8d%e0%b0%b2-%e0%b0%a4%e0%b1%86%e0%b0%aa/
2023-03-04,Teppotsavam,announced_dates,tirumala,minor,ANNUAL TEPPOTSAVAMS IN TIRUMALA FROM MARCH 3-7 _ మార్చి 3 నుండి 7వ తేదీ వరకు తిరుమల శ్రీ‌వారి సాలకట్ల తెప్పోత్సవాలు,https://news.tirumala.org/annual-teppotsavams-in-tirumala-from-march-3-7/
2023-03-05,Teppotsavam,announced_dates,tirumala,minor,ANNUAL TEPPOTSAVAMS IN TIRUMALA FROM MARCH 3-7 _ మార్చి 3 నుండి 7వ తేదీ వరకు తిరుమల శ్రీ‌వారి సాలకట్ల తెప్పోత్సవాలు,https://news.tirumala.org/annual-teppotsavams-in-tirumala-from-march-3-7/
2023-03-06,Teppotsavam,same_day_report,unspecified,minor,TEPPOTSAVAM HELD,https://news.tirumala.org/teppotsavam-held/
2023-03-07,Teppotsavam,same_day_report,unspecified,minor,TEPPOTSAVAM CONCLUDES,https://news.tirumala.org/teppotsavam-concludes-_-%e0%b0%98%e0%b0%a8%e0%b0%82%e0%b0%97%e0%b0%be-%e0%b0%ae%e0%b1%81%e0%b0%97%e0%b0%bf%e0%b0%b8%e0%b0%bf%e0%b0%a8-%e0%b0%b6%e0%b1%8d%e0%b0%b0%e0%b1%80%e0%b0%b5%e0%b0%be%e0%b0%b0/
2023-03-22,Ugadi,same_day_report,unspecified,major,UGADI FETE OBSERVED IN ALL LOCAL TEMPLES OF TTD _ టీటీడీ ఆలయాల్లో ఘనంగా ఉగాది వేడుకలు,https://news.tirumala.org/ugadi-fete-observed-in-all-local-temples-of-ttd-_-%e0%b0%9f%e0%b1%80%e0%b0%9f%e0%b1%80%e0%b0%a1%e0%b1%80-%e0%b0%86%e0%b0%b2%e0%b0%af%e0%b0%be%e0%b0%b2%e0%b1%8d%e0%b0%b2%e0%b1%8b-%e0%b0%98/
2023-03-30,Sri Rama Navami,same_day_report,tirumala,major,SRI RAMA NAVAMI ASTHANAM PERFORMED IN SRIVARI TEMPLE,https://news.tirumala.org/grand-snapana-tirumanjanam-fete-at-srivari-temple-_-%e0%b0%b5%e0%b1%88%e0%b0%ad%e0%b0%b5%e0%b0%82%e0%b0%97%e0%b0%be-%e0%b0%b6%e0%b1%8d%e0%b0%b0%e0%b1%80-%e0%b0%b8%e0%b1%80%e0%b0%a4%e0%b0%be/
2023-03-31,Sri Rama Navami,announced_dates,unspecified,major,SRIRAMA NAVAMI UTSAVAMS FROM MARCH 30-APRIL 1,https://news.tirumala.org/srirama-navami-utsavams-from-march-30-april-1/
2023-04-01,Sri Rama Navami,announced_dates,unspecified,major,SRIRAMA NAVAMI UTSAVAMS FROM MARCH 30-APRIL 1,https://news.tirumala.org/srirama-navami-utsavams-from-march-30-april-1/
2023-04-03,Teppotsavam,same_day_report,unspecified,minor,TEPPOTSAVAMS BEGINS,https://news.tirumala.org/teppotsavams-begins-_-%e0%b0%b5%e0%b1%88%e0%b0%ad%e0%b0%b5%e0%b0%82%e0%b0%97%e0%b0%be-%e0%b0%b6%e0%b1%8d%e0%b0%b0%e0%b1%80-%e0%b0%95%e0%b1%8b%e0%b0%a6%e0%b0%82%e0%b0%a1%e0%b0%b0%e0%b0%be%e0%b0%ae/
2023-04-03,Vasanthotsavam,same_day_report,unspecified,minor,ANNUAL VASANTHOTSAVAM COMMENCES,https://news.tirumala.org/annual-vasanthotsavam-commences/
2023-04-04,Garuda Seva,same_day_report,unspecified,minor,GARUDA SEVA HELD,https://news.tirumala.org/garuda-seva-held-_-%e0%b0%b5%e0%b1%88%e0%b0%ad%e0%b0%b5%e0%b0%82%e0%b0%97%e0%b0%be-%e0%b0%92%e0%b0%82%e0%b0%9f%e0%b0%bf%e0%b0%ae%e0%b0%bf%e0%b0%9f%e0%b1%8d%e0%b0%9f-%e0%b0%b6%e0%b1%8d%e0%b0%b0/
2023-04-04,Teppotsavam,announced_dates,unspecified,minor,KRT TEPPOTSAVAMS FROM APRIL 3-5 _ ఏప్రిల్‌ 3 నుండి 5వ తేదీ వరకు శ్రీ కోదండ రాముని తెప్పోత్సవాలు,https://news.tirumala.org/krt-teppotsavams-from-april-3-5-_-%e0%b0%8f%e0%b0%aa%e0%b1%8d%e0%b0%b0%e0%b0%bf%e0%b0%b2%e0%b1%8d-3-%e0%b0%a8%e0%b1%81%e0%b0%82%e0%b0%a1%e0%b0%bf-5%e0%b0%b5-%e0%b0%a4%e0%b1%87%e0%b0%a6/
2023-04-04,Vasanthotsavam,announced_dates,tirumala,minor,ANNUAL SPRING FESTIVAL- VASANTHOTSAVAMS IN TIRUMALA FROM APRIL 3-5,https://news.tirumala.org/%e0%b0%8f%e0%b0%aa%e0%b1%8d%e0%b0%b0%e0%b0%bf%e0%b0%b2%e0%b1%8d-3-%e0%b0%a8%e0%b1%81%e0%b0%82%e0%b0%a1%e0%b0%bf-5%e0%b0%b5-%e0%b0%a4%e0%b1%87%e0%b0%a6%e0%b1%80-%e0%b0%b5%e0%b0%b0%e0%b0%95/
2023-04-05,Teppotsavam,same_day_report,unspecified,minor,TEPPOTSAVAMS CONCLUDES,https://news.tirumala.org/%e0%b0%b5%e0%b1%88%e0%b0%ad%e0%b0%b5%e0%b0%82%e0%b0%97%e0%b0%be-%e0%b0%ae%e0%b1%81%e0%b0%97%e0%b0%bf%e0%b0%b8%e0%b0%bf%e0%b0%a8-%e0%b0%b6%e0%b1%8d%e0%b0%b0%e0%b1%80-%e0%b0%95%e0%b1%8b%e0%b0%a6/
2023-04-05,Vasanthotsavam,same_day_report,unspecified,minor,VASANTHOTSAVAM CONCLUDES ON A GRAND RELIGIOUS NOTE _ వైభవంగా ముగిసిన శ్రీవారి సాలకట్ల వసంతోత్సవాలు,https://news.tirumala.org/vasanthotsavam-concludes-on-a-grand-religious-note-_-%e0%b0%b5%e0%b1%88%e0%b0%ad%e0%b0%b5%e0%b0%82%e0%b0%97%e0%b0%be-%e0%b0%ae%e0%b1%81%e0%b0%97%e0%b0%bf%e0%b0%b8%e0%b0%bf%e0%b0%a8-%e0%b0%b6/
2023-04-06,Garuda Seva,same_day_report,unspecified,minor,POURNAMI GARUDA SEVA HELD,https://news.tirumala.org/pournami-garuda-seva-held-_-%e0%b0%b6%e0%b1%8d%e0%b0%b0%e0%b1%80%e0%b0%b5%e0%b0%be%e0%b0%b0%e0%b0%bf-%e0%b0%86%e0%b0%b2%e0%b0%af%e0%b0%82%e0%b0%b2%e0%b1%8b-%e0%b0%b5%e0%b1%88%e0%b0%ad%e0%b0%b5/
2023-05-03,Vasanthotsavam,same_day_report,unspecified,minor,ANKURARPANA HELD FOR VASANTHOTSAVAMS _ శ్రీ పద్మావతి అమ్మవారి వసంతోత్సవాలకు శాస్త్రోక్తంగా అంకురార్పణ,https://news.tirumala.org/ankurarpana-held-for-vasanthotsavams-_-%e0%b0%b6%e0%b1%8d%e0%b0%b0%e0%b1%80-%e0%b0%aa%e0%b0%a6%e0%b1%8d%e0%b0%ae%e0%b0%be%e0%b0%b5%e0%b0%a4%e0%b0%bf-%e0%b0%85%e0%b0%ae%e0%b1%8d%e0%b0%ae%e0%b0%b5/
2023-05-04,Brahmotsavams,announced_dates,unspecified,major,NAGALAPURAM BRAHMOTSAVAMS FROM MAY 4-12 _ మే 4 నుండి 12వ తేదీ వరకు నాగలాపురం శ్రీ వేదనారాయణస్వామివారి వార్షిక బ్రహ్మోత్సవాలు,https://news.tirumala.org/%e0%b0%ae%e0%b1%87-4-%e0%b0%a8%e0%b1%81%e0%b0%82%e0%b0%a1%e0%b0%bf-12%e0%b0%b5-%e0%b0%a4%e0%b1%87%e0%b0%a6%e0%b1%80-%e0%b0%b5%e0%b0%b0%e0%b0%95%e0%b1%81-%e0%b0%a8%e0%b0%be%e0%b0%97%e0%b0%b2%e0%b0%be/
2023-05-04,Vasanthotsavam,same_day_report,unspecified,minor,VASANTHOTSAVAM COMMENCES,https://news.tirumala.org/vasanthotsavam-commences-_-%e0%b0%a4%e0%b0%bf%e0%b0%b0%e0%b1%81%e0%b0%9a%e0%b0%be%e0%b0%a8%e0%b1%82%e0%b0%b0%e0%b1%81-%e0%b0%b6%e0%b1%8d%e0%b0%b0%e0%b1%80-%e0%b0%aa%e0%b0%a6%e0%b1%8d%e0%b0%ae-2/
2023-05-05,Brahmotsavams,announced_dates,unspecified,major,NAGALAPURAM BRAHMOTSAVAMS FROM MAY 4-12 _ మే 4 నుండి 12వ తేదీ వరకు నాగలాపురం శ్రీ వేదనారాయణస్వామివారి వార్షిక బ్రహ్మోత్సవాలు,https://news.tirumala.org/%e0%b0%ae%e0%b1%87-4-%e0%b0%a8%e0%b1%81%e0%b0%82%e0%b0%a1%e0%b0%bf-12%e0%b0%b5-%e0%b0%a4%e0%b1%87%e0%b0%a6%e0%b1%80-%e0%b0%b5%e0%b0%b0%e0%b0%95%e0%b1%81-%e0%b0%a8%e0%b0%be%e0%b0%97%e0%b0%b2%e0%b0%be/
2023-05-05,Garuda Seva,same_day_report,unspecified,minor,POURNAMI GARUDA SEVA HELD _ శ్రీవారి ఆలయంలో వైభవంగా పౌర్ణమి గరుడ సేవ,https://news.tirumala.org/pournami-garuda-seva-held-_-%e0%b0%b6%e0%b1%8d%e0%b0%b0%e0%b1%80%e0%b0%b5%e0%b0%be%e0%b0%b0%e0%b0%bf-%e0%b0%86%e0%b0%b2%e0%b0%af%e0%b0%82%e0%b0%b2%e0%b1%8b-%e0%b0%b5%e0%b1%88%e0%b0%ad%e0%b0%b5-2/
2023-05-06,Brahmotsavams,announced_dates,unspecified,major,NAGALAPURAM BRAHMOTSAVAMS FROM MAY 4-12 _ మే 4 నుండి 12వ తేదీ వరకు నాగలాపురం శ్రీ వేదనారాయణస్వామివారి వార్షిక బ్రహ్మోత్సవాలు,https://news.tirumala.org/%e0%b0%ae%e0%b1%87-4-%e0%b0%a8%e0%b1%81%e0%b0%82%e0%b0%a1%e0%b0%bf-12%e0%b0%b5-%e0%b0%a4%e0%b1%87%e0%b0%a6%e0%b1%80-%e0%b0%b5%e0%b0%b0%e0%b0%95%e0%b1%81-%e0%b0%a8%e0%b0%be%e0%b0%97%e0%b0%b2%e0%b0%be/
2023-05-06,Vasanthotsavam,same_day_report,unspecified,minor,VASANTHOTSAVAMS CONCLUDES _ వైభవంగా ముగిసిన శ్రీ పద్మావతి అమ్మవారి వసంతోత్సవాలు,https://news.tirumala.org/vasanthotsavams-concludes-_-%e0%b0%b5%e0%b1%88%e0%b0%ad%e0%b0%b5%e0%b0%82%e0%b0%97%e0%b0%be-%e0%b0%ae%e0%b1%81%e0%b0%97%e0%b0%bf%e0%b0%b8%e0%b0%bf%e0%b0%a8-%e0%b0%b6%e0%b1%8d%e0%b0%b0%e0%b1%80/
2023-05-07,Brahmotsavams,announced_dates,unspecified,major,NAGALAPURAM BRAHMOTSAVAMS FROM MAY 4-12 _ మే 4 నుండి 12వ తేదీ వరకు నాగలాపురం శ్రీ వేదనారాయణస్వామివారి వార్షిక బ్రహ్మోత్సవాలు,https://news.tirumala.org/%e0%b0%ae%e0%b1%87-4-%e0%b0%a8%e0%b1%81%e0%b0%82%e0%b0%a1%e0%b0%bf-12%e0%b0%b5-%e0%b0%a4%e0%b1%87%e0%b0%a6%e0%b1%80-%e0%b0%b5%e0%b0%b0%e0%b0%95%e0%b1%81-%e0%b0%a8%e0%b0%be%e0%b0%97%e0%b0%b2%e0%b0%be/
2023-05-08,Brahmotsavams,announced_dates,unspecified,major,NAGALAPURAM BRAHMOTSAVAMS FROM MAY 4-12 _ మే 4 నుండి 12వ తేదీ వరకు నాగలాపురం శ్రీ వేదనారాయణస్వామివారి వార్షిక బ్రహ్మోత్సవాలు,https://news.tirumala.org/%e0%b0%ae%e0%b1%87-4-%e0%b0%a8%e0%b1%81%e0%b0%82%e0%b0%a1%e0%b0%bf-12%e0%b0%b5-%e0%b0%a4%e0%b1%87%e0%b0%a6%e0%b1%80-%e0%b0%b5%e0%b0%b0%e0%b0%95%e0%b1%81-%e0%b0%a8%e0%b0%be%e0%b0%97%e0%b0%b2%e0%b0%be/
2023-05-09,Brahmotsavams,announced_dates,unspecified,major,NAGALAPURAM BRAHMOTSAVAMS FROM MAY 4-12 _ మే 4 నుండి 12వ తేదీ వరకు నాగలాపురం శ్రీ వేదనారాయణస్వామివారి వార్షిక బ్రహ్మోత్సవాలు,https://news.tirumala.org/%e0%b0%ae%e0%b1%87-4-%e0%b0%a8%e0%b1%81%e0%b0%82%e0%b0%a1%e0%b0%bf-12%e0%b0%b5-%e0%b0%a4%e0%b1%87%e0%b0%a6%e0%b1%80-%e0%b0%b5%e0%b0%b0%e0%b0%95%e0%b1%81-%e0%b0%a8%e0%b0%be%e0%b0%97%e0%b0%b2%e0%b0%be/
2023-05-10,Brahmotsavams,announced_dates,unspecified,major,NAGALAPURAM BRAHMOTSAVAMS FROM MAY 4-12 _ మే 4 నుండి 12వ తేదీ వరకు నాగలాపురం శ్రీ వేదనారాయణస్వామివారి వార్షిక బ్రహ్మోత్సవాలు,https://news.tirumala.org/%e0%b0%ae%e0%b1%87-4-%e0%b0%a8%e0%b1%81%e0%b0%82%e0%b0%a1%e0%b0%bf-12%e0%b0%b5-%e0%b0%a4%e0%b1%87%e0%b0%a6%e0%b1%80-%e0%b0%b5%e0%b0%b0%e0%b0%95%e0%b1%81-%e0%b0%a8%e0%b0%be%e0%b0%97%e0%b0%b2%e0%b0%be/
2023-05-10,Vasanthotsavam,same_day_report,other_temple,minor,ANNUAL VASANTHOTSAVAMS COMMENCES IN SRINIVASA MANGAPURAM _ వైభవంగా శ్రీ కల్యాణ వేంకటేశ్వరస్వామివారి వసంతోత్సవాలు ప్రారంభం,https://news.tirumala.org/%e0%b0%b5%e0%b1%88%e0%b0%ad%e0%b0%b5%e0%b0%82%e0%b0%97%e0%b0%be-%e0%b0%b6%e0%b1%8d%e0%b0%b0%e0%b1%80-%e0%b0%95%e0%b0%b2%e0%b1%8d%e0%b0%af%e0%b0%be%e0%b0%a3-%e0%b0%b5%e0%b1%87%e0%b0%82%e0%b0%95-4/
2023-05-11,Brahmotsavams,announced_dates,unspecified,major,NAGALAPURAM BRAHMOTSAVAMS FROM MAY 4-12 _ మే 4 నుండి 12వ తేదీ వరకు నాగలాపురం శ్రీ వేదనారాయణస్వామివారి వార్షిక బ్రహ్మోత్సవాలు,https://news.tirumala.org/%e0%b0%ae%e0%b1%87-4-%e0%b0%a8%e0%b1%81%e0%b0%82%e0%b0%a1%e0%b0%bf-12%e0%b0%b5-%e0%b0%a4%e0%b1%87%e0%b0%a6%e0%b1%80-%e0%b0%b5%e0%b0%b0%e0%b0%95%e0%b1%81-%e0%b0%a8%e0%b0%be%e0%b0%97%e0%b0%b2%e0%b0%be/
2023-05-12,Brahmotsavams,announced_dates,unspecified,major,NAGALAPURAM BRAHMOTSAVAMS FROM MAY 4-12 _ మే 4 నుండి 12వ తేదీ వరకు నాగలాపురం శ్రీ వేదనారాయణస్వామివారి వార్షిక బ్రహ్మోత్సవాలు,https://news.tirumala.org/%e0%b0%ae%e0%b1%87-4-%e0%b0%a8%e0%b1%81%e0%b0%82%e0%b0%a1%e0%b0%bf-12%e0%b0%b5-%e0%b0%a4%e0%b1%87%e0%b0%a6%e0%b1%80-%e0%b0%b5%e0%b0%b0%e0%b0%95%e0%b1%81-%e0%b0%a8%e0%b0%be%e0%b0%97%e0%b0%b2%e0%b0%be/
2023-05-14,Hanuman Jayanti,announced_dates,unspecified,major,ALL SET FOR HANUMAN JAYANTI ON MAY 14 _ మే 14న తిరుమలలో హనుమజ్జయంతి వేడుకలకు ఏర్పాట్లు పూర్తి,https://news.tirumala.org/%e0%b0%ae%e0%b1%87-14%e0%b0%a8-%e0%b0%a4%e0%b0%bf%e0%b0%b0%e0%b1%81%e0%b0%ae%e0%b0%b2%e0%b0%b2%e0%b1%8b-%e0%b0%b9%e0%b0%a8%e0%b1%81%e0%b0%ae%e0%b0%9c%e0%b1%8d%e0%b0%9c%e0%b0%af%e0%b0%82%e0%b0%a4/
2023-05-15,Hanuman Jayanti,announced_dates,unspecified,major,HANUMAN JAYANTI FESTIVITIES FROM MAY 14-18 _ మే 14 నుండి 18వ తేదీ వరకు తిరుమలలో హనుమజ్జయంతి ఉత్సవాలు- జేఈవో శ్రీమతి సదా భార్గవి,https://news.tirumala.org/%e0%b0%ae%e0%b1%87-14-%e0%b0%a8%e0%b1%81%e0%b0%82%e0%b0%a1%e0%b0%bf-18%e0%b0%b5-%e0%b0%a4%e0%b1%87%e0%b0%a6%e0%b1%80-%e0%b0%b5%e0%b0%b0%e0%b0%95%e0%b1%81-%e0%b0%a4%e0%b0%bf%e0%b0%b0%e0%b1%81%e0%b0%ae/
2023-05-16,Hanuman Jayanti,announced_dates,unspecified,major,HANUMAN JAYANTI FESTIVITIES FROM MAY 14-18 _ మే 14 నుండి 18వ తేదీ వరకు తిరుమలలో హనుమజ్జయంతి ఉత్సవాలు- జేఈవో శ్రీమతి సదా భార్గవి,https://news.tirumala.org/%e0%b0%ae%e0%b1%87-14-%e0%b0%a8%e0%b1%81%e0%b0%82%e0%b0%a1%e0%b0%bf-18%e0%b0%b5-%e0%b0%a4%e0%b1%87%e0%b0%a6%e0%b1%80-%e0%b0%b5%e0%b0%b0%e0%b0%95%e0%b1%81-%e0%b0%a4%e0%b0%bf%e0%b0%b0%e0%b1%81%e0%b0%ae/
2023-05-17,Hanuman Jayanti,announced_dates,unspecified,major,HANUMAN JAYANTI FESTIVITIES FROM MAY 14-18 _ మే 14 నుండి 18వ తేదీ వరకు తిరుమలలో హనుమజ్జయంతి ఉత్సవాలు- జేఈవో శ్రీమతి సదా భార్గవి,https://news.tirumala.org/%e0%b0%ae%e0%b1%87-14-%e0%b0%a8%e0%b1%81%e0%b0%82%e0%b0%a1%e0%b0%bf-18%e0%b0%b5-%e0%b0%a4%e0%b1%87%e0%b0%a6%e0%b1%80-%e0%b0%b5%e0%b0%b0%e0%b0%95%e0%b1%81-%e0%b0%a4%e0%b0%bf%e0%b0%b0%e0%b1%81%e0%b0%ae/
2023-05-18,Hanuman Jayanti,announced_dates,unspecified,major,HANUMAN JAYANTI FESTIVITIES FROM MAY 14-18 _ మే 14 నుండి 18వ తేదీ వరకు తిరుమలలో హనుమజ్జయంతి ఉత్సవాలు- జేఈవో శ్రీమతి సదా భార్గవి,https://news.tirumala.org/%e0%b0%ae%e0%b1%87-14-%e0%b0%a8%e0%b1%81%e0%b0%82%e0%b0%a1%e0%b0%bf-18%e0%b0%b5-%e0%b0%a4%e0%b1%87%e0%b0%a6%e0%b1%80-%e0%b0%b5%e0%b0%b0%e0%b0%95%e0%b1%81-%e0%b0%a4%e0%b0%bf%e0%b0%b0%e0%b1%81%e0%b0%ae/
2023-05-31,Teppotsavam,same_day_report,other_temple,minor,GRAND FLOAT FESTIVAL BEGINS IN TIRUCHANOOR TEMPLE,https://news.tirumala.org/grand-float-festival-begins-in-tiruchanoor-temple-_-%e0%b0%b5%e0%b1%88%e0%b0%ad%e0%b0%b5%e0%b0%82%e0%b0%97%e0%b0%be-%e0%b0%b6%e0%b1%8d%e0%b0%b0%e0%b1%80-%e0%b0%aa%e0%b0%a6%e0%b1%8d%e0%b0%ae%e0%b0%be/
2023-06-01,Teppotsavam,announced_dates,other_temple,minor,FLOAT FESTIVAL OF TIRUCHANOOR SRI PAT FROM MAY 31 - JUNE 4,https://news.tirumala.org/btu-of-tiruchanoor-sri-pat-from-may-31-june-4/
2023-06-02,Teppotsavam,announced_dates,other_temple,minor,FLOAT FESTIVAL OF TIRUCHANOOR SRI PAT FROM MAY 31 - JUNE 4,https://news.tirumala.org/btu-of-tiruchanoor-sri-pat-from-may-31-june-4/
2023-06-03,Teppotsavam,announced_dates,other_temple,minor,FLOAT FESTIVAL OF TIRUCHANOOR SRI PAT FROM MAY 31 - JUNE 4,https://news.tirumala.org/btu-of-tiruchanoor-sri-pat-from-may-31-june-4/
2023-06-04,Teppotsavam,same_day_report,other_temple,minor,TEPPOTSAVAM CONCLUDES AT TIRUCHANOOR TEMPLE,https://news.tirumala.org/teppotsavam-concludes-at-tiruchanoor-temple/
2023-06-29,Pavitrotsavam,same_day_report,unspecified,minor,ANKURARPANAM HELD FOR SRI KT PAVITROTSAVAM,https://news.tirumala.org/ankurarpanam-held-for-sri-kt-pavitrotsavam/
2023-06-29,Srivari Annual Brahmotsavams,announced_dates,unspecified,major,ANNUAL BRAHMOTSAVAM AT THALLAPAKA TEMPLE FROM JUNE 29-JULY 7,https://news.tirumala.org/%e0%b0%9c%e0%b1%82%e0%b0%a8%e0%b1%8d-29-%e0%b0%a8%e0%b1%81%e0%b0%82%e0%b0%a1%e0%b0%bf-%e0%b0%9c%e0%b1%81%e0%b0%b2%e0%b1%88-7%e0%b0%b5-%e0%b0%a4%e0%b1%87%e0%b0%a6%e0%b1%80-%e0%b0%b5%e0%b0%b0%e0%b0%95/
2023-06-30,Pavitrotsavam,same_day_report,unspecified,minor,PAVITROTSAVAM BEGINS IN SRI KT,https://news.tirumala.org/%e0%b0%b6%e0%b1%8d%e0%b0%b0%e0%b1%80-%e0%b0%95%e0%b0%aa%e0%b0%bf%e0%b0%b2%e0%b1%87%e0%b0%b6%e0%b1%8d%e0%b0%b5%e0%b0%b0%e0%b0%be%e0%b0%b2%e0%b0%af%e0%b0%82%e0%b0%b2%e0%b1%8b-%e0%b0%aa/
2023-06-30,Srivari Annual Brahmotsavams,announced_dates,unspecified,major,ANNUAL BRAHMOTSAVAM AT THALLAPAKA TEMPLE FROM JUNE 29-JULY 7,https://news.tirumala.org/%e0%b0%9c%e0%b1%82%e0%b0%a8%e0%b1%8d-29-%e0%b0%a8%e0%b1%81%e0%b0%82%e0%b0%a1%e0%b0%bf-%e0%b0%9c%e0%b1%81%e0%b0%b2%e0%b1%88-7%e0%b0%b5-%e0%b0%a4%e0%b1%87%e0%b0%a6%e0%b1%80-%e0%b0%b5%e0%b0%b0%e0%b0%95/
2023-07-01,Pavitrotsavam,announced_dates,other_temple,minor,PAVITROTSAVAM AT SRI KAPILESWARA SWAMY TEMPE FROM JUNE 30 - JULY 2 _ జూన్ 30 నుండి జూలై 2వ తేదీ వరకు శ్రీ కపిలేశ్వరాలయంలో పవిత్రోత్సవాలు,https://news.tirumala.org/%e0%b0%9c%e0%b1%82%e0%b0%a8%e0%b1%8d-30-%e0%b0%a8%e0%b1%81%e0%b0%82%e0%b0%a1%e0%b0%bf-%e0%b0%9c%e0%b1%82%e0%b0%b2%e0%b1%88-2%e0%b0%b5-%e0%b0%a4%e0%b1%87%e0%b0%a6%e0%b1%80-%e0%b0%b5%e0%b0%b0%e0%b0%95/
2023-07-01,Srivari Annual Brahmotsavams,announced_dates,unspecified,major,ANNUAL BRAHMOTSAVAM AT THALLAPAKA TEMPLE FROM JUNE 29-JULY 7,https://news.tirumala.org/%e0%b0%9c%e0%b1%82%e0%b0%a8%e0%b1%8d-29-%e0%b0%a8%e0%b1%81%e0%b0%82%e0%b0%a1%e0%b0%bf-%e0%b0%9c%e0%b1%81%e0%b0%b2%e0%b1%88-7%e0%b0%b5-%e0%b0%a4%e0%b1%87%e0%b0%a6%e0%b1%80-%e0%b0%b5%e0%b0%b0%e0%b0%95/
2023-07-02,Pavitrotsavam,announced_dates,other_temple,minor,PAVITROTSAVAM AT SRI KAPILESWARA SWAMY TEMPE FROM JUNE 30 - JULY 2 _ జూన్ 30 నుండి జూలై 2వ తేదీ వరకు శ్రీ కపిలేశ్వరాలయంలో పవిత్రోత్సవాలు,https://news.tirumala.org/%e0%b0%9c%e0%b1%82%e0%b0%a8%e0%b1%8d-30-%e0%b0%a8%e0%b1%81%e0%b0%82%e0%b0%a1%e0%b0%bf-%e0%b0%9c%e0%b1%82%e0%b0%b2%e0%b1%88-2%e0%b0%b5-%e0%b0%a4%e0%b1%87%e0%b0%a6%e0%b1%80-%e0%b0%b5%e0%b0%b0%e0%b0%95/
2023-07-02,Srivari Annual Brahmotsavams,announced_dates,unspecified,major,ANNUAL BRAHMOTSAVAM AT THALLAPAKA TEMPLE FROM JUNE 29-JULY 7,https://news.tirumala.org/%e0%b0%9c%e0%b1%82%e0%b0%a8%e0%b1%8d-29-%e0%b0%a8%e0%b1%81%e0%b0%82%e0%b0%a1%e0%b0%bf-%e0%b0%9c%e0%b1%81%e0%b0%b2%e0%b1%88-7%e0%b0%b5-%e0%b0%a4%e0%b1%87%e0%b0%a6%e0%b1%80-%e0%b0%b5%e0%b0%b0%e0%b0%95/
2023-07-03,Garuda Seva,same_day_report,unspecified,minor,GARUDA SEVA OBSERVED,https://news.tirumala.org/garuda-seva-observed-_-%e0%b0%b5%e0%b1%88%e0%b0%ad%e0%b0%b5%e0%b0%82%e0%b0%97%e0%b0%be-%e0%b0%b6%e0%b1%8d%e0%b0%b0%e0%b1%80-%e0%b0%97%e0%b1%8b%e0%b0%b5%e0%b0%bf%e0%b0%82%e0%b0%a6%e0%b0%b0%e0%b0%be/
2023-07-03,Srivari Annual Brahmotsavams,announced_dates,unspecified,major,ANNUAL BRAHMOTSAVAM AT THALLAPAKA TEMPLE FROM JUNE 29-JULY 7,https://news.tirumala.org/%e0%b0%9c%e0%b1%82%e0%b0%a8%e0%b1%8d-29-%e0%b0%a8%e0%b1%81%e0%b0%82%e0%b0%a1%e0%b0%bf-%e0%b0%9c%e0%b1%81%e0%b0%b2%e0%b1%88-7%e0%b0%b5-%e0%b0%a4%e0%b1%87%e0%b0%a6%e0%b1%80-%e0%b0%b5%e0%b0%b0%e0%b0%95/
2023-07-04,Srivari Annual Brahmotsavams,announced_dates,unspecified,major,ANNUAL BRAHMOTSAVAM AT THALLAPAKA TEMPLE FROM JUNE 29-JULY 7,https://news.tirumala.org/%e0%b0%9c%e0%b1%82%e0%b0%a8%e0%b1%8d-29-%e0%b0%a8%e0%b1%81%e0%b0%82%e0%b0%a1%e0%b0%bf-%e0%b0%9c%e0%b1%81%e0%b0%b2%e0%b1%88-7%e0%b0%b5-%e0%b0%a4%e0%b1%87%e0%b0%a6%e0%b1%80-%e0%b0%b5%e0%b0%b0%e0%b0%95/
2023-07-05,Srivari Annual Brahmotsavams,announced_dates,unspecified,major,ANNUAL BRAHMOTSAVAM AT THALLAPAKA TEMPLE FROM JUNE 29-JULY 7,https://news.tirumala.org/%e0%b0%9c%e0%b1%82%e0%b0%a8%e0%b1%8d-29-%e0%b0%a8%e0%b1%81%e0%b0%82%e0%b0%a1%e0%b0%bf-%e0%b0%9c%e0%b1%81%e0%b0%b2%e0%b1%88-7%e0%b0%b5-%e0%b0%a4%e0%b1%87%e0%b0%a6%e0%b1%80-%e0%b0%b5%e0%b0%b0%e0%b0%95/
2023-07-06,Srivari Annual Brahmotsavams,announced_dates,unspecified,major,ANNUAL BRAHMOTSAVAM AT THALLAPAKA TEMPLE FROM JUNE 29-JULY 7,https://news.tirumala.org/%e0%b0%9c%e0%b1%82%e0%b0%a8%e0%b1%8d-29-%e0%b0%a8%e0%b1%81%e0%b0%82%e0%b0%a1%e0%b0%bf-%e0%b0%9c%e0%b1%81%e0%b0%b2%e0%b1%88-7%e0%b0%b5-%e0%b0%a4%e0%b1%87%e0%b0%a6%e0%b1%80-%e0%b0%b5%e0%b0%b0%e0%b0%95/
2023-07-07,Srivari Annual Brahmotsavams,announced_dates,unspecified,major,ANNUAL BRAHMOTSAVAM AT THALLAPAKA TEMPLE FROM JUNE 29-JULY 7,https://news.tirumala.org/%e0%b0%9c%e0%b1%82%e0%b0%a8%e0%b1%8d-29-%e0%b0%a8%e0%b1%81%e0%b0%82%e0%b0%a1%e0%b0%bf-%e0%b0%9c%e0%b1%81%e0%b0%b2%e0%b1%88-7%e0%b0%b5-%e0%b0%a4%e0%b1%87%e0%b0%a6%e0%b1%80-%e0%b0%b5%e0%b0%b0%e0%b0%95/
2023-07-13,Pavitrotsavam,same_day_report,unspecified,minor,PAVITHROTSAVAM BEGINS IN SRI KRT,https://news.tirumala.org/pavithrotsavam-begins-in-sri-krt-_-%e0%b0%b6%e0%b1%8d%e0%b0%b0%e0%b1%80-%e0%b0%95%e0%b1%8b%e0%b0%a6%e0%b0%82%e0%b0%a1%e0%b0%b0%e0%b0%be%e0%b0%ae%e0%b0%be%e0%b0%b2%e0%b0%af%e0%b0%82%e0%b0%b2%e0%b1%8b-2/
2023-07-17,Anivara Asthanam,same_day_report,unspecified,minor,ANIVARA ASTHANAM OBSERVED IN ALL LOCAL TEMPLES,https://news.tirumala.org/%e0%b0%9f%e0%b1%80%e0%b0%9f%e0%b1%80%e0%b0%a1%e0%b1%80-%e0%b0%b8%e0%b1%8d%e0%b0%a5%e0%b0%be%e0%b0%a8%e0%b0%bf%e0%b0%95%e0%b0%be%e0%b0%b2%e0%b0%af%e0%b0%be%e0%b0%b2%e0%b1%8d%e0%b0%b2%e0%b1%8b/
2023-08-01,Garuda Seva,same_day_report,unspecified,minor,GARUDA SEVA HELD,https://news.tirumala.org/%e0%b0%b6%e0%b1%8d%e0%b0%b0%e0%b1%80%e0%b0%b5%e0%b0%be%e0%b0%b0%e0%b0%bf-%e0%b0%86%e0%b0%b2%e0%b0%af%e0%b0%82%e0%b0%b2%e0%b1%8b-%e0%b0%b5%e0%b1%88%e0%b0%ad%e0%b0%b5%e0%b0%82%e0%b0%97%e0%b0%be-4/
2023-08-15,Independence Day,fixed_national_holiday,national,major,fixed calendar date,
2023-08-21,Garuda Seva,same_day_report,unspecified,minor,GARUDA PANCHAMI GARUDA SEVA HELD,https://news.tirumala.org/garuda-panchami-garuda-seva-held-_-%e0%b0%97%e0%b0%b0%e0%b1%81%e0%b0%a1-%e0%b0%aa%e0%b0%82%e0%b0%9a%e0%b0%ae%e0%b0%bf-%e0%b0%b8%e0%b0%82%e0%b0%a6%e0%b0%b0%e0%b1%8d%e0%b0%ad%e0%b0%82%e0%b0%97%e0%b0%be/
2023-08-28,Teppotsavam,announced_dates,other_temple,minor,FLOAT FESTIVAL AT KARVETINAGARAM TEMPLE FROM AUGUST 28-30,https://news.tirumala.org/%e0%b0%86%e0%b0%97%e0%b0%b8%e0%b1%8d%e0%b0%9f%e0%b1%81-28-%e0%b0%a8%e0%b1%81%e0%b0%82%e0%b0%a1%e0%b0%bf-30%e0%b0%b5-%e0%b0%a4%e0%b1%87%e0%b0%a6%e0%b1%80-%e0%b0%b5%e0%b0%b0%e0%b0%95%e0%b1%81%e0%b0%95/
2023-08-29,Teppotsavam,announced_dates,other_temple,minor,FLOAT FESTIVAL AT KARVETINAGARAM TEMPLE FROM AUGUST 28-30,https://news.tirumala.org/%e0%b0%86%e0%b0%97%e0%b0%b8%e0%b1%8d%e0%b0%9f%e0%b1%81-28-%e0%b0%a8%e0%b1%81%e0%b0%82%e0%b0%a1%e0%b0%bf-30%e0%b0%b5-%e0%b0%a4%e0%b1%87%e0%b0%a6%e0%b1%80-%e0%b0%b5%e0%b0%b0%e0%b0%95%e0%b1%81%e0%b0%95/
2023-08-30,Teppotsavam,announced_dates,other_temple,minor,FLOAT FESTIVAL AT KARVETINAGARAM TEMPLE FROM AUGUST 28-30,https://news.tirumala.org/%e0%b0%86%e0%b0%97%e0%b0%b8%e0%b1%8d%e0%b0%9f%e0%b1%81-28-%e0%b0%a8%e0%b1%81%e0%b0%82%e0%b0%a1%e0%b0%bf-30%e0%b0%b5-%e0%b0%a4%e0%b1%87%e0%b0%a6%e0%b1%80-%e0%b0%b5%e0%b0%b0%e0%b0%95%e0%b1%81%e0%b0%95/
2023-08-31,Garuda Seva,announced_dates,unspecified,minor,POURNAMI GARUDA SEVA CANCELLED ON AUGUST 31,https://news.tirumala.org/pournami-garuda-seva-cancelled-on-august-31/
2023-09-07,Sri Krishna Janmashtami,same_day_report,tirumala,major,GRAND SRI KRISHNA JANMASHTAMI CELEBRATIONS AT TIRUMALA,https://news.tirumala.org/%e0%b0%a4%e0%b0%bf%e0%b0%b0%e0%b1%81%e0%b0%ae%e0%b0%b2%e0%b0%b2%e0%b1%8b-%e0%b0%98%e0%b0%a8%e0%b0%82%e0%b0%97%e0%b0%be-%e0%b0%b6%e0%b1%8d%e0%b0%b0%e0%b1%80%e0%b0%95%e0%b1%83%e0%b0%b7%e0%b1%8d%e0%b0%a3/
2023-09-18,Srivari Annual Brahmotsavams,announced_dates,tirumala,major,HIGHLIGHTS OF ACTIVITIES DURING SRIVARI ANNUAL BRAHMOTSAVAM FROM SEPTEMBER 18-25(8 days),https://news.tirumala.org/highlights-of-activities-during-srivari-annual-brahmotsavam-from-september-18-258-days/
2023-09-19,Srivari Annual Brahmotsavams,announced_dates,tirumala,major,HIGHLIGHTS OF ACTIVITIES DURING SRIVARI ANNUAL BRAHMOTSAVAM FROM SEPTEMBER 18-25(8 days),https://news.tirumala.org/highlights-of-activities-during-srivari-annual-brahmotsavam-from-september-18-258-days/
2023-09-20,Srivari Annual Brahmotsavams,announced_dates,tirumala,major,HIGHLIGHTS OF ACTIVITIES DURING SRIVARI ANNUAL BRAHMOTSAVAM FROM SEPTEMBER 18-25(8 days),https://news.tirumala.org/highlights-of-activities-during-srivari-annual-brahmotsavam-from-september-18-258-days/
2023-09-21,Srivari Annual Brahmotsavams,announced_dates,tirumala,major,HIGHLIGHTS OF ACTIVITIES DURING SRIVARI ANNUAL BRAHMOTSAVAM FROM SEPTEMBER 18-25(8 days),https://news.tirumala.org/highlights-of-activities-during-srivari-annual-brahmotsavam-from-september-18-258-days/
2023-09-22,Srivari Annual Brahmotsavams,announced_dates,tirumala,major,HIGHLIGHTS OF ACTIVITIES DURING SRIVARI ANNUAL BRAHMOTSAVAM FROM SEPTEMBER 18-25(8 days),https://news.tirumala.org/highlights-of-activities-during-srivari-annual-brahmotsavam-from-september-18-258-days/
2023-09-23,Srivari Annual Brahmotsavams,announced_dates,tirumala,major,HIGHLIGHTS OF ACTIVITIES DURING SRIVARI ANNUAL BRAHMOTSAVAM FROM SEPTEMBER 18-25(8 days),https://news.tirumala.org/highlights-of-activities-during-srivari-annual-brahmotsavam-from-september-18-258-days/
2023-09-24,Srivari Annual Brahmotsavams,announced_dates,tirumala,major,HIGHLIGHTS OF ACTIVITIES DURING SRIVARI ANNUAL BRAHMOTSAVAM FROM SEPTEMBER 18-25(8 days),https://news.tirumala.org/highlights-of-activities-during-srivari-annual-brahmotsavam-from-september-18-258-days/
2023-09-25,Srivari Annual Brahmotsavams,announced_dates,tirumala,major,HIGHLIGHTS OF ACTIVITIES DURING SRIVARI ANNUAL BRAHMOTSAVAM FROM SEPTEMBER 18-25(8 days),https://news.tirumala.org/highlights-of-activities-during-srivari-annual-brahmotsavam-from-september-18-258-days/
2023-09-27,Pavitrotsavam,same_day_report,unspecified,minor,PAVITROTSAVAM CONCLUDES AT SRI GT,https://news.tirumala.org/pavitrotsavam-concludes-at-sri-gt-_-%e0%b0%98%e0%b0%a8%e0%b0%82%e0%b0%97%e0%b0%be%e0%b0%b6%e0%b1%8d%e0%b0%b0%e0%b1%80-%e0%b0%97%e0%b1%8b%e0%b0%b5%e0%b0%bf%e0%b0%82%e0%b0%a6%e0%b0%b0%e0%b0%be%e0%b0%9c/
2023-09-29,Garuda Seva,same_day_report,unspecified,minor,POURNAMI GARUDA SEVA HELD,https://news.tirumala.org/pournami-garuda-seva-held-_-%e0%b0%b5%e0%b1%88%e0%b0%ad%e0%b0%b5%e0%b0%82%e0%b0%97%e0%b0%be-%e0%b0%ad%e0%b0%be%e0%b0%a6%e0%b1%8d%e0%b0%b0%e0%b0%aa%e0%b0%a6%e0%b0%ae%e0%b0%be%e0%b0%b8-%e0%b0%aa/
2023-10-02,Gandhi Jayanti,fixed_national_holiday,national,major,fixed calendar date,
2023-10-15,Navaratri Brahmotsavams,announced_dates,tirumala,major,SRIVARI NAVARATRI BRAHMOTSAVAMS FROM OCTOBER 15-23,https://news.tirumala.org/%e0%b0%85%e0%b0%95%e0%b1%8d%e0%b0%9f%e0%b1%8b%e0%b0%ac%e0%b0%b0%e0%b1%81-15-%e0%b0%a8%e0%b1%81%e0%b0%82%e0%b0%a1%e0%b0%bf-23%e0%b0%b5-%e0%b0%a4%e0%b1%87%e0%b0%a6%e0%b1%80-%e0%b0%b5%e0%b0%b0%e0%b0%95/
2023-10-16,Navaratri Brahmotsavams,announced_dates,tirumala,major,SRIVARI NAVARATRI BRAHMOTSAVAMS FROM OCTOBER 15-23,https://news.tirumala.org/%e0%b0%85%e0%b0%95%e0%b1%8d%e0%b0%9f%e0%b1%8b%e0%b0%ac%e0%b0%b0%e0%b1%81-15-%e0%b0%a8%e0%b1%81%e0%b0%82%e0%b0%a1%e0%b0%bf-23%e0%b0%b5-%e0%b0%a4%e0%b1%87%e0%b0%a6%e0%b1%80-%e0%b0%b5%e0%b0%b0%e0%b0%95/
2023-10-17,Navaratri Brahmotsavams,announced_dates,tirumala,major,SRIVARI NAVARATRI BRAHMOTSAVAMS FROM OCTOBER 15-23,https://news.tirumala.org/%e0%b0%85%e0%b0%95%e0%b1%8d%e0%b0%9f%e0%b1%8b%e0%b0%ac%e0%b0%b0%e0%b1%81-15-%e0%b0%a8%e0%b1%81%e0%b0%82%e0%b0%a1%e0%b0%bf-23%e0%b0%b5-%e0%b0%a4%e0%b1%87%e0%b0%a6%e0%b1%80-%e0%b0%b5%e0%b0%b0%e0%b0%95/
2023-10-18,Navaratri Brahmotsavams,announced_dates,tirumala,major,SRIVARI NAVARATRI BRAHMOTSAVAMS FROM OCTOBER 15-23,https://news.tirumala.org/%e0%b0%85%e0%b0%95%e0%b1%8d%e0%b0%9f%e0%b1%8b%e0%b0%ac%e0%b0%b0%e0%b1%81-15-%e0%b0%a8%e0%b1%81%e0%b0%82%e0%b0%a1%e0%b0%bf-23%e0%b0%b5-%e0%b0%a4%e0%b1%87%e0%b0%a6%e0%b1%80-%e0%b0%b5%e0%b0%b0%e0%b0%95/
2023-10-19,Garuda Seva,same_day_report,unspecified,minor,GARUDA SEVA HELD WITH UTMOST RELIGIOUS FERVOUR,https://news.tirumala.org/garuda-seva-held-with-utmost-religious-fervour/
2023-10-19,Navaratri Brahmotsavams,announced_dates,tirumala,major,SRIVARI NAVARATRI BRAHMOTSAVAMS FROM OCTOBER 15-23,https://news.tirumala.org/%e0%b0%85%e0%b0%95%e0%b1%8d%e0%b0%9f%e0%b1%8b%e0%b0%ac%e0%b0%b0%e0%b1%81-15-%e0%b0%a8%e0%b1%81%e0%b0%82%e0%b0%a1%e0%b0%bf-23%e0%b0%b5-%e0%b0%a4%e0%b1%87%e0%b0%a6%e0%b1%80-%e0%b0%b5%e0%b0%b0%e0%b0%95/
2023-10-20,Navaratri Brahmotsavams,announced_dates,tirumala,major,SRIVARI NAVARATRI BRAHMOTSAVAMS FROM OCTOBER 15-23,https://news.tirumala.org/%e0%b0%85%e0%b0%95%e0%b1%8d%e0%b0%9f%e0%b1%8b%e0%b0%ac%e0%b0%b0%e0%b1%81-15-%e0%b0%a8%e0%b1%81%e0%b0%82%e0%b0%a1%e0%b0%bf-23%e0%b0%b5-%e0%b0%a4%e0%b1%87%e0%b0%a6%e0%b1%80-%e0%b0%b5%e0%b0%b0%e0%b0%95/
2023-10-21,Navaratri Brahmotsavams,announced_dates,tirumala,major,SRIVARI NAVARATRI BRAHMOTSAVAMS FROM OCTOBER 15-23,https://news.tirumala.org/%e0%b0%85%e0%b0%95%e0%b1%8d%e0%b0%9f%e0%b1%8b%e0%b0%ac%e0%b0%b0%e0%b1%81-15-%e0%b0%a8%e0%b1%81%e0%b0%82%e0%b0%a1%e0%b0%bf-23%e0%b0%b5-%e0%b0%a4%e0%b1%87%e0%b0%a6%e0%b1%80-%e0%b0%b5%e0%b0%b0%e0%b0%95/
2023-10-22,Navaratri Brahmotsavams,announced_dates,tirumala,major,SRIVARI NAVARATRI BRAHMOTSAVAMS FROM OCTOBER 15-23,https://news.tirumala.org/%e0%b0%85%e0%b0%95%e0%b1%8d%e0%b0%9f%e0%b1%8b%e0%b0%ac%e0%b0%b0%e0%b1%81-15-%e0%b0%a8%e0%b1%81%e0%b0%82%e0%b0%a1%e0%b0%bf-23%e0%b0%b5-%e0%b0%a4%e0%b1%87%e0%b0%a6%e0%b1%80-%e0%b0%b5%e0%b0%b0%e0%b0%95/
2023-10-23,Navaratri Brahmotsavams,announced_dates,tirumala,major,SRIVARI NAVARATRI BRAHMOTSAVAMS FROM OCTOBER 15-23,https://news.tirumala.org/%e0%b0%85%e0%b0%95%e0%b1%8d%e0%b0%9f%e0%b1%8b%e0%b0%ac%e0%b0%b0%e0%b1%81-15-%e0%b0%a8%e0%b1%81%e0%b0%82%e0%b0%a1%e0%b0%bf-23%e0%b0%b5-%e0%b0%a4%e0%b1%87%e0%b0%a6%e0%b1%80-%e0%b0%b5%e0%b0%b0%e0%b0%95/
2023-10-23,Srivari Annual Brahmotsavams,same_day_report,tirumala,major,SRIVARI BRAHMOTSAVAMS ARE OBSERVED WITH UTMOST PILGRIM SATISFACTION LIKE NEVER BEFORE-TTD CHAIRMAN,https://news.tirumala.org/%e0%b0%ad%e0%b0%95%e0%b1%8d%e0%b0%a4%e0%b1%81%e0%b0%b2-%e0%b0%95%e0%b0%b3%e0%b1%8d%e0%b0%b2%e0%b0%b2%e0%b1%8b-%e0%b0%b5%e0%b1%86%e0%b0%b2%e0%b1%81%e0%b0%97%e0%b1%81%e0%b0%b2/
2023-11-10,Brahmotsavams,same_day_report,other_temple,major,DHWAJAROHANAM HELD FOR TIRUCHANOOR BRAHMOTSAVAMS,https://news.tirumala.org/%e0%b0%b6%e0%b1%8d%e0%b0%b0%e0%b1%80-%e0%b0%aa%e0%b0%a6%e0%b1%8d%e0%b0%ae%e0%b0%be%e0%b0%b5%e0%b0%a4%e0%b0%bf-%e0%b0%85%e0%b0%ae%e0%b1%8d%e0%b0%ae%e0%b0%b5%e0%b0%be%e0%b0%b0%e0%b0%bf-%e0%b0%ac-2/
2023-11-12,Deepavali,same_day_report,unspecified,major,DEEPAVALI ASTHANAM HELD,https://news.tirumala.org/deepavali-asthanam-performed-_-%e0%b0%a4%e0%b0%bf%e0%b0%b0%e0%b1%81%e0%b0%ae%e0%b0%b2-%e0%b0%b6%e0%b1%8d%e0%b0%b0%e0%b1%80%e0%b0%b5%e0%b0%be%e0%b0%b0%e0%b0%bf-%e0%b0%86%e0%b0%b2%e0%b0%af-2/
2023-11-14,Vasanthotsavam,same_day_report,other_temple,minor,VASANTHOTSAVAM HELD IN TIRUCHANOOR,https://news.tirumala.org/vasanthotsavam-held-in-tiruchanoor/
2023-11-27,Garuda Seva,same_day_report,unspecified,minor,POURNAMI GARUDA SEVA HELD,https://news.tirumala.org/pournami-garuda-seva-held-4/
2023-12-14,Tiruppavai / Dhanurmasam,same_day_report,unspecified,minor,TIRUPPAVAI PRAVACHANAMS TO BEGIN FROM DECEMBER 16,https://news.tirumala.org/%e0%b0%a1%e0%b0%bf%e0%b0%b8%e0%b1%86%e0%b0%82%e0%b0%ac%e0%b0%b0%e0%b1%81-23%e0%b0%a8-%e0%b0%a4%e0%b0%bf%e0%b0%b0%e0%b1%81%e0%b0%ae%e0%b0%b2%e0%b0%b2%e0%b1%8b-%e0%b0%ad/
2023-12-17,Tiruppavai / Dhanurmasam,same_day_report,tirumala,minor,TIRUPPAVAI COMMENCES AT SRIVARI TEMPLE,https://news.tirumala.org/%e0%b0%aa%e0%b1%86%e0%b0%a6%e0%b1%8d%e0%b0%a6%e0%b0%9c%e0%b1%80%e0%b0%af%e0%b0%b0%e0%b1%8d-%e0%b0%ae%e0%b0%a0%e0%b0%82%e0%b0%b2%e0%b1%8b-%e0%b0%a4%e0%b0%bf%e0%b0%b0%e0%b1%81%e0%b0%aa%e0%b1%8d/
2023-12-18,Vaikunta Ekadasi,same_day_report,other_temple,major,SPECIAL PUJAS AT SRINIVASA MANGAPURAM FOR VAIKUNTA EKADASI CELEBRATIONS,https://news.tirumala.org/special-pujas-at-srinivasa-mangapuram-for-vaikunta-ekadasi-celebrations/
2023-12-22,Teppotsavam,announced_dates,other_temple,minor,TEPPOTSAVAMS AT SRI KAPILESWARA SWAMY TEMPLE FROM DECEMBER 22-26,https://news.tirumala.org/teppotsavams-at-sri-kapileswara-swamy-temple-from-december-22-26/
2023-12-23,Teppotsavam,same_day_report,unspecified,minor,TEPPOTSAVAM HELD,https://news.tirumala.org/%e0%b0%a4%e0%b1%86%e0%b0%aa%e0%b1%8d%e0%b0%aa%e0%b0%b2%e0%b0%aa%e0%b1%88-%e0%b0%b6%e0%b1%8d%e0%b0%b0%e0%b1%80-%e0%b0%b8%e0%b1%81%e0%b0%ac%e0%b1%8d%e0%b0%b0%e0%b0%ae%e0%b0%a3%e0%b1%8d%e0%b0%af/
2023-12-23,Vaikunta Ekadasi,same_day_report,unspecified,major,GRAND SWARNA RATHOTSAVAM HELD ON VAIKUNTA EKADASI DAY _ వైకుంఠ ఏకాదశి సందర్భంగా వేడుకగా స్వర్ణరథోత్సవం,https://news.tirumala.org/%e0%b0%b8%e0%b1%8d%e0%b0%b5%e0%b0%b0%e0%b1%8d%e0%b0%a3%e0%b0%b0%e0%b0%a5%e0%b0%82%e0%b0%aa%e0%b1%88-%e0%b0%a6%e0%b1%87%e0%b0%b5%e0%b0%a6%e0%b1%87%e0%b0%b5%e0%b1%81%e0%b0%a1%e0%b1%81-%e0%b0%b6%e0%b1%8d/
2023-12-24,Teppotsavam,announced_dates,other_temple,minor,TEPPOTSAVAMS AT SRI KAPILESWARA SWAMY TEMPLE FROM DECEMBER 22-26,https://news.tirumala.org/teppotsavams-at-sri-kapileswara-swamy-temple-from-december-22-26/
2023-12-25,Christmas,fixed_national_holiday,national,major,fixed calendar date,
2023-12-25,Teppotsavam,same_day_report,unspecified,minor,TEPPOTSAVAMS HELD,https://news.tirumala.org/%e0%b0%a4%e0%b1%86%e0%b0%aa%e0%b1%8d%e0%b0%aa%e0%b0%b2%e0%b0%aa%e0%b1%88-%e0%b0%b6%e0%b1%8d%e0%b0%b0%e0%b1%80-%e0%b0%95%e0%b0%be%e0%b0%ae%e0%b0%be%e0%b0%95%e0%b1%8d%e0%b0%b7%e0%b0%bf-%e0%b0%85-2/
2023-12-26,Garuda Seva,announced_dates,unspecified,minor,NO GARUDA SEVA ON DEC 26,https://news.tirumala.org/no-garuda-seva-on-dec-26/
2023-12-26,Teppotsavam,same_day_report,unspecified,minor,TEPPOTSAVAMS CONCLUDES,https://news.tirumala.org/teppotsavams-concludes-_-%e0%b0%b6%e0%b1%8d%e0%b0%b0%e0%b1%80-%e0%b0%95%e0%b0%aa%e0%b0%bf%e0%b0%b2%e0%b1%87%e0%b0%b6%e0%b1%8d%e0%b0%b5%e0%b0%b0%e0%b0%be%e0%b0%b2%e0%b0%af%e0%b0%82%e0%b0%b2%e0%b1%8b/
2024-01-01,New Year's Day,fixed_national_holiday,national,major,fixed calendar date,
2024-01-25,Garuda Seva,same_day_report,unspecified,minor,POURNAMI GARUDA SEVA HELD,https://news.tirumala.org/pournami-garuda-seva-held-_-%e0%b0%b5%e0%b1%88%e0%b0%ad%e0%b0%b5%e0%b0%82%e0%b0%97%e0%b0%be-%e0%b0%aa%e0%b1%81%e0%b0%b7%e0%b1%8d%e0%b0%af%e0%b0%ae%e0%b0%be%e0%b0%b8-%e0%b0%aa%e0%b1%8c/
2024-01-26,Republic Day,fixed_national_holiday,national,major,fixed calendar date,
2024-02-16,Brahmotsavams,announced_dates,unspecified,major,ALL SET FOR ONE DAY BRAHMOTSAVAM ON FEBRUARY 16,https://news.tirumala.org/%e0%b0%85%e0%b0%b0%e0%b1%8d%e0%b0%a7-%e0%b0%ac%e0%b1%8d%e0%b0%b0%e0%b0%b9%e0%b1%8d%e0%b0%ae%e0%b1%8b%e0%b0%a4%e0%b1%8d%e0%b0%b8%e0%b0%b5%e0%b0%be%e0%b0%a8%e0%b0%bf%e0%b0%95%e0%b0%bf-%e0%b0%9f/
2024-02-16,Rathasapthami,announced_dates,unspecified,major,RATHASAPTAMI AT KRT ON FEBRUARY 16,https://news.tirumala.org/%e0%b0%ab%e0%b0%bf%e0%b0%ac%e0%b1%8d%e0%b0%b0%e0%b0%b5%e0%b0%b0%e0%b0%bf-16%e0%b0%a8-%e0%b0%b6%e0%b1%8d%e0%b0%b0%e0%b1%80-%e0%b0%95%e0%b1%8b%e0%b0%a6%e0%b0%82%e0%b0%a1%e0%b0%b0%e0%b0%be%e0%b0%ae/
2024-02-17,Teppotsavam,same_day_report,other_temple,minor,GOVINDARAJA SWAMY TEPPOTSAVAM BEGINS WITH GRANDEUR,https://news.tirumala.org/%e0%b0%b5%e0%b1%88%e0%b0%ad%e0%b0%b5%e0%b0%82%e0%b0%97%e0%b0%be-%e0%b0%b6%e0%b1%8d%e0%b0%b0%e0%b1%80%e0%b0%97%e0%b1%8b%e0%b0%b5%e0%b0%bf%e0%b0%82%e0%b0%a6%e0%b0%b0%e0%b0%be%e0%b0%9c%e0%b0%b8%e0%b1%8d/
2024-02-18,Teppotsavam,announced_dates,unspecified,minor,ANNUAL TEPPOTSAVAM OF SRI GT FROM FEBRUARY 17-23,https://news.tirumala.org/annual-teppotsavam-of-sri-gt-from-february-17-23/
2024-02-19,Teppotsavam,announced_dates,unspecified,minor,ANNUAL TEPPOTSAVAM OF SRI GT FROM FEBRUARY 17-23,https://news.tirumala.org/annual-teppotsavam-of-sri-gt-from-february-17-23/
2024-02-20,Teppotsavam,announced_dates,unspecified,minor,ANNUAL TEPPOTSAVAM OF SRI GT FROM FEBRUARY 17-23,https://news.tirumala.org/annual-teppotsavam-of-sri-gt-from-february-17-23/
2024-02-21,Teppotsavam,announced_dates,unspecified,minor,ANNUAL TEPPOTSAVAM OF SRI GT FROM FEBRUARY 17-23,https://news.tirumala.org/annual-teppotsavam-of-sri-gt-from-february-17-23/
2024-02-22,Teppotsavam,announced_dates,unspecified,minor,ANNUAL TEPPOTSAVAM OF SRI GT FROM FEBRUARY 17-23,https://news.tirumala.org/annual-teppotsavam-of-sri-gt-from-february-17-23/
2024-02-23,Teppotsavam,announced_dates,unspecified,minor,ANNUAL TEPPOTSAVAM OF SRI GT FROM FEBRUARY 17-23,https://news.tirumala.org/annual-teppotsavam-of-sri-gt-from-february-17-23/
2024-02-24,Garuda Seva,same_day_report,unspecified,minor,POURNAMI GARUDA SEVA OBSERVED,https://news.tirumala.org/pournami-garuda-seva-observed-_-%e0%b0%b5%e0%b1%88%e0%b0%ad%e0%b0%b5%e0%b0%82%e0%b0%97%e0%b0%be-%e0%b0%aa%e0%b1%8c%e0%b0%b0%e0%b1%8d%e0%b0%a3%e0%b0%ae%e0%b0%bf-%e0%b0%97%e0%b0%b0%e0%b1%81%e0%b0%a1/
2024-02-24,Srivari Annual Brahmotsavams,same_day_report,unspecified,major,TIRUPATI ORIGIN DAY OBSERVED ON PAR WITH ANNUAL BRAHMOTSAVAMS - TTD CHAIRMAN,https://news.tirumala.org/%e0%b0%ac%e0%b1%8d%e0%b0%b0%e0%b0%b9%e0%b1%8d%e0%b0%ae%e0%b1%8b%e0%b0%a4%e0%b1%8d%e0%b0%b8%e0%b0%b5%e0%b0%be%e0%b0%b2%e0%b0%a8%e0%b1%81-%e0%b0%a4%e0%b0%b2/
2024-03-01,Brahmotsavams,same_day_report,other_temple,major,SRI KAPILESWARA SWAMY BRAHMOTSAVAM BEGINS,https://news.tirumala.org/%e0%b0%a7%e0%b1%8d%e0%b0%b5%e0%b0%9c%e0%b0%be%e0%b0%b0%e0%b1%8b%e0%b0%b9%e0%b0%a3%e0%b0%82%e0%b0%a4%e0%b1%8b-%e0%b0%b5%e0%b1%87%e0%b0%a1%e0%b1%81%e0%b0%95%e0%b0%97%e0%b0%be-%e0%b0%b6%e0%b1%8d-2/
2024-03-08,Brahmotsavams,same_day_report,other_temple,major,SRI KALYANA VENKATESWARA SWAMY BRAHMOTSAVAM CONCLUDES,https://news.tirumala.org/sri-kalyana-venkateswara-swamy-brahmotsavam-concludes-_-%e0%b0%a7%e0%b1%8d%e0%b0%b5%e0%b0%9c%e0%b0%be%e0%b0%b5%e0%b0%b0%e0%b1%8b%e0%b0%b9%e0%b0%a3%e0%b0%82%e0%b0%a4%e0%b1%8b-%e0%b0%ae%e0%b1%81/
2024-03-20,Teppotsavam,same_day_report,unspecified,minor,TEPPOTSAVAMS COMMENCES,https://news.tirumala.org/teppotsavams-commences-2/
2024-03-24,Teppotsavam,same_day_report,unspecified,minor,TEPPOTSAVAMS CONCLUDES,https://news.tirumala.org/251229-2/
2024-03-25,Garuda Seva,same_day_report,unspecified,minor,POURNAMI GARUDA SEVA OBSERVED,https://news.tirumala.org/pournami-garuda-seva-observed-_-%e0%b0%b6%e0%b1%8d%e0%b0%b0%e0%b1%80%e0%b0%b5%e0%b0%be%e0%b0%b0%e0%b0%bf-%e0%b0%86%e0%b0%b2%e0%b0%af%e0%b0%82%e0%b0%b2%e0%b1%8b-%e0%b0%b5%e0%b1%88%e0%b0%ad%e0%b0%b5/
2024-04-09,Ugadi,same_day_report,unspecified,major,JOYFUL UGADI CELEBRATION IN MAHATI,https://news.tirumala.org/joyful-ugadi-celebration-in-mahati-_-%e0%b0%ae%e0%b0%b9%e0%b0%a4%e0%b0%bf%e0%b0%b2%e0%b1%8b-%e0%b0%98%e0%b0%a8%e0%b0%82%e0%b0%97%e0%b0%be-%e0%b0%89%e0%b0%97%e0%b0%be%e0%b0%a6%e0%b0%bf-%e0%b0%89/
2024-04-17,Brahmotsavams,same_day_report,unspecified,major,CHANDRAGIRI RAMALAYAM BRAHMOTSAVAM COMMENCES,https://news.tirumala.org/chandragiri-ramalayam-brahmotsavam-commences/
2024-04-17,Sri Rama Navami,announced_dates,unspecified,major,SRI RAMA NAVAMI FETE AT SRI KRT ON APRIL 17-19,https://news.tirumala.org/%e0%b0%8f%e0%b0%aa%e0%b1%8d%e0%b0%b0%e0%b0%bf%e0%b0%b2%e0%b1%8d-17-%e0%b0%a8%e0%b1%81%e0%b0%82%e0%b0%a1%e0%b0%bf-19%e0%b0%b5-%e0%b0%a4%e0%b1%87%e0%b0%a6%e0%b1%80-%e0%b0%b5%e0%b0%b0%e0%b0%95%e0%b1%81/
2024-04-18,Brahmotsavams,announced_dates,other_temple,major,VONTIMITTA SRI KODANDARAMA SWAMY BRAHMOTSAVAMS FROM APRIL 17-25,https://news.tirumala.org/vontimitta-sri-kodandarama-swamy-brahmotsavams-from-april-17-25/
2024-04-18,Sri Rama Navami,announced_dates,unspecified,major,SRI RAMA NAVAMI FETE AT SRI KRT ON APRIL 17-19,https://news.tirumala.org/%e0%b0%8f%e0%b0%aa%e0%b1%8d%e0%b0%b0%e0%b0%bf%e0%b0%b2%e0%b1%8d-17-%e0%b0%a8%e0%b1%81%e0%b0%82%e0%b0%a1%e0%b0%bf-19%e0%b0%b5-%e0%b0%a4%e0%b1%87%e0%b0%a6%e0%b1%80-%e0%b0%b5%e0%b0%b0%e0%b0%95%e0%b1%81/
2024-04-19,Brahmotsavams,announced_dates,other_temple,major,VONTIMITTA SRI KODANDARAMA SWAMY BRAHMOTSAVAMS FROM APRIL 17-25,https://news.tirumala.org/vontimitta-sri-kodandarama-swamy-brahmotsavams-from-april-17-25/
2024-04-19,Sri Rama Navami,announced_dates,unspecified,major,SRI RAMA NAVAMI FETE AT SRI KRT ON APRIL 17-19,https://news.tirumala.org/%e0%b0%8f%e0%b0%aa%e0%b1%8d%e0%b0%b0%e0%b0%bf%e0%b0%b2%e0%b1%8d-17-%e0%b0%a8%e0%b1%81%e0%b0%82%e0%b0%a1%e0%b0%bf-19%e0%b0%b5-%e0%b0%a4%e0%b1%87%e0%b0%a6%e0%b1%80-%e0%b0%b5%e0%b0%b0%e0%b0%95%e0%b1%81/
2024-04-20,Brahmotsavams,announced_dates,other_temple,major,VONTIMITTA SRI KODANDARAMA SWAMY BRAHMOTSAVAMS FROM APRIL 17-25,https://news.tirumala.org/vontimitta-sri-kodandarama-swamy-brahmotsavams-from-april-17-25/
2024-04-21,Brahmotsavams,announced_dates,other_temple,major,VONTIMITTA SRI KODANDARAMA SWAMY BRAHMOTSAVAMS FROM APRIL 17-25,https://news.tirumala.org/vontimitta-sri-kodandarama-swamy-brahmotsavams-from-april-17-25/
2024-04-21,Garuda Seva,same_day_report,unspecified,minor,GARUDA SEVA HELD,https://news.tirumala.org/garuda-seva-held-_-%e0%b0%b5%e0%b1%88%e0%b0%ad%e0%b0%b5%e0%b0%82%e0%b0%97%e0%b0%be-%e0%b0%92%e0%b0%82%e0%b0%9f%e0%b0%bf%e0%b0%ae%e0%b0%bf%e0%b0%9f%e0%b1%8d%e0%b0%9f-%e0%b0%b6%e0%b1%8d%e0%b0%b0-2/
2024-04-21,Teppotsavam,same_day_report,unspecified,minor,KRT TEPPOTSAVAM BEGIN WITH GRANDEUR,https://news.tirumala.org/krt-teppotsavam-begin-with-grandeur/
2024-04-21,Vasanthotsavam,same_day_report,unspecified,minor,VASANTHOTSAVAM BEGINS,https://news.tirumala.org/%e0%b0%b6%e0%b1%8b%e0%b0%ad%e0%b0%be%e0%b0%af%e0%b0%ae%e0%b0%be%e0%b0%a8%e0%b0%82%e0%b0%97%e0%b0%be-%e0%b0%b6%e0%b1%8d%e0%b0%b0%e0%b1%80%e0%b0%b5%e0%b0%be%e0%b0%b0%e0%b0%bf-%e0%b0%b5%e0%b0%b8/
2024-04-22,Brahmotsavams,announced_dates,other_temple,major,VONTIMITTA SRI KODANDARAMA SWAMY BRAHMOTSAVAMS FROM APRIL 17-25,https://news.tirumala.org/vontimitta-sri-kodandarama-swamy-brahmotsavams-from-april-17-25/
2024-04-22,Teppotsavam,same_day_report,unspecified,minor,FLOAT FESTIVAL OBSERVED,https://news.tirumala.org/float-festival-observed-_-%e0%b0%a4%e0%b1%86%e0%b0%aa%e0%b1%8d%e0%b0%aa%e0%b0%aa%e0%b1%88-%e0%b0%b6%e0%b1%8d%e0%b0%b0%e0%b1%80%e0%b0%b0%e0%b0%be%e0%b0%ae%e0%b0%9a%e0%b0%82%e0%b0%a6%e0%b1%8d%e0%b0%b0/
2024-04-22,Vasanthotsavam,announced_dates,unspecified,minor,VASANTOTSAVAM FROM APRIL 21 TO 23,https://news.tirumala.org/%e0%b0%8f%e0%b0%aa%e0%b1%8d%e0%b0%b0%e0%b0%bf%e0%b0%b2%e0%b1%8d-21-%e0%b0%a8%e0%b1%81%e0%b0%82%e0%b0%a1%e0%b0%bf-23%e0%b0%b5-%e0%b0%a4%e0%b1%87%e0%b0%a6%e0%b1%80-%e0%b0%b5%e0%b0%b0%e0%b0%95%e0%b1%81/
2024-04-23,Brahmotsavams,announced_dates,other_temple,major,VONTIMITTA SRI KODANDARAMA SWAMY BRAHMOTSAVAMS FROM APRIL 17-25,https://news.tirumala.org/vontimitta-sri-kodandarama-swamy-brahmotsavams-from-april-17-25/
2024-04-23,Teppotsavam,same_day_report,unspecified,minor,FLOAT FESTIVAL CONCLUDES,https://news.tirumala.org/%e0%b0%b5%e0%b1%88%e0%b0%ad%e0%b0%b5%e0%b0%82%e0%b0%97%e0%b0%be-%e0%b0%ae%e0%b1%81%e0%b0%97%e0%b0%bf%e0%b0%b8%e0%b0%bf%e0%b0%a8-%e0%b0%b6%e0%b1%8d%e0%b0%b0%e0%b1%80-%e0%b0%95%e0%b1%8b%e0%b0%a6-3/
2024-04-23,Vasanthotsavam,same_day_report,unspecified,minor,VASANTHOTSAVAM CONCLUDES,https://news.tirumala.org/vasanthotsavam-concludes-3/
2024-04-24,Brahmotsavams,announced_dates,other_temple,major,VONTIMITTA SRI KODANDARAMA SWAMY BRAHMOTSAVAMS FROM APRIL 17-25,https://news.tirumala.org/vontimitta-sri-kodandarama-swamy-brahmotsavams-from-april-17-25/
2024-04-25,Brahmotsavams,announced_dates,other_temple,major,VONTIMITTA SRI KODANDARAMA SWAMY BRAHMOTSAVAMS FROM APRIL 17-25,https://news.tirumala.org/vontimitta-sri-kodandarama-swamy-brahmotsavams-from-april-17-25/
2024-05-22,Vasanthotsavam,same_day_report,unspecified,minor,VASANTHOTSAVAM COMMENCES,https://news.tirumala.org/vasanthotsavam-commences/
2024-05-23,Garuda Seva,same_day_report,unspecified,minor,VAISAKHA POURNAMI GARUDA SEVA HELD,https://news.tirumala.org/vaisakha-pournami-garuda-seva-held-_-%e0%b0%b6%e0%b1%8d%e0%b0%b0%e0%b1%80%e0%b0%b5%e0%b0%be%e0%b0%b0%e0%b0%bf-%e0%b0%86%e0%b0%b2%e0%b0%af%e0%b0%82%e0%b0%b2%e0%b1%8b-%e0%b0%b5%e0%b1%88%e0%b0%ad/
2024-05-24,Vasanthotsavam,same_day_report,unspecified,minor,VASANTHOTSAVAM CONCLUDES,https://news.tirumala.org/vasanthotsavam-concludes-_-%e0%b0%b5%e0%b1%88%e0%b0%ad%e0%b0%b5%e0%b0%82%e0%b0%97%e0%b0%be-%e0%b0%ae%e0%b1%81%e0%b0%97%e0%b0%bf%e0%b0%b8%e0%b0%bf%e0%b0%a8-%e0%b0%b6%e0%b1%8d%e0%b0%b0%e0%b1%80/
2024-05-27,Vasanthotsavam,same_day_report,other_temple,minor,VASANTHOTSAVAM IN SRINIVASA MANGAPURAM COMMENCES,https://news.tirumala.org/%e0%b0%b5%e0%b1%88%e0%b0%ad%e0%b0%b5%e0%b0%82%e0%b0%97%e0%b0%be-%e0%b0%b6%e0%b1%8d%e0%b0%b0%e0%b1%80-%e0%b0%95%e0%b0%b2%e0%b1%8d%e0%b0%af%e0%b0%be%e0%b0%a3-%e0%b0%b5%e0%b1%87%e0%b0%82%e0%b0%95-8/
2024-05-29,Vasanthotsavam,same_day_report,unspecified,minor,VASANTHOTSAVAMS CONCLUDES IN SKVST,https://news.tirumala.org/vasanthotsavams-concludes-in-skvst-_-%e0%b0%b5%e0%b1%88%e0%b0%ad%e0%b0%b5%e0%b0%82%e0%b0%97%e0%b0%be-%e0%b0%ae%e0%b1%81%e0%b0%97%e0%b0%bf%e0%b0%b8%e0%b0%bf%e0%b0%a8-%e0%b0%b6%e0%b1%8d%e0%b0%b0/
2024-06-17,Teppotsavam,same_day_report,unspecified,minor,TEPPOTSAVAMS COMMENCES,https://news.tirumala.org/teppotsavams-commences-_-%e0%b0%b5%e0%b1%88%e0%b0%ad%e0%b0%b5%e0%b0%82%e0%b0%97%e0%b0%be-%e0%b0%b6%e0%b1%8d%e0%b0%b0%e0%b1%80-%e0%b0%aa%e0%b0%a6%e0%b1%8d%e0%b0%ae%e0%b0%be%e0%b0%b5%e0%b0%a4%e0%b0%bf/
2024-06-18,Teppotsavam,announced_dates,other_temple,minor,ANNUAL TEPPOTSAVAM OF TIRUCHANOOR TEMPLE FROM JUNE 17-21,https://news.tirumala.org/%e0%b0%9c%e0%b1%82%e0%b0%a8%e0%b1%8d-17-%e0%b0%a8%e0%b1%81%e0%b0%82%e0%b0%a1%e0%b0%bf-21%e0%b0%b5-%e0%b0%a4%e0%b1%87%e0%b0%a6%e0%b1%80-%e0%b0%b5%e0%b0%b0%e0%b0%95%e0%b1%81-%e0%b0%b6%e0%b1%8d%e0%b0%b0/
2024-06-19,Teppotsavam,announced_dates,other_temple,minor,ANNUAL TEPPOTSAVAM OF TIRUCHANOOR TEMPLE FROM JUNE 17-21,https://news.tirumala.org/%e0%b0%9c%e0%b1%82%e0%b0%a8%e0%b1%8d-17-%e0%b0%a8%e0%b1%81%e0%b0%82%e0%b0%a1%e0%b0%bf-21%e0%b0%b5-%e0%b0%a4%e0%b1%87%e0%b0%a6%e0%b1%80-%e0%b0%b5%e0%b0%b0%e0%b0%95%e0%b1%81-%e0%b0%b6%e0%b1%8d%e0%b0%b0/
2024-06-20,Teppotsavam,announced_dates,other_temple,minor,ANNUAL TEPPOTSAVAM OF TIRUCHANOOR TEMPLE FROM JUNE 17-21,https://news.tirumala.org/%e0%b0%9c%e0%b1%82%e0%b0%a8%e0%b1%8d-17-%e0%b0%a8%e0%b1%81%e0%b0%82%e0%b0%a1%e0%b0%bf-21%e0%b0%b5-%e0%b0%a4%e0%b1%87%e0%b0%a6%e0%b1%80-%e0%b0%b5%e0%b0%b0%e0%b0%95%e0%b1%81-%e0%b0%b6%e0%b1%8d%e0%b0%b0/
2024-06-21,Teppotsavam,same_day_report,unspecified,minor,TEPPOTSAVAMS CONCLUDES,https://news.tirumala.org/teppotsavams-concludes-_-%e0%b0%b5%e0%b1%88%e0%b0%ad%e0%b0%b5%e0%b0%82%e0%b0%97%e0%b0%be-%e0%b0%ae%e0%b1%81%e0%b0%97%e0%b0%bf%e0%b0%b8%e0%b0%bf%e0%b0%a8-%e0%b0%b6%e0%b1%8d%e0%b0%b0%e0%b1%80-%e0%b0%aa/
2024-06-22,Garuda Seva,same_day_report,unspecified,minor,GARUDA SEVA HELD,https://news.tirumala.org/garuda-seva-held-_-%e0%b0%b6%e0%b1%8d%e0%b0%b0%e0%b1%80%e0%b0%b5%e0%b0%be%e0%b0%b0%e0%b0%bf-%e0%b0%86%e0%b0%b2%e0%b0%af%e0%b0%82%e0%b0%b2%e0%b1%8b-%e0%b0%b5%e0%b1%88%e0%b0%ad%e0%b0%b5%e0%b0%82-2/
2024-07-16,Anivara Asthanam,same_day_report,unspecified,minor,ANIVARA ASTHANAM HELD IN LOCAL TEMPLES,https://news.tirumala.org/%e0%b0%9f%e0%b1%80%e0%b0%9f%e0%b1%80%e0%b0%a1%e0%b1%80-%e0%b0%b8%e0%b1%8d%e0%b0%a5%e0%b0%be%e0%b0%a8%e0%b0%bf%e0%b0%95%e0%b0%be%e0%b0%b2%e0%b0%af%e0%b0%be%e0%b0%b2%e0%b1%8d%e0%b0%b2%e0%b1%8b-3/
2024-07-18,Pavitrotsavam,same_day_report,unspecified,minor,‌PAVITROTSAVAMS COMMENCES,https://news.tirumala.org/pavitrotsavam-begins-in-sri-kt-_-%e0%b0%b6%e0%b1%8d%e0%b0%b0%e0%b1%80-%e0%b0%95%e0%b0%aa%e0%b0%bf%e0%b0%b2%e0%b1%87%e0%b0%b6%e0%b1%8d%e0%b0%b5%e0%b0%b0%e0%b0%be%e0%b0%b2%e0%b0%af%e0%b0%82/
2024-07-19,Pavitrotsavam,announced_dates,unspecified,minor,PAVITROTSAVAM IN KT FROM JULY 18 - 20,https://news.tirumala.org/%e0%b0%9c%e0%b1%82%e0%b0%b2%e0%b1%88-18-%e0%b0%a8%e0%b1%81%e0%b0%82%e0%b0%a1%e0%b0%bf-20%e0%b0%b5-%e0%b0%a4%e0%b1%87%e0%b0%a6%e0%b1%80-%e0%b0%b5%e0%b0%b0%e0%b0%95%e0%b1%81-%e0%b0%b6%e0%b1%8d%e0%b0%b0/
2024-07-20,Pavitrotsavam,same_day_report,unspecified,minor,PAVITROTSAVAMS CONCLUDES,https://news.tirumala.org/pavitrotsavams-concludes-_-%e0%b0%b6%e0%b1%8d%e0%b0%b0%e0%b1%80-%e0%b0%95%e0%b0%aa%e0%b0%bf%e0%b0%b2%e0%b1%87%e0%b0%b6%e0%b1%8d%e0%b0%b5%e0%b0%b0%e0%b0%b8%e0%b1%8d%e0%b0%b5%e0%b0%be%e0%b0%ae%e0%b0%bf/
2024-07-21,Garuda Seva,announced_dates,unspecified,minor,POURNAMI GARUDA SEVA ON JULY 21,https://news.tirumala.org/pournami-garuda-seva-on-july-21/
2024-07-31,Pavitrotsavam,same_day_report,unspecified,minor,PAVITROTSAVAMS COMMENCES,https://news.tirumala.org/%e0%b0%b5%e0%b1%88%e0%b0%ad%e0%b0%b5%e0%b0%82%e0%b0%97%e0%b0%be-%e0%b0%aa%e0%b1%8d%e0%b0%b0%e0%b0%be%e0%b0%b0%e0%b0%82%e0%b0%ad%e0%b0%ae%e0%b1%88%e0%b0%a8-%e0%b0%b6%e0%b1%8d%e0%b0%b0%e0%b1%80/
2024-08-02,Pavitrotsavam,same_day_report,unspecified,minor,PAVITROTSAVAMS CONCLUDES,https://news.tirumala.org/pavitrotsavams-concludes-_-%e0%b0%98%e0%b0%a8%e0%b0%82%e0%b0%97%e0%b0%be-%e0%b0%ae%e0%b1%81%e0%b0%97%e0%b0%bf%e0%b0%b8%e0%b0%bf%e0%b0%a8-%e0%b0%b6%e0%b1%8d%e0%b0%b0%e0%b1%80-%e0%b0%95%e0%b1%8b-2/
2024-08-09,Garuda Seva,same_day_report,unspecified,minor,GARUDA PANCHAMI GARUDA SEVA HELD,https://news.tirumala.org/262824-2/
2024-08-15,Independence Day,fixed_national_holiday,national,major,fixed calendar date,
2024-08-15,Pavitrotsavam,same_day_report,unspecified,minor,ANNUAL PAVITROTSAVAMS COMMENCES,https://news.tirumala.org/annual-pavitrotsavams-commences-_-%e0%b0%b6%e0%b1%8d%e0%b0%b0%e0%b1%80%e0%b0%b5%e0%b0%be%e0%b0%b0%e0%b0%bf-%e0%b0%86%e0%b0%b2%e0%b0%af%e0%b0%82%e0%b0%b2%e0%b1%8b-%e0%b0%b6%e0%b0%be%e0%b0%b8%e0%b1%8d/
2024-08-16,Varalakshmi Vratam,same_day_report,unspecified,major,GRAND VARALAKSHMI VRATAM HELD,https://news.tirumala.org/%e0%b0%a4%e0%b0%bf%e0%b0%b0%e0%b1%81%e0%b0%9a%e0%b0%be%e0%b0%a8%e0%b1%82%e0%b0%b0%e0%b1%81-%e0%b0%b6%e0%b1%8d%e0%b0%b0%e0%b1%80-%e0%b0%aa%e0%b0%a6%e0%b1%8d%e0%b0%ae%e0%b0%be%e0%b0%b5%e0%b0%a4-9/
2024-08-17,Pavitrotsavam,same_day_report,unspecified,minor,PURNAHUTI MARKS END OF PAVITROTSAVAMS,https://news.tirumala.org/purnahuti-marks-end-of-pavitrotsavams-_-%e0%b0%b6%e0%b1%8d%e0%b0%b0%e0%b1%80%e0%b0%b5%e0%b0%be%e0%b0%b0%e0%b0%bf-%e0%b0%86%e0%b0%b2%e0%b0%af%e0%b0%82%e0%b0%b2%e0%b1%8b-%e0%b0%aa/
2024-08-19,Garuda Seva,same_day_report,unspecified,minor,GARUDA SEVA HELD,https://news.tirumala.org/garuda-seva-held-2/
2024-09-14,Pavitrotsavam,same_day_report,unspecified,minor,PAVITROTSAVAMS COMMENCES,https://news.tirumala.org/%e0%b0%b6%e0%b0%be%e0%b0%b8%e0%b1%8d%e0%b0%a4%e0%b1%8d%e0%b0%b0%e0%b1%8b%e0%b0%95%e0%b1%8d%e0%b0%a4%e0%b0%82%e0%b0%97%e0%b0%be-%e0%b0%b6%e0%b1%8d%e0%b0%b0%e0%b1%80-%e0%b0%97%e0%b1%8b%e0%b0%b5-5/
2024-09-16,Pavitrotsavam,same_day_report,unspecified,minor,PAVITROTSAVAMS CONCLUDES,https://news.tirumala.org/pavitrotsavams-concludes-_-%e0%b0%aa%e0%b1%82%e0%b0%b0%e0%b1%8d%e0%b0%a3%e0%b0%be%e0%b0%b9%e0%b1%81%e0%b0%a4%e0%b0%bf%e0%b0%a4%e0%b1%8b-%e0%b0%98%e0%b0%a8%e0%b0%82%e0%b0%97%e0%b0%be-%e0%b0%ae%e0%b1%81/
2024-09-18,Garuda Seva,same_day_report,unspecified,minor,GARUDA SEVA TRIAL- RUN HELD,https://news.tirumala.org/garuda-seva-trial-run-held/
2024-09-18,Pavitrotsavam,same_day_report,unspecified,minor,PAVITROTSAVAMS CONCLUDES,https://news.tirumala.org/%e0%b0%aa%e0%b1%82%e0%b0%b0%e0%b1%8d%e0%b0%a3%e0%b0%be%e0%b0%b9%e0%b1%81%e0%b0%a4%e0%b0%bf%e0%b0%a4%e0%b1%8b-%e0%b0%ae%e0%b1%81%e0%b0%97%e0%b0%bf%e0%b0%b8%e0%b0%bf%e0%b0%a8-%e0%b0%b6%e0%b1%8d-3/
2024-09-28,Pavitrotsavam,same_day_report,unspecified,minor,PAVITROTSAVAMS COMMENCES,https://news.tirumala.org/%e0%b0%85%e0%b0%aa%e0%b1%8d%e0%b0%aa%e0%b0%b2%e0%b0%be%e0%b0%af%e0%b0%97%e0%b1%81%e0%b0%82%e0%b0%9f%e0%b0%b2%e0%b1%8b-%e0%b0%b6%e0%b0%be%e0%b0%b8%e0%b1%8d%e0%b0%a4%e0%b1%8d%e0%b0%b0-4/
2024-09-30,Pavitrotsavam,same_day_report,unspecified,minor,PAVITROTSAVAMS CONCLUDES,https://news.tirumala.org/%e0%b0%aa%e0%b1%82%e0%b0%b0%e0%b1%8d%e0%b0%a3%e0%b0%be%e0%b0%b9%e0%b1%81%e0%b0%a4%e0%b0%bf%e0%b0%a4%e0%b1%8b-%e0%b0%ae%e0%b1%81%e0%b0%97%e0%b0%bf%e0%b0%b8%e0%b0%bf%e0%b0%a8-%e0%b0%b6%e0%b1%8d-4/
2024-10-02,Gandhi Jayanti,fixed_national_holiday,national,major,fixed calendar date,
2024-10-08,Garuda Seva,announced_dates,unspecified,minor,BAN ON TWO-WHEELERS IN VIEW OF GARUDA SEVA ON OCTOBER 8,https://news.tirumala.org/ban-on-two-wheelers-in-view-of-garuda-seva-on-october-8/
2024-10-12,Brahmotsavams,same_day_report,unspecified,major,BRAHMOTSAVAM CONCLUDES WITH DHWAJAVAROHANAM,https://news.tirumala.org/brahmotsavam-concludes-with-dhwajavarohanam-_-%e0%b0%a7%e0%b1%8d%e0%b0%b5%e0%b0%9c%e0%b0%be%e0%b0%b5%e0%b0%b0%e0%b1%8b%e0%b0%b9%e0%b0%a3%e0%b0%82%e0%b0%a4%e0%b1%8b-%e0%b0%ae%e0%b1%81%e0%b0%97%e0%b0%bf/
2024-10-17,Garuda Seva,same_day_report,unspecified,minor,POURNAMI GARUDA SEVA HELD,https://news.tirumala.org/pournami-garuda-seva-held-_-%e0%b0%b5%e0%b1%88%e0%b0%ad%e0%b0%b5%e0%b0%82%e0%b0%97%e0%b0%be-%e0%b0%aa%e0%b1%8c%e0%b0%b0%e0%b1%8d%e0%b0%a3%e0%b0%ae%e0%b0%bf-%e0%b0%97%e0%b0%b0%e0%b1%81%e0%b0%a1-3/
2024-10-24,Pavitrotsavam,same_day_report,unspecified,minor,PAVITROTSAVAM CONCLUDES AT CHANDRAGIRI RAMALAYAM,https://news.tirumala.org/%e0%b0%9a%e0%b0%82%e0%b0%a6%e0%b1%8d%e0%b0%b0%e0%b0%97%e0%b0%bf%e0%b0%b0%e0%b0%bf-%e0%b0%b6%e0%b1%8d%e0%b0%b0%e0%b1%80-%e0%b0%95%e0%b1%8b%e0%b0%a6%e0%b0%82%e0%b0%a1%e0%b0%b0%e0%b0%be%e0%b0%ae-3/
2024-10-27,Pavitrotsavam,announced_dates,unspecified,minor,ANKURARPANAM FOR SKVST PAVITROTSAVAMS ON OCT 27,https://news.tirumala.org/269222-2/
2024-10-28,Pavitrotsavam,same_day_report,unspecified,minor,PAVITROTSAVAMS COMMENCES,https://news.tirumala.org/pavitrotsavams-commences-_-%e0%b0%b6%e0%b0%be%e0%b0%b8%e0%b1%8d%e0%b0%a4%e0%b1%8d%e0%b0%b0%e0%b1%8b%e0%b0%95%e0%b1%8d%e0%b0%a4%e0%b0%82%e0%b0%97%e0%b0%be-%e0%b0%b6%e0%b1%8d%e0%b0%b0%e0%b1%80-%e0%b0%95/
2024-10-31,Deepavali,announced_dates,tirumala,major,DIWALI ASTHANAM AT SRIVARI TEMPLE ON OCTOBER 31,https://news.tirumala.org/diwali-asthanam-at-srivari-temple-on-october-31/
2024-11-15,Garuda Seva,same_day_report,unspecified,minor,KARTHEEKA POURNAMI GARUDA SEVA HELD,https://news.tirumala.org/%e0%b0%a4%e0%b0%bf%e0%b0%b0%e0%b1%81%e0%b0%ae%e0%b0%b2%e0%b0%b2%e0%b1%8b-%e0%b0%b5%e0%b1%88%e0%b0%ad%e0%b0%b5%e0%b0%82%e0%b0%97%e0%b0%be-%e0%b0%95%e0%b0%be%e0%b0%b0%e0%b1%8d%e0%b0%a4%e0%b1%80%e0%b0%95/
2024-12-02,Vasanthotsavam,same_day_report,unspecified,minor,VASANTHOTSAVAM HELD,https://news.tirumala.org/%e0%b0%b6%e0%b1%8d%e0%b0%b0%e0%b1%80-%e0%b0%aa%e0%b0%a6%e0%b1%8d%e0%b0%ae%e0%b0%be%e0%b0%b5%e0%b0%a4%e0%b0%bf-%e0%b0%85%e0%b0%ae%e0%b1%8d%e0%b0%ae%e0%b0%b5%e0%b0%be%e0%b0%b0%e0%b0%bf-%e0%b0%86-12/
2024-12-25,Christmas,fixed_national_holiday,national,major,fixed calendar date,
2025-01-01,New Year's Day,fixed_national_holiday,national,major,fixed calendar date,
2025-01-12,Teppotsavam,same_day_report,unspecified,minor,TEPPOTSAVAMS CONCLUDES,https://news.tirumala.org/teppotsavams-concludes/
2025-01-26,Republic Day,fixed_national_holiday,national,major,fixed calendar date,
2025-02-06,Teppotsavam,same_day_report,unspecified,minor,TEPPOTSAVAM BEGINS AT SRI GT,https://news.tirumala.org/278888-2/
2025-02-12,Garuda Seva,same_day_report,unspecified,minor,POURNAMI GARUDA SEVA HELD,https://news.tirumala.org/pournami-garuda-seva-held-6/
2025-02-12,Teppotsavam,same_day_report,unspecified,minor,TEPPOTSAVAMS CONCLUDES,https://news.tirumala.org/%e0%b0%b5%e0%b1%88%e0%b0%ad%e0%b0%b5%e0%b0%82%e0%b0%97%e0%b0%be-%e0%b0%ae%e0%b1%81%e0%b0%97%e0%b0%bf%e0%b0%b8%e0%b0%bf%e0%b0%a8-%e0%b0%b6%e0%b1%8d%e0%b0%b0%e0%b1%80-%e0%b0%97%e0%b1%8b/
2025-02-17,Brahmotsavams,announced_dates,unspecified,major,ANKURARPANA FOR SKVST BRAHMOTSAVAMS ON FEBRUARY 17,https://news.tirumala.org/ankurarpana-for-skvst-brahmotsavams-on-february-17/
2025-02-18,Brahmotsavams,same_day_report,other_temple,major,ANKURARPANAM HELD FOR BRAHMOTSAVAM OF SRI KAPILESWARA SWAMY,https://news.tirumala.org/%e0%b0%b6%e0%b1%8d%e0%b0%b0%e0%b1%80-%e0%b0%95%e0%b0%aa%e0%b0%bf%e0%b0%b2%e0%b1%87%e0%b0%b6%e0%b1%8d%e0%b0%b5%e0%b0%b0%e0%b0%b8%e0%b1%8d%e0%b0%b5%e0%b0%be%e0%b0%ae%e0%b0%bf%e0%b0%b5%e0%b0%be-11/
2025-02-18,Srivari Annual Brahmotsavams,announced_dates,other_temple,major,ANNUAL BRAHMOTSAVAMS OF SRI KALYANA VENKATESWARA SWAMY FROM FEB 18 TO 26,https://news.tirumala.org/%e0%b0%ab%e0%b0%bf%e0%b0%ac%e0%b1%8d%e0%b0%b0%e0%b0%b5%e0%b0%b0%e0%b0%bf-18-%e0%b0%a8%e0%b1%81%e0%b0%82%e0%b0%a1%e0%b0%bf-26%e0%b0%b5-%e0%b0%a4%e0%b1%87%e0%b0%a6%e0%b1%80-%e0%b0%b5%e0%b0%b0%e0%b0%95/
2025-02-19,Srivari Annual Brahmotsavams,announced_dates,other_temple,major,ANNUAL BRAHMOTSAVAMS OF SRI KALYANA VENKATESWARA SWAMY FROM FEB 18 TO 26,https://news.tirumala.org/%e0%b0%ab%e0%b0%bf%e0%b0%ac%e0%b1%8d%e0%b0%b0%e0%b0%b5%e0%b0%b0%e0%b0%bf-18-%e0%b0%a8%e0%b1%81%e0%b0%82%e0%b0%a1%e0%b0%bf-26%e0%b0%b5-%e0%b0%a4%e0%b1%87%e0%b0%a6%e0%b1%80-%e0%b0%b5%e0%b0%b0%e0%b0%95/
2025-02-20,Srivari Annual Brahmotsavams,announced_dates,other_temple,major,ANNUAL BRAHMOTSAVAMS OF SRI KALYANA VENKATESWARA SWAMY FROM FEB 18 TO 26,https://news.tirumala.org/%e0%b0%ab%e0%b0%bf%e0%b0%ac%e0%b1%8d%e0%b0%b0%e0%b0%b5%e0%b0%b0%e0%b0%bf-18-%e0%b0%a8%e0%b1%81%e0%b0%82%e0%b0%a1%e0%b0%bf-26%e0%b0%b5-%e0%b0%a4%e0%b1%87%e0%b0%a6%e0%b1%80-%e0%b0%b5%e0%b0%b0%e0%b0%95/
2025-02-21,Srivari Annual Brahmotsavams,announced_dates,other_temple,major,ANNUAL BRAHMOTSAVAMS OF SRI KALYANA VENKATESWARA SWAMY FROM FEB 18 TO 26,https://news.tirumala.org/%e0%b0%ab%e0%b0%bf%e0%b0%ac%e0%b1%8d%e0%b0%b0%e0%b0%b5%e0%b0%b0%e0%b0%bf-18-%e0%b0%a8%e0%b1%81%e0%b0%82%e0%b0%a1%e0%b0%bf-26%e0%b0%b5-%e0%b0%a4%e0%b1%87%e0%b0%a6%e0%b1%80-%e0%b0%b5%e0%b0%b0%e0%b0%95/
2025-02-22,Garuda Seva,announced_dates,other_temple,minor,SRI KALYANA VENKATESWARA SWAMY GARUDA SEVA ON FEB 22,https://news.tirumala.org/%e0%b0%ab%e0%b0%bf%e0%b0%ac%e0%b1%8d%e0%b0%b0%e0%b0%b5%e0%b0%b0%e0%b0%bf-22%e0%b0%a8-%e0%b0%b6%e0%b1%8d%e0%b0%b0%e0%b1%80-%e0%b0%95%e0%b0%b2%e0%b1%8d%e0%b0%af%e0%b0%be%e0%b0%a3/
2025-02-22,Srivari Annual Brahmotsavams,announced_dates,other_temple,major,ANNUAL BRAHMOTSAVAMS OF SRI KALYANA VENKATESWARA SWAMY FROM FEB 18 TO 26,https://news.tirumala.org/%e0%b0%ab%e0%b0%bf%e0%b0%ac%e0%b1%8d%e0%b0%b0%e0%b0%b5%e0%b0%b0%e0%b0%bf-18-%e0%b0%a8%e0%b1%81%e0%b0%82%e0%b0%a1%e0%b0%bf-26%e0%b0%b5-%e0%b0%a4%e0%b1%87%e0%b0%a6%e0%b1%80-%e0%b0%b5%e0%b0%b0%e0%b0%95/
2025-02-23,Srivari Annual Brahmotsavams,announced_dates,other_temple,major,ANNUAL BRAHMOTSAVAMS OF SRI KALYANA VENKATESWARA SWAMY FROM FEB 18 TO 26,https://news.tirumala.org/%e0%b0%ab%e0%b0%bf%e0%b0%ac%e0%b1%8d%e0%b0%b0%e0%b0%b5%e0%b0%b0%e0%b0%bf-18-%e0%b0%a8%e0%b1%81%e0%b0%82%e0%b0%a1%e0%b0%bf-26%e0%b0%b5-%e0%b0%a4%e0%b1%87%e0%b0%a6%e0%b1%80-%e0%b0%b5%e0%b0%b0%e0%b0%95/
2025-02-24,Srivari Annual Brahmotsavams,announced_dates,other_temple,major,ANNUAL BRAHMOTSAVAMS OF SRI KALYANA VENKATESWARA SWAMY FROM FEB 18 TO 26,https://news.tirumala.org/%e0%b0%ab%e0%b0%bf%e0%b0%ac%e0%b1%8d%e0%b0%b0%e0%b0%b5%e0%b0%b0%e0%b0%bf-18-%e0%b0%a8%e0%b1%81%e0%b0%82%e0%b0%a1%e0%b0%bf-26%e0%b0%b5-%e0%b0%a4%e0%b1%87%e0%b0%a6%e0%b1%80-%e0%b0%b5%e0%b0%b0%e0%b0%95/
2025-02-25,Srivari Annual Brahmotsavams,announced_dates,other_temple,major,ANNUAL BRAHMOTSAVAMS OF SRI KALYANA VENKATESWARA SWAMY FROM FEB 18 TO 26,https://news.tirumala.org/%e0%b0%ab%e0%b0%bf%e0%b0%ac%e0%b1%8d%e0%b0%b0%e0%b0%b5%e0%b0%b0%e0%b0%bf-18-%e0%b0%a8%e0%b1%81%e0%b0%82%e0%b0%a1%e0%b0%bf-26%e0%b0%b5-%e0%b0%a4%e0%b1%87%e0%b0%a6%e0%b1%80-%e0%b0%b5%e0%b0%b0%e0%b0%95/
2025-02-26,Brahmotsavams,same_day_report,other_temple,major,SRI KALYANA VENKATESWARA SWAMY BRAHMOTSAVAM CONCLUDES,https://news.tirumala.org/%e0%b0%a7%e0%b1%8d%e0%b0%b5%e0%b0%9c%e0%b0%be%e0%b0%b5%e0%b0%b0%e0%b1%8b%e0%b0%b9%e0%b0%a3%e0%b0%82%e0%b0%a4%e0%b1%8b-%e0%b0%ae%e0%b1%81%e0%b0%97%e0%b0%bf%e0%b0%b8%e0%b0%bf%e0%b0%a8-%e0%b0%b6-3/
2025-02-26,Maha Shivaratri,same_day_report,other_temple,major,GRAND MAHA SHIVARATRI CELEBRATIONS AT SRI KAPILESWARA SWAMY TEMPLE,https://news.tirumala.org/%e0%b0%b6%e0%b1%8d%e0%b0%b0%e0%b1%80-%e0%b0%95%e0%b0%aa%e0%b0%bf%e0%b0%b2%e0%b1%87%e0%b0%b6%e0%b1%8d%e0%b0%b5%e0%b0%b0%e0%b0%be%e0%b0%b2%e0%b0%af%e0%b0%82%e0%b0%b2%e0%b1%8b-%e0%b0%b5%e0%b1%88-8/
2025-02-26,Srivari Annual Brahmotsavams,announced_dates,other_temple,major,ANNUAL BRAHMOTSAVAMS OF SRI KALYANA VENKATESWARA SWAMY FROM FEB 18 TO 26,https://news.tirumala.org/%e0%b0%ab%e0%b0%bf%e0%b0%ac%e0%b1%8d%e0%b0%b0%e0%b0%b5%e0%b0%b0%e0%b0%bf-18-%e0%b0%a8%e0%b1%81%e0%b0%82%e0%b0%a1%e0%b0%bf-26%e0%b0%b5-%e0%b0%a4%e0%b1%87%e0%b0%a6%e0%b1%80-%e0%b0%b5%e0%b0%b0%e0%b0%95/
2025-03-09,Teppotsavam,same_day_report,tirumala,minor,SRIVARI SALAKATLA TEPPOTSAVAM BEGINS,https://news.tirumala.org/srivari-salakatla-teppotsavam-begins-_-%e0%b0%b6%e0%b1%8d%e0%b0%b0%e0%b1%80%e0%b0%b5%e0%b0%be%e0%b0%b0%e0%b0%bf-%e0%b0%b8%e0%b0%be%e0%b0%b2%e0%b0%95%e0%b0%9f%e0%b1%8d%e0%b0%b2-%e0%b0%a4/
2025-03-10,Brahmotsavams,same_day_report,unspecified,major,PEETHAPURAM BRAHMOTSAVAM BEGINS,https://news.tirumala.org/%e0%b0%a7%e0%b1%8d%e0%b0%b5%e0%b0%9c%e0%b0%be%e0%b0%b0%e0%b1%8b%e0%b0%b9%e0%b0%a3%e0%b0%82%e0%b0%a4%e0%b1%8b-%e0%b0%aa%e0%b0%bf%e0%b0%a0%e0%b0%be%e0%b0%aa%e0%b1%81%e0%b0%b0%e0%b0%82-%e0%b0%b6/
2025-03-13,Teppotsavam,same_day_report,unspecified,minor,TEPPOTSAVAMS CONCLUDES,https://news.tirumala.org/teppotsavams-concludes-2/
2025-03-14,Garuda Seva,same_day_report,unspecified,minor,POURNAMI GARUDA SEVA HELD,https://news.tirumala.org/pournami-garuda-seva-held-7/
2025-03-25,Ugadi,same_day_report,unspecified,major,KOIL ALWAR FOR UGADI HELD,https://news.tirumala.org/koil-alwar-for-ugadi-held-_-%e0%b0%b6%e0%b1%8d%e0%b0%b0%e0%b1%80%e0%b0%b5%e0%b0%be%e0%b0%b0%e0%b0%bf-%e0%b0%86%e0%b0%b2%e0%b0%af%e0%b0%82%e0%b0%b2%e0%b1%8b-%e0%b0%86%e0%b0%97%e0%b0%ae%e0%b1%8b/
2025-03-30,Ugadi,same_day_report,unspecified,major,VISWAVASU UGADI ASTHANAM HELD,https://news.tirumala.org/viswavasu-ugadi-asthanam-held-_-%e0%b0%b6%e0%b1%8d%e0%b0%b0%e0%b1%80%e0%b0%b5%e0%b0%be%e0%b0%b0%e0%b0%bf-%e0%b0%86%e0%b0%b2%e0%b0%af%e0%b0%82%e0%b0%b2%e0%b1%8b-%e0%b0%b5%e0%b1%88/
2025-03-31,Garuda Seva,same_day_report,unspecified,minor,GARUDA SEVA HELD,https://news.tirumala.org/%e0%b0%97%e0%b0%b0%e0%b1%81%e0%b0%a1-%e0%b0%b5%e0%b0%be%e0%b0%b9%e0%b0%a8%e0%b0%82%e0%b0%aa%e0%b1%88-%e0%b0%b2%e0%b1%8b%e0%b0%95%e0%b0%be%e0%b0%ad%e0%b0%bf-%e0%b0%b0%e0%b0%be%e0%b0%ae%e0%b1%81/
2025-04-05,Brahmotsavams,same_day_report,other_temple,major,ANKURARPANAM HELD FOR VONTIMITTA BRAHMOTSAVAMS,https://news.tirumala.org/ankurarpanam-held-for-vontimitta-brahmotsavams-_-%e0%b0%b6%e0%b0%be%e0%b0%b8%e0%b1%8d%e0%b0%a4%e0%b1%8d%e0%b0%b0%e0%b0%95%e0%b1%8d%e0%b0%a4%e0%b0%82%e0%b0%97%e0%b0%be-%e0%b0%9a%e0%b0%82%e0%b0%a6/
2025-04-06,Brahmotsavams,same_day_report,other_temple,major,SRI RAMANAVAMI BRAHMOTSAVAM BEGINS IN EKASHILANAGARAM WITH DHWAJAROHANAM,https://news.tirumala.org/sri-ramanavami-brahmotsavam-begins-in-ekashilanagaram-with-dhwajarohanam-_-%e0%b0%a7%e0%b1%8d%e0%b0%b5%e0%b0%9c%e0%b0%be%e0%b0%b0%e0%b1%8b%e0%b0%b9%e0%b0%a3%e0%b0%82%e0%b0%a4%e0%b1%8b-%e0%b0%b5/
2025-04-06,Sri Rama Navami,same_day_report,tirumala,major,SRI RAMA NAVAMI SNAPANA TIRUMANJANAM HELD IN TIRUMALA,https://news.tirumala.org/%e0%b0%b5%e0%b1%88%e0%b0%ad%e0%b0%b5%e0%b0%82%e0%b0%97%e0%b0%be-%e0%b0%b6%e0%b1%8d%e0%b0%b0%e0%b1%80-%e0%b0%b8%e0%b1%80%e0%b0%a4%e0%b0%be%e0%b0%b0%e0%b0%be%e0%b0%ae-%e0%b0%b2%e0%b0%95/
2025-04-07,Brahmotsavams,announced_dates,other_temple,major,VONTIMITTA SRI KODANDARAMA SWAMY BRAHMOTSAVAM FROM APRIL 06-14,https://news.tirumala.org/%e0%b0%8f%e0%b0%aa%e0%b1%8d%e0%b0%b0%e0%b0%bf%e0%b0%b2%e0%b1%8d-6-%e0%b0%a8%e0%b1%81%e0%b0%82%e0%b0%a1%e0%b0%bf-14%e0%b0%b5-%e0%b0%a4%e0%b1%87%e0%b0%a6%e0%b1%80-%e0%b0%b5%e0%b0%b0-2/
2025-04-08,Brahmotsavams,announced_dates,other_temple,major,VONTIMITTA SRI KODANDARAMA SWAMY BRAHMOTSAVAM FROM APRIL 06-14,https://news.tirumala.org/%e0%b0%8f%e0%b0%aa%e0%b1%8d%e0%b0%b0%e0%b0%bf%e0%b0%b2%e0%b1%8d-6-%e0%b0%a8%e0%b1%81%e0%b0%82%e0%b0%a1%e0%b0%bf-14%e0%b0%b5-%e0%b0%a4%e0%b1%87%e0%b0%a6%e0%b1%80-%e0%b0%b5%e0%b0%b0-2/
2025-04-09,Brahmotsavams,announced_dates,other_temple,major,VONTIMITTA SRI KODANDARAMA SWAMY BRAHMOTSAVAM FROM APRIL 06-14,https://news.tirumala.org/%e0%b0%8f%e0%b0%aa%e0%b1%8d%e0%b0%b0%e0%b0%bf%e0%b0%b2%e0%b1%8d-6-%e0%b0%a8%e0%b1%81%e0%b0%82%e0%b0%a1%e0%b0%bf-14%e0%b0%b5-%e0%b0%a4%e0%b1%87%e0%b0%a6%e0%b1%80-%e0%b0%b5%e0%b0%b0-2/
2025-04-10,Brahmotsavams,announced_dates,other_temple,major,VONTIMITTA SRI KODANDARAMA SWAMY BRAHMOTSAVAM FROM APRIL 06-14,https://news.tirumala.org/%e0%b0%8f%e0%b0%aa%e0%b1%8d%e0%b0%b0%e0%b0%bf%e0%b0%b2%e0%b1%8d-6-%e0%b0%a8%e0%b1%81%e0%b0%82%e0%b0%a1%e0%b0%bf-14%e0%b0%b5-%e0%b0%a4%e0%b1%87%e0%b0%a6%e0%b1%80-%e0%b0%b5%e0%b0%b0-2/
2025-04-10,Teppotsavam,same_day_report,unspecified,minor,ANNUAL TEPPOTSAVAMS COMMENCES,https://news.tirumala.org/annual-teppotsavams-commences-_-%e0%b0%b5%e0%b1%88%e0%b0%ad%e0%b0%b5%e0%b0%82%e0%b0%97%e0%b0%be-%e0%b0%b6%e0%b1%8d%e0%b0%b0%e0%b1%80-%e0%b0%95%e0%b1%8b%e0%b0%a6%e0%b0%82%e0%b0%a1%e0%b0%b0%e0%b0%be/
2025-04-10,Vasanthotsavam,same_day_report,tirumala,minor,SRIVARI VASANTHOTSAVAM BEGINS IN A GRAND STYLE,https://news.tirumala.org/srivari-vasanthotsavam-begins-in-a-grand-style-_-%e0%b0%b5%e0%b1%88%e0%b0%ad%e0%b0%b5%e0%b0%82%e0%b0%97%e0%b0%be-%e0%b0%b6%e0%b1%8d%e0%b0%b0%e0%b1%80%e0%b0%b5%e0%b0%be%e0%b0%b0%e0%b0%bf-%e0%b0%b5/
2025-04-11,Brahmotsavams,announced_dates,other_temple,major,VONTIMITTA SRI KODANDARAMA SWAMY BRAHMOTSAVAM FROM APRIL 06-14,https://news.tirumala.org/%e0%b0%8f%e0%b0%aa%e0%b1%8d%e0%b0%b0%e0%b0%bf%e0%b0%b2%e0%b1%8d-6-%e0%b0%a8%e0%b1%81%e0%b0%82%e0%b0%a1%e0%b0%bf-14%e0%b0%b5-%e0%b0%a4%e0%b1%87%e0%b0%a6%e0%b1%80-%e0%b0%b5%e0%b0%b0-2/
2025-04-11,Teppotsavam,same_day_report,unspecified,minor,TEPPOTSAVAMS HELD,https://news.tirumala.org/teppotsavams-held-_-%e0%b0%a4%e0%b1%86%e0%b0%aa%e0%b1%8d%e0%b0%aa%e0%b0%aa%e0%b1%88-%e0%b0%b6%e0%b1%8d%e0%b0%b0%e0%b1%80%e0%b0%b0%e0%b0%be%e0%b0%ae%e0%b0%9a%e0%b0%82%e0%b0%a6%e0%b1%8d%e0%b0%b0/
2025-04-11,Vasanthotsavam,announced_dates,unspecified,minor,VASANTHOTSAVAMS FROM APRIL 10-12,https://news.tirumala.org/vasanthotsavams-from-april-10-12-_-%e0%b0%8f%e0%b0%aa%e0%b1%8d%e0%b0%b0%e0%b0%bf%e0%b0%b2%e0%b1%8d-10-%e0%b0%a8%e0%b1%81%e0%b0%82%e0%b0%a1%e0%b0%bf-12%e0%b0%b5-%e0%b0%a4%e0%b1%87%e0%b0%a6%e0%b1%80/
2025-04-12,Brahmotsavams,announced_dates,other_temple,major,VONTIMITTA SRI KODANDARAMA SWAMY BRAHMOTSAVAM FROM APRIL 06-14,https://news.tirumala.org/%e0%b0%8f%e0%b0%aa%e0%b1%8d%e0%b0%b0%e0%b0%bf%e0%b0%b2%e0%b1%8d-6-%e0%b0%a8%e0%b1%81%e0%b0%82%e0%b0%a1%e0%b0%bf-14%e0%b0%b5-%e0%b0%a4%e0%b1%87%e0%b0%a6%e0%b1%80-%e0%b0%b5%e0%b0%b0-2/
2025-04-12,Teppotsavam,same_day_report,unspecified,minor,FLOAT FESTIVAL CONCLUDES,https://news.tirumala.org/float-festival-concludes-_-%e0%b0%b5%e0%b1%88%e0%b0%ad%e0%b0%b5%e0%b0%82%e0%b0%97%e0%b0%be-%e0%b0%ae%e0%b1%81%e0%b0%97%e0%b0%bf%e0%b0%b8%e0%b0%bf%e0%b0%a8-%e0%b0%b6%e0%b1%8d%e0%b0%b0%e0%b1%80/
2025-04-12,Vasanthotsavam,same_day_report,unspecified,minor,VASANTHOTSAVAM CONCLUDES,https://news.tirumala.org/vasanthotsavam-concludes-_-%e0%b0%b5%e0%b1%88%e0%b0%ad%e0%b0%b5%e0%b0%82%e0%b0%97%e0%b0%be-%e0%b0%ae%e0%b1%81%e0%b0%97%e0%b0%bf%e0%b0%b8%e0%b0%bf%e0%b0%a8-%e0%b0%b6%e0%b1%8d%e0%b0%b0%e0%b1%80%e0%b0%b5/
2025-04-13,Brahmotsavams,announced_dates,other_temple,major,VONTIMITTA SRI KODANDARAMA SWAMY BRAHMOTSAVAM FROM APRIL 06-14,https://news.tirumala.org/%e0%b0%8f%e0%b0%aa%e0%b1%8d%e0%b0%b0%e0%b0%bf%e0%b0%b2%e0%b1%8d-6-%e0%b0%a8%e0%b1%81%e0%b0%82%e0%b0%a1%e0%b0%bf-14%e0%b0%b5-%e0%b0%a4%e0%b1%87%e0%b0%a6%e0%b1%80-%e0%b0%b5%e0%b0%b0-2/
2025-04-14,Brahmotsavams,same_day_report,other_temple,major,VONTIMITTA BRAHMOTSAVAMS CONCLUDES WITH DHWAJAVAROHANAM,https://news.tirumala.org/vontimitta-brahmotsavams-concludes-with-dhwajavarohanam-_-%e0%b0%a7%e0%b1%8d%e0%b0%b5%e0%b0%9c%e0%b0%be%e0%b0%b5%e0%b0%b0%e0%b1%8b%e0%b0%b9%e0%b0%a3%e0%b0%82%e0%b0%a4%e0%b1%8b-%e0%b0%ae%e0%b1%81/
2025-04-19,Vasanthotsavam,announced_dates,unspecified,minor,ANNUAL VASANTHOTSAVAM OF SRI VENUGOPALASWAMY FROM APRIL 19 TO 21,https://news.tirumala.org/annual-vasanthotsavam-of-sri-venugopalaswamy-from-april-19-to-21-_-%e0%b0%8f%e0%b0%aa%e0%b1%8d%e0%b0%b0%e0%b0%bf%e0%b0%b2%e0%b1%8d-19-%e0%b0%a8%e0%b1%81%e0%b0%82%e0%b0%a1%e0%b0%bf-21%e0%b0%b5/
2025-04-20,Vasanthotsavam,announced_dates,unspecified,minor,ANNUAL VASANTHOTSAVAM OF SRI VENUGOPALASWAMY FROM APRIL 19 TO 21,https://news.tirumala.org/annual-vasanthotsavam-of-sri-venugopalaswamy-from-april-19-to-21-_-%e0%b0%8f%e0%b0%aa%e0%b1%8d%e0%b0%b0%e0%b0%bf%e0%b0%b2%e0%b1%8d-19-%e0%b0%a8%e0%b1%81%e0%b0%82%e0%b0%a1%e0%b0%bf-21%e0%b0%b5/
2025-04-21,Vasanthotsavam,announced_dates,unspecified,minor,ANNUAL VASANTHOTSAVAM OF SRI VENUGOPALASWAMY FROM APRIL 19 TO 21,https://news.tirumala.org/annual-vasanthotsavam-of-sri-venugopalaswamy-from-april-19-to-21-_-%e0%b0%8f%e0%b0%aa%e0%b1%8d%e0%b0%b0%e0%b0%bf%e0%b0%b2%e0%b1%8d-19-%e0%b0%a8%e0%b1%81%e0%b0%82%e0%b0%a1%e0%b0%bf-21%e0%b0%b5/
2025-05-01,Brahmotsavams,same_day_report,unspecified,major,SRI AGASTHEESWARA SWAMY BRAHMOTSAVAM BEGIN GRANDLY,https://news.tirumala.org/%e0%b0%b5%e0%b1%88%e0%b0%ad%e0%b0%b5%e0%b0%82%e0%b0%97%e0%b0%be-%e0%b0%a7%e0%b1%8d%e0%b0%b5%e0%b0%9c%e0%b0%be%e0%b0%b0%e0%b1%8b%e0%b0%b9%e0%b0%a3%e0%b0%82%e0%b0%a4%e0%b1%8b-%e0%b0%aa%e0%b1%8d%e0%b0%b0/
2025-05-05,Srivari Annual Brahmotsavams,same_day_report,unspecified,major,ANNUAL BRAHMOTSAVAMS IN KEELAPATLA COMMENCES,https://news.tirumala.org/%e0%b0%a7%e0%b1%8d%e0%b0%b5%e0%b0%9c%e0%b0%be%e0%b0%b0%e0%b1%8b%e0%b0%b9%e0%b0%a3%e0%b0%82%e0%b0%a4%e0%b1%8b-%e0%b0%b5%e0%b1%88%e0%b0%ad%e0%b0%b5%e0%b0%82%e0%b0%97%e0%b0%be-2/
2025-05-10,Brahmotsavams,announced_dates,other_temple,major,ANKURARPANA ON MAY 10 FOR BRAHMOTSAVAMS AT NARAYANAVANAM,https://news.tirumala.org/ankurarpana-on-may-10-for-brahmotsavams-at-narayanavanam-_-%e0%b0%ae%e0%b1%87-10%e0%b0%a8-%e0%b0%a8%e0%b0%be%e0%b0%b0%e0%b0%be%e0%b0%af%e0%b0%a3%e0%b0%b5%e0%b0%a8%e0%b0%82/
2025-05-10,Teppotsavam,same_day_report,unspecified,minor,TEPPOTSAVAM COMMENCES AT DEVUNI KADAPA,https://news.tirumala.org/teppotsavam-commences-at-devuni-kadapa/
2025-05-10,Vasanthotsavam,same_day_report,unspecified,minor,ANKURARPANAM HELD FOR ANNUAL VASANTOTSAVAMS,https://news.tirumala.org/ankurarpanam-held-for-annual-vasantotsavams-_-%e0%b0%b6%e0%b1%8d%e0%b0%b0%e0%b1%80-%e0%b0%aa%e0%b0%a6%e0%b1%8d%e0%b0%ae%e0%b0%be%e0%b0%b5%e0%b0%a4%e0%b0%bf-%e0%b0%85%e0%b0%ae%e0%b1%8d%e0%b0%ae/
2025-05-11,Srivari Annual Brahmotsavams,announced_dates,tirumala,major,ANNUAL BRAHMOTSAVAMS OF SRI VENKATESWARA SWAMY TEMPLE IN RISHIKESH FROM MAY 11 TO 19,https://news.tirumala.org/%e0%b0%ae%e0%b1%87-11-%e0%b0%a8%e0%b1%81%e0%b0%82%e0%b0%a1%e0%b0%bf-19%e0%b0%b5-%e0%b0%a4%e0%b1%87%e0%b0%a6%e0%b1%80-%e0%b0%b5%e0%b0%b0%e0%b0%95%e0%b1%81-%e0%b0%b0%e0%b0%bf%e0%b0%b7%e0%b0%bf%e0%b0%95/
2025-05-11,Teppotsavam,announced_dates,unspecified,minor,TEPPOTSAVAMS AT DEVUNI KADAPA FROM MAY 10-12,https://news.tirumala.org/%e0%b0%ae%e0%b1%87-10-%e0%b0%a8%e0%b1%81%e0%b0%82%e0%b0%a1%e0%b0%bf-12%e0%b0%b5-%e0%b0%a4%e0%b1%87%e0%b0%a6%e0%b1%80-%e0%b0%b5%e0%b0%b0%e0%b0%95%e0%b1%81-%e0%b0%a6%e0%b1%87%e0%b0%b5%e0%b1%81%e0%b0%a8/
2025-05-11,Vasanthotsavam,same_day_report,unspecified,minor,VASANTHOTSAVAM COMMENCES,https://news.tirumala.org/vasanthotsavam-commences-_-%e0%b0%b5%e0%b1%88%e0%b0%ad%e0%b0%b5%e0%b0%82%e0%b0%97%e0%b0%be-%e0%b0%b6%e0%b1%8d%e0%b0%b0%e0%b1%80-%e0%b0%aa%e0%b0%a6%e0%b1%8d%e0%b0%ae%e0%b0%be%e0%b0%b5%e0%b0%a4/
2025-05-12,Garuda Seva,same_day_report,unspecified,minor,GARUDA SEVA HELD,https://news.tirumala.org/garuda-seva-held-_-%e0%b0%b5%e0%b1%88%e0%b0%ad%e0%b0%b5%e0%b0%82%e0%b0%97%e0%b0%be-%e0%b0%b5%e0%b1%88%e0%b0%b6%e0%b0%be%e0%b0%96-%e0%b0%aa%e0%b1%8c%e0%b0%b0%e0%b1%8d%e0%b0%a3%e0%b0%ae%e0%b0%bf/
2025-05-12,Srivari Annual Brahmotsavams,announced_dates,tirumala,major,ANNUAL BRAHMOTSAVAMS OF SRI VENKATESWARA SWAMY TEMPLE IN RISHIKESH FROM MAY 11 TO 19,https://news.tirumala.org/%e0%b0%ae%e0%b1%87-11-%e0%b0%a8%e0%b1%81%e0%b0%82%e0%b0%a1%e0%b0%bf-19%e0%b0%b5-%e0%b0%a4%e0%b1%87%e0%b0%a6%e0%b1%80-%e0%b0%b5%e0%b0%b0%e0%b0%95%e0%b1%81-%e0%b0%b0%e0%b0%bf%e0%b0%b7%e0%b0%bf%e0%b0%95/
2025-05-12,Teppotsavam,announced_dates,unspecified,minor,TEPPOTSAVAMS AT DEVUNI KADAPA FROM MAY 10-12,https://news.tirumala.org/%e0%b0%ae%e0%b1%87-10-%e0%b0%a8%e0%b1%81%e0%b0%82%e0%b0%a1%e0%b0%bf-12%e0%b0%b5-%e0%b0%a4%e0%b1%87%e0%b0%a6%e0%b1%80-%e0%b0%b5%e0%b0%b0%e0%b0%95%e0%b1%81-%e0%b0%a6%e0%b1%87%e0%b0%b5%e0%b1%81%e0%b0%a8/
2025-05-13,Srivari Annual Brahmotsavams,announced_dates,tirumala,major,ANNUAL BRAHMOTSAVAMS OF SRI VENKATESWARA SWAMY TEMPLE IN RISHIKESH FROM MAY 11 TO 19,https://news.tirumala.org/%e0%b0%ae%e0%b1%87-11-%e0%b0%a8%e0%b1%81%e0%b0%82%e0%b0%a1%e0%b0%bf-19%e0%b0%b5-%e0%b0%a4%e0%b1%87%e0%b0%a6%e0%b1%80-%e0%b0%b5%e0%b0%b0%e0%b0%95%e0%b1%81-%e0%b0%b0%e0%b0%bf%e0%b0%b7%e0%b0%bf%e0%b0%95/
2025-05-13,Vasanthotsavam,same_day_report,unspecified,minor,VASANTHOTSAVAM CONCLUDES,https://news.tirumala.org/vasanthotsavam-concludes-_-%e0%b0%b5%e0%b1%88%e0%b0%ad%e0%b0%b5%e0%b0%82%e0%b0%97%e0%b0%be-%e0%b0%ae%e0%b1%81%e0%b0%97%e0%b0%bf%e0%b0%b8%e0%b0%bf%e0%b0%a8-%e0%b0%b6%e0%b1%8d%e0%b0%b0%e0%b1%80-2/
2025-05-14,Srivari Annual Brahmotsavams,announced_dates,tirumala,major,ANNUAL BRAHMOTSAVAMS OF SRI VENKATESWARA SWAMY TEMPLE IN RISHIKESH FROM MAY 11 TO 19,https://news.tirumala.org/%e0%b0%ae%e0%b1%87-11-%e0%b0%a8%e0%b1%81%e0%b0%82%e0%b0%a1%e0%b0%bf-19%e0%b0%b5-%e0%b0%a4%e0%b1%87%e0%b0%a6%e0%b1%80-%e0%b0%b5%e0%b0%b0%e0%b0%95%e0%b1%81-%e0%b0%b0%e0%b0%bf%e0%b0%b7%e0%b0%bf%e0%b0%95/
2025-05-15,Srivari Annual Brahmotsavams,announced_dates,tirumala,major,ANNUAL BRAHMOTSAVAMS OF SRI VENKATESWARA SWAMY TEMPLE IN RISHIKESH FROM MAY 11 TO 19,https://news.tirumala.org/%e0%b0%ae%e0%b1%87-11-%e0%b0%a8%e0%b1%81%e0%b0%82%e0%b0%a1%e0%b0%bf-19%e0%b0%b5-%e0%b0%a4%e0%b1%87%e0%b0%a6%e0%b1%80-%e0%b0%b5%e0%b0%b0%e0%b0%95%e0%b1%81-%e0%b0%b0%e0%b0%bf%e0%b0%b7%e0%b0%bf%e0%b0%95/
2025-05-16,Srivari Annual Brahmotsavams,announced_dates,tirumala,major,ANNUAL BRAHMOTSAVAMS OF SRI VENKATESWARA SWAMY TEMPLE IN RISHIKESH FROM MAY 11 TO 19,https://news.tirumala.org/%e0%b0%ae%e0%b1%87-11-%e0%b0%a8%e0%b1%81%e0%b0%82%e0%b0%a1%e0%b0%bf-19%e0%b0%b5-%e0%b0%a4%e0%b1%87%e0%b0%a6%e0%b1%80-%e0%b0%b5%e0%b0%b0%e0%b0%95%e0%b1%81-%e0%b0%b0%e0%b0%bf%e0%b0%b7%e0%b0%bf%e0%b0%95/
2025-05-17,Srivari Annual Brahmotsavams,announced_dates,tirumala,major,ANNUAL BRAHMOTSAVAMS OF SRI VENKATESWARA SWAMY TEMPLE IN RISHIKESH FROM MAY 11 TO 19,https://news.tirumala.org/%e0%b0%ae%e0%b1%87-11-%e0%b0%a8%e0%b1%81%e0%b0%82%e0%b0%a1%e0%b0%bf-19%e0%b0%b5-%e0%b0%a4%e0%b1%87%e0%b0%a6%e0%b1%80-%e0%b0%b5%e0%b0%b0%e0%b0%95%e0%b1%81-%e0%b0%b0%e0%b0%bf%e0%b0%b7%e0%b0%bf%e0%b0%95/
2025-05-17,Vasanthotsavam,same_day_report,other_temple,minor,SRI KALYANA VENKATESWARA SWAMY VASANTHOTSAVAM COMMENCES,https://news.tirumala.org/%e0%b0%b5%e0%b1%88%e0%b0%ad%e0%b0%b5%e0%b0%82%e0%b0%97%e0%b0%be-%e0%b0%b6%e0%b1%8d%e0%b0%b0%e0%b1%80-%e0%b0%95%e0%b0%b2%e0%b1%8d%e0%b0%af%e0%b0%be%e0%b0%a3-%e0%b0%b5%e0%b1%87%e0%b0%82%e0%b0%95-9/
2025-05-18,Srivari Annual Brahmotsavams,announced_dates,tirumala,major,ANNUAL BRAHMOTSAVAMS OF SRI VENKATESWARA SWAMY TEMPLE IN RISHIKESH FROM MAY 11 TO 19,https://news.tirumala.org/%e0%b0%ae%e0%b1%87-11-%e0%b0%a8%e0%b1%81%e0%b0%82%e0%b0%a1%e0%b0%bf-19%e0%b0%b5-%e0%b0%a4%e0%b1%87%e0%b0%a6%e0%b1%80-%e0%b0%b5%e0%b0%b0%e0%b0%95%e0%b1%81-%e0%b0%b0%e0%b0%bf%e0%b0%b7%e0%b0%bf%e0%b0%95/
2025-05-19,Srivari Annual Brahmotsavams,announced_dates,tirumala,major,ANNUAL BRAHMOTSAVAMS OF SRI VENKATESWARA SWAMY TEMPLE IN RISHIKESH FROM MAY 11 TO 19,https://news.tirumala.org/%e0%b0%ae%e0%b1%87-11-%e0%b0%a8%e0%b1%81%e0%b0%82%e0%b0%a1%e0%b0%bf-19%e0%b0%b5-%e0%b0%a4%e0%b1%87%e0%b0%a6%e0%b1%80-%e0%b0%b5%e0%b0%b0%e0%b0%95%e0%b1%81-%e0%b0%b0%e0%b0%bf%e0%b0%b7%e0%b0%bf%e0%b0%95/
2025-05-19,Vasanthotsavam,same_day_report,unspecified,minor,VASANTHOTSAVAMS CONCLUDES,https://news.tirumala.org/%e0%b0%b5%e0%b1%88%e0%b0%ad%e0%b0%b5%e0%b0%82%e0%b0%97%e0%b0%be-%e0%b0%ae%e0%b1%81%e0%b0%97%e0%b0%bf%e0%b0%b8%e0%b0%bf%e0%b0%a8-%e0%b0%b6%e0%b1%8d%e0%b0%b0%e0%b1%80-%e0%b0%95%e0%b0%b2%e0%b1%8d-2/
2025-05-21,Hanuman Jayanti,same_day_report,unspecified,major,SRI HANUMAN JAYANTI CELEBRATIONS BY TTD,https://news.tirumala.org/sri-hanuman-jayanti-celebrations-by-ttd-_-%e0%b0%9f%e0%b0%bf%e0%b0%9f%e0%b0%bf%e0%b0%a1%e0%b0%bf-%e0%b0%b9%e0%b0%bf%e0%b0%82%e0%b0%a6%e0%b1%82-%e0%b0%a7%e0%b0%b0%e0%b1%8d%e0%b0%ae-%e0%b0%aa%e0%b1%8d/
2025-05-22,Hanuman Jayanti,same_day_report,unspecified,major,HANUMAN JAYANTI CELEBRATED AT TTD TEMPLES,https://news.tirumala.org/%e0%b0%9f%e0%b0%bf%e0%b0%9f%e0%b0%bf%e0%b0%a1%e0%b0%bf-%e0%b0%86%e0%b0%b2%e0%b0%af%e0%b0%be%e0%b0%b2%e0%b1%8d%e0%b0%b2%e0%b1%8b-%e0%b0%b5%e0%b1%88%e0%b0%ad%e0%b0%b5%e0%b0%82%e0%b0%97%e0%b0%be/
2025-06-11,Teppotsavam,same_day_report,unspecified,minor,TEPPOTSAVAMS CONCLUDES,https://news.tirumala.org/teppotsavams-concludes-_-%e0%b0%b5%e0%b1%88%e0%b0%ad%e0%b0%b5%e0%b0%82%e0%b0%97%e0%b0%be-%e0%b0%ae%e0%b1%81%e0%b0%97%e0%b0%bf%e0%b0%b8%e0%b0%bf%e0%b0%a8-%e0%b0%a4%e0%b0%bf%e0%b0%b0%e0%b1%81%e0%b0%9a/
2025-07-05,Brahmotsavams,same_day_report,unspecified,major,SRI SOWYANATHA SWAMY BRAHMOTSAVAMS COMMENCES,https://news.tirumala.org/%e0%b0%a7%e0%b1%8d%e0%b0%b5%e0%b0%9c%e0%b0%be%e0%b0%b0%e0%b1%8b%e0%b0%b9%e0%b0%a3%e0%b0%82%e0%b0%a4%e0%b1%8b-%e0%b0%aa%e0%b1%8d%e0%b0%b0%e0%b0%be%e0%b0%b0%e0%b0%82%e0%b0%ad%e0%b0%ae%e0%b1%88-2/
2025-07-05,Srivari Annual Brahmotsavams,same_day_report,unspecified,major,ANKURARPANAM PERFORMED FOR ANNUAL BRAHMOTSAVAMS IN THALLAPAKA TEMPLES,https://news.tirumala.org/ankurarpanam-performed-for-annual-brahmotsavams-in-thallapaka-temples-_-%e0%b0%b5%e0%b1%88%e0%b0%ad%e0%b0%b5%e0%b0%82%e0%b0%97%e0%b0%be-%e0%b0%b6%e0%b1%8d%e0%b0%b0%e0%b1%80-%e0%b0%9a%e0%b1%86%e0%b0%a8/
2025-07-06,Pavitrotsavam,same_day_report,other_temple,minor,PAVITROTSAVAMS BEGINS AT SRI KAPILESWARA SWAMY TEMPLE,https://news.tirumala.org/%e0%b0%b6%e0%b1%8d%e0%b0%b0%e0%b1%80-%e0%b0%95%e0%b0%aa%e0%b0%bf%e0%b0%b2%e0%b1%87%e0%b0%b6%e0%b1%8d%e0%b0%b5%e0%b0%b0%e0%b0%be%e0%b0%b2%e0%b0%af%e0%b0%82%e0%b0%b2%e0%b1%8b-%e0%b0%85%e0%b0%82%e0%b0%95/
2025-07-07,Pavitrotsavam,announced_dates,other_temple,minor,PAVITHROTSAVAMS AT SRI KAPILESWARA SWAMY TEMPLE FROM JULY 6 TO 9,https://news.tirumala.org/%e0%b0%9c%e0%b1%82%e0%b0%b2%e0%b1%88-06-%e0%b0%a8%e0%b1%81%e0%b0%82%e0%b0%a1%e0%b0%bf-09%e0%b0%b5-%e0%b0%a4%e0%b1%87%e0%b0%a6%e0%b1%80-%e0%b0%b5%e0%b0%b0%e0%b0%95%e0%b1%81-%e0%b0%b6%e0%b1%8d%e0%b0%b0/
2025-07-08,Pavitrotsavam,announced_dates,other_temple,minor,PAVITHROTSAVAMS AT SRI KAPILESWARA SWAMY TEMPLE FROM JULY 6 TO 9,https://news.tirumala.org/%e0%b0%9c%e0%b1%82%e0%b0%b2%e0%b1%88-06-%e0%b0%a8%e0%b1%81%e0%b0%82%e0%b0%a1%e0%b0%bf-09%e0%b0%b5-%e0%b0%a4%e0%b1%87%e0%b0%a6%e0%b1%80-%e0%b0%b5%e0%b0%b0%e0%b0%95%e0%b1%81-%e0%b0%b6%e0%b1%8d%e0%b0%b0/
2025-07-09,Pavitrotsavam,same_day_report,unspecified,minor,KT PAVITROTSAVAMS CONCLUDES,https://news.tirumala.org/kt-pavitrotsavams-concludes-_-%e0%b0%ae%e0%b0%b9%e0%b0%be%e0%b0%aa%e0%b1%82%e0%b0%b0%e0%b1%8d%e0%b0%a3%e0%b0%be%e0%b0%b9%e0%b1%81%e0%b0%a4%e0%b0%bf%e0%b0%a4%e0%b1%8b-%e0%b0%ae%e0%b1%81%e0%b0%97/
2025-07-13,Garuda Seva,announced_dates,unspecified,minor,SHANTI KALYANAM AND GARUDA SEVA AT KALIGIRI KONDA ON JULY 13,https://news.tirumala.org/%e0%b0%b6%e0%b0%a8%e0%b0%bf%e0%b0%b5%e0%b0%be%e0%b0%b0%e0%b0%82-%e0%b0%98%e0%b0%a8%e0%b0%82%e0%b0%97%e0%b0%be-%e0%b0%9c%e0%b0%b2%e0%b0%be%e0%b0%a7%e0%b0%bf%e0%b0%b5%e0%b0%be%e0%b0%b8%e0%b0%ae%e0%b1%81/
2025-07-16,Anivara Asthanam,same_day_report,tirumala,minor,ANIVARA ASTHANAM HELD WITH RELIGIOUS FERVOUR AT TIRUMALA TEMPLE,https://news.tirumala.org/traditional-temple-budget-fete-held-_-%e0%b0%b6%e0%b1%8d%e0%b0%b0%e0%b1%80%e0%b0%b5%e0%b0%be%e0%b0%b0%e0%b0%bf-%e0%b0%86%e0%b0%b2%e0%b0%af%e0%b0%82%e0%b0%b2%e0%b1%8b-%e0%b0%b6%e0%b0%be%e0%b0%b8/
2025-07-19,Pavitrotsavam,same_day_report,unspecified,minor,ANKURARPANAM PERFORMED FOR KRT PAVITHROTSAVAMS,https://news.tirumala.org/%e0%b0%b6%e0%b1%8d%e0%b0%b0%e0%b1%80-%e0%b0%95%e0%b1%8b%e0%b0%a6%e0%b0%82%e0%b0%a1%e0%b0%b0%e0%b0%be%e0%b0%ae-%e0%b0%b8%e0%b1%8d%e0%b0%b5%e0%b0%be%e0%b0%ae%e0%b0%bf%e0%b0%b5%e0%b0%be%e0%b0%b0%e0%b0%bf/
2025-07-20,Pavitrotsavam,same_day_report,other_temple,minor,PAVITHROTSAVAMS BEGIN AT SRI KODANDARAMA SWAMY TEMPLE,https://news.tirumala.org/pavithrotsavams-begin-at-sri-kodandarama-swamy-temple-_-%e0%b0%b5%e0%b1%88%e0%b0%ad%e0%b0%b5%e0%b0%82%e0%b0%97%e0%b0%be-%e0%b0%b6%e0%b1%8d%e0%b0%b0%e0%b1%80-%e0%b0%95%e0%b1%8b%e0%b0%a6%e0%b0%82/
2025-07-21,Pavitrotsavam,announced_dates,other_temple,minor,ANNUAL PAVITROTSAVAMS OF SRI KODANDARAMA SWAMY FROM JULY 20 TO 22,https://news.tirumala.org/%e0%b0%9c%e0%b1%82%e0%b0%b2%e0%b1%88-20-%e0%b0%a8%e0%b1%81%e0%b0%82%e0%b0%a1%e0%b0%bf-22%e0%b0%b5-%e0%b0%a4%e0%b1%87%e0%b0%a6%e0%b1%80-%e0%b0%b5%e0%b0%b0%e0%b0%95%e0%b1%81-%e0%b0%b6%e0%b1%8d%e0%b0%b0/
2025-07-22,Pavitrotsavam,same_day_report,unspecified,minor,PAVITROTSAVAMS CONCLUDES,https://news.tirumala.org/pavitrotsavams-concludes-_-%e0%b0%98%e0%b0%a8%e0%b0%82%e0%b0%97%e0%b0%be-%e0%b0%ae%e0%b1%81%e0%b0%97%e0%b0%bf%e0%b0%b8%e0%b0%bf%e0%b0%a8-%e0%b0%b6%e0%b1%8d%e0%b0%b0%e0%b1%80-%e0%b0%95%e0%b1%8b-3/
2025-07-29,Garuda Seva,same_day_report,unspecified,minor,GARUDA SEVA HELD,https://news.tirumala.org/garuda-seva-held-_-%e0%b0%a4%e0%b0%bf%e0%b0%b0%e0%b1%81%e0%b0%ae%e0%b0%b2%e0%b0%b2%e0%b1%8b-%e0%b0%98%e0%b0%a8%e0%b0%82%e0%b0%97%e0%b0%be-%e0%b0%97%e0%b0%b0%e0%b1%81%e0%b0%a1-%e0%b0%aa%e0%b0%82-2/
2025-08-05,Pavitrotsavam,same_day_report,unspecified,minor,PAVITROTSAVAMS COMMENCES,https://news.tirumala.org/annual-pavithrotsavam-begins-at-srivari-temple-_-%e0%b0%b6%e0%b1%8d%e0%b0%b0%e0%b1%80%e0%b0%b5%e0%b0%be%e0%b0%b0%e0%b0%bf-%e0%b0%86%e0%b0%b2%e0%b0%af%e0%b0%82%e0%b0%b2%e0%b1%8b-%e0%b0%b6%e0%b0%be-2/
2025-08-06,Pavitrotsavam,announced_dates,tirumala,minor,PAVITROTSAVAMS AT SRIVARI TEMPLE FROM AUGUST 05-07,https://news.tirumala.org/pavitrotsavams-at-srivari-temple-from-august-05-07-_-%e0%b0%86%e0%b0%97%e0%b0%b8%e0%b1%8d%e0%b0%9f%e0%b1%81-5-%e0%b0%a8%e0%b1%81%e0%b0%82%e0%b0%9a%e0%b0%bf-7%e0%b0%b5-%e0%b0%a4/
2025-08-06,Teppotsavam,same_day_report,unspecified,minor,TEPPOTSAVAMS COMMENCES,https://news.tirumala.org/teppotsavams-commences-_-%e0%b0%b6%e0%b1%8d%e0%b0%b0%e0%b1%80-%e0%b0%b5%e0%b1%87%e0%b0%a3%e0%b1%81%e0%b0%97%e0%b1%8b%e0%b0%aa%e0%b0%be%e0%b0%b2%e0%b0%b8%e0%b1%8d%e0%b0%b5%e0%b0%be%e0%b0%ae%e0%b0%bf/
2025-08-07,Pavitrotsavam,same_day_report,unspecified,minor,PAVITROTSAVAMS CONCLUDES,https://news.tirumala.org/pavitrotsavams-concludes-_-%e0%b0%aa%e0%b1%82%e0%b0%b0%e0%b1%8d%e0%b0%a3%e0%b0%be%e0%b0%b9%e0%b1%81%e0%b0%a4%e0%b0%bf%e0%b0%a4%e0%b1%8b-%e0%b0%a4%e0%b0%bf%e0%b0%b0%e0%b1%81%e0%b0%ae%e0%b0%b2%e0%b0%b2/
2025-08-08,Varalakshmi Vratam,same_day_report,other_temple,major,VARALAKSHMI VRATAM OBSERVED WITH GRANDEUR AT SRI PADMAVATHI AMMAVARI TEMPLE,https://news.tirumala.org/varalakshmi-vratam-observed-with-grandeur-at-sri-padmavathi-ammavari-temple-_-%e0%b0%b6%e0%b1%8d%e0%b0%b0%e0%b1%80-%e0%b0%aa%e0%b0%a6%e0%b1%8d%e0%b0%ae%e0%b0%be%e0%b0%b5%e0%b0%a4%e0%b0%bf-%e0%b0%85/
2025-08-09,Garuda Seva,announced_dates,unspecified,minor,SRAVANA POURNAMI GARUDA SEVA ON AUGUST 09,https://news.tirumala.org/sravana-pournami-garuda-seva-on-august-09/
2025-08-09,Pavitrotsavam,same_day_report,unspecified,minor,PAVITROTSAVAMS CONCLUDES IN TONDAMANADU,https://news.tirumala.org/pavitrotsavams-concludes-in-tondamanadu-_-%e0%b0%aa%e0%b1%82%e0%b0%b0%e0%b1%8d%e0%b0%a3%e0%b0%be%e0%b0%b9%e0%b1%81%e0%b0%a4%e0%b0%bf%e0%b0%a4%e0%b1%8b-%e0%b0%ae%e0%b1%81%e0%b0%97%e0%b0%bf%e0%b0%b8/
2025-08-15,Independence Day,fixed_national_holiday,national,major,fixed calendar date,
2025-08-16,Pavitrotsavam,same_day_report,unspecified,minor,PAVITHROTSAVAMS AT SRI SIDDHESWARA SWAMY TEMPLE CONCLUDES,https://news.tirumala.org/%e0%b0%a4%e0%b0%be%e0%b0%b3%e0%b1%8d%e0%b0%b3%e0%b0%aa%e0%b0%be%e0%b0%95-%e0%b0%b6%e0%b1%8d%e0%b0%b0%e0%b1%80-%e0%b0%b8%e0%b0%bf%e0%b0%a6%e0%b1%8d%e0%b0%a7%e0%b1%87%e0%b0%b6%e0%b1%8d%e0%b0%b5/
2025-08-18,Pavitrotsavam,same_day_report,unspecified,minor,SACRED ANKURARPANA FOR PAVITHROTSAVAMS AT AMARAVATHI HELD,https://news.tirumala.org/%e0%b0%85%e0%b0%ae%e0%b0%b0%e0%b0%be%e0%b0%b5%e0%b0%a4%e0%b0%bf-%e0%b0%b6%e0%b1%8d%e0%b0%b0%e0%b1%80-%e0%b0%b5%e0%b1%87%e0%b0%82%e0%b0%95%e0%b0%9f%e0%b1%87%e0%b0%b6%e0%b1%8d%e0%b0%b5%e0%b0%b0/
2025-08-19,Pavitrotsavam,same_day_report,tirumala,minor,PAVITHROTSAVAMS COMMENCE AT AMARAVATI IN SRI VENKATESWARA SWAMY TEMPLE,https://news.tirumala.org/pavithrotsavams-commence-at-amaravati-in-sri-venkateswara-swamy-temple-_-%e0%b0%85%e0%b0%ae%e0%b0%b0%e0%b0%be%e0%b0%b5%e0%b0%a4%e0%b0%bf-%e0%b0%b6%e0%b1%8d%e0%b0%b0%e0%b1%80-%e0%b0%b5%e0%b1%87/
2025-08-20,Pavitrotsavam,same_day_report,unspecified,minor,SACRED PAVITROTSAVAMS CONCLUDE WITH POORNAHUTI AT SRI VENUGOPALA SWAMY TEMPLE,https://news.tirumala.org/%e0%b0%b6%e0%b1%8d%e0%b0%b0%e0%b1%80-%e0%b0%b5%e0%b1%87%e0%b0%a3%e0%b1%81%e0%b0%97%e0%b1%8b%e0%b0%aa%e0%b0%be%e0%b0%b2%e0%b0%b8%e0%b1%8d%e0%b0%b5%e0%b0%be%e0%b0%ae%e0%b0%bf%e0%b0%b5%e0%b0%be%e0%b0%b0/
2025-08-21,Pavitrotsavam,same_day_report,unspecified,minor,PAVITHROTSAVAM CONCLUDES WITH POORNAHUTHI AT AMARAVATI SV TEMPLE,https://news.tirumala.org/pavithrotsavam-concludes-with-poornahuthi-at-amaravati-sv-temple-_-%e0%b0%85%e0%b0%ae%e0%b0%b0%e0%b0%be%e0%b0%b5%e0%b0%a4%e0%b0%bf-%e0%b0%8e%e0%b0%b8%e0%b1%8d%e0%b0%b5%e0%b1%80-%e0%b0%86%e0%b0%b2/
2025-08-24,Pavitrotsavam,announced_dates,other_temple,minor,"PAVITROTSAVAMS AR SRI KODANDARAMA SWAMY TEMPLE, VONTIMITTA FROM AUGUST 24 TO 26",https://news.tirumala.org/%e0%b0%86%e0%b0%97%e0%b0%b8%e0%b1%8d%e0%b0%9f%e0%b1%81-24-%e0%b0%a8%e0%b1%81%e0%b0%82%e0%b0%a1%e0%b0%bf-26%e0%b0%b5-%e0%b0%a4%e0%b1%87%e0%b0%a6%e0%b1%80-%e0%b0%b5%e0%b0%b0/
2025-08-25,Pavitrotsavam,announced_dates,other_temple,minor,"PAVITROTSAVAMS AR SRI KODANDARAMA SWAMY TEMPLE, VONTIMITTA FROM AUGUST 24 TO 26",https://news.tirumala.org/%e0%b0%86%e0%b0%97%e0%b0%b8%e0%b1%8d%e0%b0%9f%e0%b1%81-24-%e0%b0%a8%e0%b1%81%e0%b0%82%e0%b0%a1%e0%b0%bf-26%e0%b0%b5-%e0%b0%a4%e0%b1%87%e0%b0%a6%e0%b1%80-%e0%b0%b5%e0%b0%b0/
2025-08-26,Pavitrotsavam,announced_dates,other_temple,minor,"PAVITROTSAVAMS AR SRI KODANDARAMA SWAMY TEMPLE, VONTIMITTA FROM AUGUST 24 TO 26",https://news.tirumala.org/%e0%b0%86%e0%b0%97%e0%b0%b8%e0%b1%8d%e0%b0%9f%e0%b1%81-24-%e0%b0%a8%e0%b1%81%e0%b0%82%e0%b0%a1%e0%b0%bf-26%e0%b0%b5-%e0%b0%a4%e0%b1%87%e0%b0%a6%e0%b1%80-%e0%b0%b5%e0%b0%b0/
2025-08-29,Pavitrotsavam,announced_dates,unspecified,minor,PAVITHROTSAVAMS FROM AUGUST 29 TO 31 AT SRI AGASTHEESWARA SWAMY TEMPLE,https://news.tirumala.org/%e0%b0%86%e0%b0%97%e0%b0%b8%e0%b1%8d%e0%b0%9f%e0%b1%81-29-%e0%b0%a8%e0%b1%81%e0%b0%82%e0%b0%a1%e0%b0%bf-31%e0%b0%b5-%e0%b0%a4%e0%b1%87%e0%b0%a6%e0%b1%80-%e0%b0%b5/
2025-08-30,Pavitrotsavam,announced_dates,unspecified,minor,PAVITHROTSAVAMS FROM AUGUST 29 TO 31 AT SRI AGASTHEESWARA SWAMY TEMPLE,https://news.tirumala.org/%e0%b0%86%e0%b0%97%e0%b0%b8%e0%b1%8d%e0%b0%9f%e0%b1%81-29-%e0%b0%a8%e0%b1%81%e0%b0%82%e0%b0%a1%e0%b0%bf-31%e0%b0%b5-%e0%b0%a4%e0%b1%87%e0%b0%a6%e0%b1%80-%e0%b0%b5/
2025-08-31,Pavitrotsavam,announced_dates,unspecified,minor,PAVITHROTSAVAMS FROM AUGUST 29 TO 31 AT SRI AGASTHEESWARA SWAMY TEMPLE,https://news.tirumala.org/%e0%b0%86%e0%b0%97%e0%b0%b8%e0%b1%8d%e0%b0%9f%e0%b1%81-29-%e0%b0%a8%e0%b1%81%e0%b0%82%e0%b0%a1%e0%b0%bf-31%e0%b0%b5-%e0%b0%a4%e0%b1%87%e0%b0%a6%e0%b1%80-%e0%b0%b5/
2025-09-04,Pavitrotsavam,same_day_report,unspecified,minor,PAVITROTSAVAMS CONCLUDES,https://news.tirumala.org/%e0%b0%b6%e0%b1%8d%e0%b0%b0%e0%b1%80-%e0%b0%b8%e0%b1%8c%e0%b0%ae%e0%b1%8d%e0%b0%af%e0%b0%a8%e0%b0%be%e0%b0%a5%e0%b0%b8%e0%b1%8d%e0%b0%b5%e0%b0%be%e0%b0%ae%e0%b0%bf-%e0%b0%b5%e0%b0%be%e0%b0%b0%e0%b0%bf/
2025-09-05,Pavitrotsavam,same_day_report,unspecified,minor,PAVITHROTSAVAMS CONCLUDE WITH POORNAHUTHI IN SRI GT,https://news.tirumala.org/%e0%b0%aa%e0%b1%82%e0%b0%b0%e0%b1%8d%e0%b0%a3%e0%b0%be%e0%b0%b9%e0%b1%81%e0%b0%a4%e0%b0%bf%e0%b0%a4%e0%b1%8b-%e0%b0%ae%e0%b1%81%e0%b0%97%e0%b0%bf%e0%b0%b8%e0%b0%bf%e0%b0%a8-%e0%b0%b6%e0%b1%8d-5/
2025-09-07,Pavitrotsavam,same_day_report,unspecified,minor,PAVITHROTSAVAMS CONCLUDES - TEMPLE CLOSED,https://news.tirumala.org/pavitrotsavams-concludes-_-%e0%b0%aa%e0%b1%82%e0%b0%b0%e0%b1%8d%e0%b0%a3%e0%b0%be%e0%b0%b9%e0%b1%81%e0%b0%a4%e0%b0%bf%e0%b0%a4%e0%b1%8b-%e0%b0%ae%e0%b1%81%e0%b0%97%e0%b0%bf%e0%b0%b8%e0%b0%bf-3/
2025-09-17,Pavitrotsavam,announced_dates,other_temple,minor,PAVITROTSAVAMS OF SRI PRASANNA VENKATESWARA SWAMY AT APPALAYAGUNTA FROM SEPTEMBER 17 TO 19,https://news.tirumala.org/%e0%b0%b8%e0%b1%86%e0%b0%aa%e0%b1%8d%e0%b0%9f%e0%b1%86%e0%b0%82%e0%b0%ac%e0%b0%b0%e0%b1%81-17-%e0%b0%a8%e0%b1%81%e0%b0%82%e0%b0%a1%e0%b0%bf-19%e0%b0%b5-%e0%b0%a4%e0%b1%87/
2025-09-18,Pavitrotsavam,announced_dates,other_temple,minor,PAVITROTSAVAMS OF SRI PRASANNA VENKATESWARA SWAMY AT APPALAYAGUNTA FROM SEPTEMBER 17 TO 19,https://news.tirumala.org/%e0%b0%b8%e0%b1%86%e0%b0%aa%e0%b1%8d%e0%b0%9f%e0%b1%86%e0%b0%82%e0%b0%ac%e0%b0%b0%e0%b1%81-17-%e0%b0%a8%e0%b1%81%e0%b0%82%e0%b0%a1%e0%b0%bf-19%e0%b0%b5-%e0%b0%a4%e0%b1%87/
2025-09-19,Pavitrotsavam,announced_dates,other_temple,minor,PAVITROTSAVAMS OF SRI PRASANNA VENKATESWARA SWAMY AT APPALAYAGUNTA FROM SEPTEMBER 17 TO 19,https://news.tirumala.org/%e0%b0%b8%e0%b1%86%e0%b0%aa%e0%b1%8d%e0%b0%9f%e0%b1%86%e0%b0%82%e0%b0%ac%e0%b0%b0%e0%b1%81-17-%e0%b0%a8%e0%b1%81%e0%b0%82%e0%b0%a1%e0%b0%bf-19%e0%b0%b5-%e0%b0%a4%e0%b1%87/
2025-09-23,Srivari Annual Brahmotsavams,same_day_report,tirumala,major,ANKURARPANAM PERFORMED FOR SRIVARI ANNUAL BRAHMOTSAVAMS,https://news.tirumala.org/%e0%b0%b6%e0%b1%8d%e0%b0%b0%e0%b1%80%e0%b0%b5%e0%b0%be%e0%b0%b0%e0%b0%bf-%e0%b0%b8%e0%b0%be%e0%b0%b2%e0%b0%95%e0%b0%9f%e0%b1%8d%e0%b0%b2-%e0%b0%ac%e0%b1%8d%e0%b0%b0%e0%b0%b9%e0%b1%8d%e0%b0%ae-2/
2025-09-24,Brahmotsavams,same_day_report,unspecified,major,GARUDA GAMANA GARUDA DHWAJA BRAHMOTSAVAMS COMMENCE ON A GRAND NOTE WITH DHWAJAROHANAM,https://news.tirumala.org/%e0%b0%b6%e0%b1%8d%e0%b0%b0%e0%b1%80%e0%b0%b5%e0%b0%be%e0%b0%b0%e0%b0%bf-%e0%b0%86%e0%b0%b2%e0%b0%af%e0%b0%82%e0%b0%b2%e0%b1%8b-%e0%b0%b5%e0%b1%88%e0%b0%ad%e0%b0%b5%e0%b0%82%e0%b0%97%e0%b0%be-6/
2025-09-24,Srivari Annual Brahmotsavams,announced_dates,unspecified,major,ANNUAL BRAHMOTSAVAMS AT SRI KALIGIRI VENKATESWARA SWAMY TEMPLE FROM SEP 24 TO OCT 2,https://news.tirumala.org/annual-brahmotsavams-at-sri-kaligiri-venkateswara-swamy-temple-from-sep-24-to-oct-2-_-%e0%b0%b8%e0%b1%86%e0%b0%aa%e0%b1%8d%e0%b0%9f%e0%b1%86%e0%b0%82%e0%b0%ac%e0%b0%b0%e0%b1%8d-24-%e0%b0%a8%e0%b1%81/
2025-09-25,Srivari Annual Brahmotsavams,announced_dates,unspecified,major,ANNUAL BRAHMOTSAVAMS AT SRI KALIGIRI VENKATESWARA SWAMY TEMPLE FROM SEP 24 TO OCT 2,https://news.tirumala.org/annual-brahmotsavams-at-sri-kaligiri-venkateswara-swamy-temple-from-sep-24-to-oct-2-_-%e0%b0%b8%e0%b1%86%e0%b0%aa%e0%b1%8d%e0%b0%9f%e0%b1%86%e0%b0%82%e0%b0%ac%e0%b0%b0%e0%b1%8d-24-%e0%b0%a8%e0%b1%81/
2025-09-26,Srivari Annual Brahmotsavams,announced_dates,unspecified,major,ANNUAL BRAHMOTSAVAMS AT SRI KALIGIRI VENKATESWARA SWAMY TEMPLE FROM SEP 24 TO OCT 2,https://news.tirumala.org/annual-brahmotsavams-at-sri-kaligiri-venkateswara-swamy-temple-from-sep-24-to-oct-2-_-%e0%b0%b8%e0%b1%86%e0%b0%aa%e0%b1%8d%e0%b0%9f%e0%b1%86%e0%b0%82%e0%b0%ac%e0%b0%b0%e0%b1%8d-24-%e0%b0%a8%e0%b1%81/
2025-09-27,Srivari Annual Brahmotsavams,announced_dates,unspecified,major,ANNUAL BRAHMOTSAVAMS AT SRI KALIGIRI VENKATESWARA SWAMY TEMPLE FROM SEP 24 TO OCT 2,https://news.tirumala.org/annual-brahmotsavams-at-sri-kaligiri-venkateswara-swamy-temple-from-sep-24-to-oct-2-_-%e0%b0%b8%e0%b1%86%e0%b0%aa%e0%b1%8d%e0%b0%9f%e0%b1%86%e0%b0%82%e0%b0%ac%e0%b0%b0%e0%b1%8d-24-%e0%b0%a8%e0%b1%81/
2025-09-28,Srivari Annual Brahmotsavams,announced_dates,unspecified,major,ANNUAL BRAHMOTSAVAMS AT SRI KALIGIRI VENKATESWARA SWAMY TEMPLE FROM SEP 24 TO OCT 2,https://news.tirumala.org/annual-brahmotsavams-at-sri-kaligiri-venkateswara-swamy-temple-from-sep-24-to-oct-2-_-%e0%b0%b8%e0%b1%86%e0%b0%aa%e0%b1%8d%e0%b0%9f%e0%b1%86%e0%b0%82%e0%b0%ac%e0%b0%b0%e0%b1%8d-24-%e0%b0%a8%e0%b1%81/
2025-09-29,Srivari Annual Brahmotsavams,announced_dates,unspecified,major,ANNUAL BRAHMOTSAVAMS AT SRI KALIGIRI VENKATESWARA SWAMY TEMPLE FROM SEP 24 TO OCT 2,https://news.tirumala.org/annual-brahmotsavams-at-sri-kaligiri-venkateswara-swamy-temple-from-sep-24-to-oct-2-_-%e0%b0%b8%e0%b1%86%e0%b0%aa%e0%b1%8d%e0%b0%9f%e0%b1%86%e0%b0%82%e0%b0%ac%e0%b0%b0%e0%b1%8d-24-%e0%b0%a8%e0%b1%81/
2025-09-30,Srivari Annual Brahmotsavams,announced_dates,unspecified,major,ANNUAL BRAHMOTSAVAMS AT SRI KALIGIRI VENKATESWARA SWAMY TEMPLE FROM SEP 24 TO OCT 2,https://news.tirumala.org/annual-brahmotsavams-at-sri-kaligiri-venkateswara-swamy-temple-from-sep-24-to-oct-2-_-%e0%b0%b8%e0%b1%86%e0%b0%aa%e0%b1%8d%e0%b0%9f%e0%b1%86%e0%b0%82%e0%b0%ac%e0%b0%b0%e0%b1%8d-24-%e0%b0%a8%e0%b1%81/
2025-10-01,Srivari Annual Brahmotsavams,announced_dates,unspecified,major,ANNUAL BRAHMOTSAVAMS AT SRI KALIGIRI VENKATESWARA SWAMY TEMPLE FROM SEP 24 TO OCT 2,https://news.tirumala.org/annual-brahmotsavams-at-sri-kaligiri-venkateswara-swamy-temple-from-sep-24-to-oct-2-_-%e0%b0%b8%e0%b1%86%e0%b0%aa%e0%b1%8d%e0%b0%9f%e0%b1%86%e0%b0%82%e0%b0%ac%e0%b0%b0%e0%b1%8d-24-%e0%b0%a8%e0%b1%81/
2025-10-02,Gandhi Jayanti,fixed_national_holiday,national,major,fixed calendar date,
2025-10-02,Srivari Annual Brahmotsavams,same_day_report,tirumala,major,SRIVARI SALAKATLA BRAHMOTSAVAM CONCLUDES WITH DHWAJAVAROHANAM,https://news.tirumala.org/srivari-salakatla-brahmotsavam-concludes-with-dhwajavarohanam/
2025-10-05,Pavitrotsavam,same_day_report,unspecified,minor,PAVITROTSAVAMS BEGINS _ వాల్మీకిపురం శ్రీ పట్టాభిరామస్వామివారి ఆల‌యంలో వైభవంగా పవిత్రోత్సవాలు ప్రారంభం,https://news.tirumala.org/pavitrotsavams-begins-_-%e0%b0%b5%e0%b0%be%e0%b0%b2%e0%b1%8d%e0%b0%ae%e0%b1%80%e0%b0%95%e0%b0%bf%e0%b0%aa%e0%b1%81%e0%b0%b0%e0%b0%82-%e0%b0%b6%e0%b1%8d%e0%b0%b0%e0%b1%80-%e0%b0%aa%e0%b0%9f/
2025-10-06,Pavitrotsavam,announced_dates,unspecified,minor,PAVITHROTSAVAMS WILL BE HELD AT SRI PATTABHIRAM SWAMY TEMPLE FROM OCTOBER 05 TO 07,https://news.tirumala.org/pavithrotsavams-will-be-held-at-sri-pattabhiram-swamy-temple-from-october-05-to-07-_-%e0%b0%85%e0%b0%95%e0%b1%8d%e0%b0%9f%e0%b1%8b%e0%b0%ac%e0%b0%b0%e0%b1%8d-05-%e0%b0%a8%e0%b1%81%e0%b0%82%e0%b0%a1/
2025-10-07,Garuda Seva,announced_dates,unspecified,minor,POURNAMI GARUDA SEVA ON OCT 07,https://news.tirumala.org/%e0%b0%85%e0%b0%95%e0%b1%8d%e0%b0%9f%e0%b1%8b%e0%b0%ac%e0%b0%b0%e0%b1%81-07%e0%b0%a8-%e0%b0%aa%e0%b1%8c%e0%b0%b0%e0%b1%8d%e0%b0%a3%e0%b0%ae%e0%b0%bf-%e0%b0%97%e0%b0%b0%e0%b1%81%e0%b0%a1-%e0%b0%b8/
2025-10-07,Pavitrotsavam,same_day_report,other_temple,minor,VALMIKIPURAM PAVITROTSAVAMS CONCLUDES,https://news.tirumala.org/%e0%b0%b6%e0%b1%8d%e0%b0%b0%e0%b1%80-%e0%b0%aa%e0%b0%9f%e0%b1%8d%e0%b0%9f%e0%b0%be%e0%b0%ad%e0%b0%bf%e0%b0%b0%e0%b0%be%e0%b0%ae-%e0%b0%b8%e0%b1%8d%e0%b0%b5%e0%b0%be%e0%b0%ae%e0%b0%bf%e0%b0%b5%e0%b0%be/
2025-10-11,Pavitrotsavam,same_day_report,other_temple,minor,ANKURARPANA PERFORMED FOR PAVITHROTSAVAM AT CHANDRAGIRI SRI KODANDARAMA SWAMY TEMPLE,https://news.tirumala.org/ankurarpana-performed-for-pavithrotsavam-at-chandragiri-sri-kodandarama-swamy-temple-_-%e0%b0%9a%e0%b0%82%e0%b0%a6%e0%b1%8d%e0%b0%b0%e0%b0%97%e0%b0%bf%e0%b0%b0%e0%b0%bf-%e0%b0%b6%e0%b1%8d%e0%b0%b0/
2025-10-12,Pavitrotsavam,same_day_report,other_temple,minor,"SACRED PAVITHROTSAVAMS COMMENCE GRANDLY AT SRI KODANDARAMA SWAMY TEMPLE, CHANDRAGIRI",https://news.tirumala.org/sacred-pavithrotsavams-commence-grandly-at-sri-kodandarama-swamy-temple-chandragiri/
2025-10-13,Pavitrotsavam,announced_dates,other_temple,minor,PAVITROTSAVAM AT CHANDRAGIRI SRI KODANDARAMA SWAMY TEMPLE FROM OCTOBER 12 TO 14,https://news.tirumala.org/%e0%b0%85%e0%b0%95%e0%b1%8d%e0%b0%9f%e0%b1%8b%e0%b0%ac%e0%b0%b0%e0%b1%81-12-%e0%b0%a8%e0%b1%81%e0%b0%82%e0%b0%a1%e0%b0%bf-14%e0%b0%b5-%e0%b0%a4%e0%b1%87%e0%b0%a6%e0%b1%80-%e0%b0%b5/
2025-10-14,Pavitrotsavam,same_day_report,unspecified,minor,PAVITROTSAVAMS CONCLUDES,https://news.tirumala.org/pavitrotsavams-concludes-_-%e0%b0%ae%e0%b0%b9%e0%b0%be-%e0%b0%aa%e0%b1%82%e0%b0%b0%e0%b1%8d%e0%b0%a3%e0%b0%be%e0%b0%b9%e0%b1%81%e0%b0%a4%e0%b0%bf%e0%b0%a4%e0%b1%8b-%e0%b0%ae%e0%b1%81%e0%b0%97%e0%b0%bf/
2025-10-17,Pavitrotsavam,same_day_report,unspecified,minor,PAVITROTSAVAMS COMMENCES IN SKVST,https://news.tirumala.org/%e0%b0%98%e0%b0%a8%e0%b0%82%e0%b0%97%e0%b0%be-%e0%b0%b6%e0%b1%8d%e0%b0%b0%e0%b1%80-%e0%b0%95%e0%b0%b2%e0%b1%8d%e0%b0%af%e0%b0%be%e0%b0%a3-%e0%b0%b5%e0%b1%87%e0%b0%82%e0%b0%95/
2025-10-18,Pavitrotsavam,announced_dates,other_temple,minor,PAVITROTSAVAMS AT SRINIVASA MANGAPURAM FROM OCTOBER 17 TO 19,https://news.tirumala.org/pavitrotsavams-at-srinivasa-mangapuram-from-october-17-to-19/
2025-10-19,Pavitrotsavam,same_day_report,unspecified,minor,PAVITHROTSAVAMS CONCLUDES AT SKVST,https://news.tirumala.org/pavithrotsavams-concludes-at-skvst-_-%e0%b0%aa%e0%b1%82%e0%b0%b0%e0%b1%8d%e0%b0%a3%e0%b0%be%e0%b0%b9%e0%b1%81%e0%b0%a4%e0%b0%bf%e0%b0%a4%e0%b1%8b-%e0%b0%ae%e0%b1%81%e0%b0%97%e0%b0%bf%e0%b0%b8%e0%b0%bf/
2025-10-20,Deepavali,same_day_report,unspecified,major,DEEPAVALI ASTHANAM HELD,https://news.tirumala.org/%e0%b0%b6%e0%b1%8d%e0%b0%b0%e0%b1%80%e0%b0%b5%e0%b0%be%e0%b0%b0%e0%b0%bf-%e0%b0%86%e0%b0%b2%e0%b0%af%e0%b0%82%e0%b0%b2%e0%b1%8b-%e0%b0%98%e0%b0%a8%e0%b0%82%e0%b0%97%e0%b0%be-%e0%b0%a6%e0%b1%80/
2025-11-17,Brahmotsavams,same_day_report,other_temple,major,TIRUCHANOOR BRAHMOTSAVAM BEGINS,https://news.tirumala.org/%e0%b0%a7%e0%b1%8d%e0%b0%b5%e0%b0%9c%e0%b0%be%e0%b0%b0%e0%b1%8b%e0%b0%b9%e0%b0%a3%e0%b0%82%e0%b0%a4%e0%b1%8b-%e0%b0%b5%e0%b1%88%e0%b0%ad%e0%b0%b5%e0%b0%82%e0%b0%97%e0%b0%be-%e0%b0%aa%e0%b1%8d-5/
2025-11-18,Brahmotsavams,announced_dates,other_temple,major,ANNUAL KARTHIKA BRAHMOTSAVAMS AT TIRUCHANOOR FROM NOVEMBER 17 TO 25,https://news.tirumala.org/annual-karthika-brahmotsavams-at-tiruchanoor-from-november-17-to-25/
2025-11-19,Brahmotsavams,announced_dates,other_temple,major,ANNUAL KARTHIKA BRAHMOTSAVAMS AT TIRUCHANOOR FROM NOVEMBER 17 TO 25,https://news.tirumala.org/annual-karthika-brahmotsavams-at-tiruchanoor-from-november-17-to-25/
2025-11-20,Brahmotsavams,announced_dates,other_temple,major,ANNUAL KARTHIKA BRAHMOTSAVAMS AT TIRUCHANOOR FROM NOVEMBER 17 TO 25,https://news.tirumala.org/annual-karthika-brahmotsavams-at-tiruchanoor-from-november-17-to-25/
2025-11-21,Brahmotsavams,announced_dates,other_temple,major,ANNUAL KARTHIKA BRAHMOTSAVAMS AT TIRUCHANOOR FROM NOVEMBER 17 TO 25,https://news.tirumala.org/annual-karthika-brahmotsavams-at-tiruchanoor-from-november-17-to-25/
2025-11-21,Vasanthotsavam,same_day_report,unspecified,minor,VASANTHOTSAVAM HELD,https://news.tirumala.org/%e0%b0%b6%e0%b1%8d%e0%b0%b0%e0%b1%80-%e0%b0%aa%e0%b0%a6%e0%b1%8d%e0%b0%ae%e0%b0%be%e0%b0%b5%e0%b0%a4%e0%b0%bf-%e0%b0%85%e0%b0%ae%e0%b1%8d%e0%b0%ae%e0%b0%b5%e0%b0%be%e0%b0%b0%e0%b0%bf-%e0%b0%86-14/
2025-11-22,Brahmotsavams,announced_dates,other_temple,major,ANNUAL KARTHIKA BRAHMOTSAVAMS AT TIRUCHANOOR FROM NOVEMBER 17 TO 25,https://news.tirumala.org/annual-karthika-brahmotsavams-at-tiruchanoor-from-november-17-to-25/
2025-11-23,Brahmotsavams,announced_dates,other_temple,major,ANNUAL KARTHIKA BRAHMOTSAVAMS AT TIRUCHANOOR FROM NOVEMBER 17 TO 25,https://news.tirumala.org/annual-karthika-brahmotsavams-at-tiruchanoor-from-november-17-to-25/
2025-11-24,Brahmotsavams,announced_dates,other_temple,major,ANNUAL KARTHIKA BRAHMOTSAVAMS AT TIRUCHANOOR FROM NOVEMBER 17 TO 25,https://news.tirumala.org/annual-karthika-brahmotsavams-at-tiruchanoor-from-november-17-to-25/
2025-11-25,Brahmotsavams,announced_dates,other_temple,major,ANNUAL KARTHIKA BRAHMOTSAVAMS AT TIRUCHANOOR FROM NOVEMBER 17 TO 25,https://news.tirumala.org/annual-karthika-brahmotsavams-at-tiruchanoor-from-november-17-to-25/
2025-12-04,Garuda Seva,announced_dates,unspecified,minor,NO POURNAMI GARUDA SEVA ON DEC 04,https://news.tirumala.org/no-pournami-garuda-seva-on-dec-04-_-%e0%b0%a1%e0%b0%bf%e0%b0%b8%e0%b1%86%e0%b0%82%e0%b0%ac%e0%b0%b0%e0%b1%8d-4%e0%b0%a8-%e0%b0%a4%e0%b0%bf%e0%b0%b0%e0%b1%81%e0%b0%ae%e0%b0%b2%e0%b0%b2%e0%b1%8b/
2025-12-15,Tiruppavai / Dhanurmasam,announced_dates,unspecified,minor,INAUGURAL SESSION OF TIRUPPAVAI DISCOURSES ON DECEMBER 15,https://news.tirumala.org/inaugural-session-of-tiruppavai-discourses-on-december-15-_-%e0%b0%a1%e0%b0%bf%e0%b0%b8%e0%b1%86%e0%b0%82%e0%b0%ac%e0%b0%b0%e0%b1%81-15%e0%b0%a8-%e0%b0%a4%e0%b0%bf%e0%b0%b0%e0%b1%81%e0%b0%aa%e0%b1%8d/
2025-12-16,Tiruppavai / Dhanurmasam,announced_dates,unspecified,minor,TIRUPPAVAI DISCOURSES FROM DECEMBER 16 TO JANUARY 14,https://news.tirumala.org/%e0%b0%a1%e0%b0%bf%e0%b0%b8%e0%b1%86%e0%b0%82%e0%b0%ac%e0%b0%b0%e0%b1%81-16-%e0%b0%a8%e0%b1%81%e0%b0%82%e0%b0%9a%e0%b0%bf-%e0%b0%9c%e0%b0%a8%e0%b0%b5%e0%b0%b0%e0%b0%bf-14%e0%b0%b5-%e0%b0%a4%e0%b1%87/
2025-12-25,Christmas,fixed_national_holiday,national,major,fixed calendar date,
2025-12-29,Teppotsavam,same_day_report,unspecified,minor,TEPPOTSAVAMS COMMENCES IN KT _ శ్రీ కపిలేశ్వరాలయంలో వైభవంగా తెప్పోత్సవాలు ప్రారంభం,https://news.tirumala.org/teppotsavams-commences-in-kt-_-%e0%b0%b6%e0%b1%8d%e0%b0%b0%e0%b1%80-%e0%b0%95%e0%b0%aa%e0%b0%bf%e0%b0%b2%e0%b1%87%e0%b0%b6%e0%b1%8d%e0%b0%b5%e0%b0%b0%e0%b0%be%e0%b0%b2%e0%b0%af%e0%b0%82%e0%b0%b2-2/
2025-12-30,Teppotsavam,same_day_report,unspecified,minor,TEPPOTSAVAM HELD,https://news.tirumala.org/teppotsavam-held-_-%e0%b0%a4%e0%b1%86%e0%b0%aa%e0%b1%8d%e0%b0%aa%e0%b0%b2%e0%b0%aa%e0%b1%88-%e0%b0%b6%e0%b1%8d%e0%b0%b0%e0%b1%80-%e0%b0%b8%e0%b1%81%e0%b0%ac%e0%b1%8d%e0%b0%b0%e0%b0%ae%e0%b0%a3/
2025-12-31,Teppotsavam,announced_dates,other_temple,minor,TEPPOTSAVAMS AT SRI KAPILESWARA SWAMY TEMPLE FROM DECEMBER 29 TO JANUARY 2,https://news.tirumala.org/%e0%b0%a1%e0%b0%bf%e0%b0%b8%e0%b1%86%e0%b0%82%e0%b0%ac%e0%b0%b0%e0%b1%81-29-%e0%b0%a8%e0%b1%81%e0%b0%82%e0%b0%a1%e0%b0%bf-%e0%b0%9c%e0%b0%a8%e0%b0%b5%e0%b0%b0/
2025-12-31,Vaikunta Ekadasi,same_day_report,unspecified,major,VAIKUNTA DWADASI CHAKRASNANAM HELD,https://news.tirumala.org/%e0%b0%b5%e0%b1%88%e0%b0%ad%e0%b0%b5%e0%b0%82%e0%b0%97%e0%b0%be-%e0%b0%b5%e0%b1%88%e0%b0%95%e0%b1%81%e0%b0%82%e0%b0%a0-%e0%b0%a6%e0%b1%8d%e0%b0%b5%e0%b0%be%e0%b0%a6%e0%b0%b6%e0%b0%bf-%e0%b0%9a/
2026-01-01,New Year's Day,fixed_national_holiday,national,major,fixed calendar date,
2026-01-01,Teppotsavam,announced_dates,other_temple,minor,TEPPOTSAVAMS AT SRI KAPILESWARA SWAMY TEMPLE FROM DECEMBER 29 TO JANUARY 2,https://news.tirumala.org/%e0%b0%a1%e0%b0%bf%e0%b0%b8%e0%b1%86%e0%b0%82%e0%b0%ac%e0%b0%b0%e0%b1%81-29-%e0%b0%a8%e0%b1%81%e0%b0%82%e0%b0%a1%e0%b0%bf-%e0%b0%9c%e0%b0%a8%e0%b0%b5%e0%b0%b0/
2026-01-02,Teppotsavam,same_day_report,unspecified,minor,TEPPOTSAVAMS CONCLUDES,https://news.tirumala.org/teppotsavams-concludes-_-%e0%b0%b6%e0%b1%8d%e0%b0%b0%e0%b1%80-%e0%b0%95%e0%b0%aa%e0%b0%bf%e0%b0%b2%e0%b1%87%e0%b0%b6%e0%b1%8d%e0%b0%b5%e0%b0%b0%e0%b0%be%e0%b0%b2%e0%b0%af%e0%b0%82%e0%b0%b2%e0%b1%8b-2/
2026-01-03,Garuda Seva,announced_dates,unspecified,minor,NO POURNAMI GARUDA SEVA ON JAN 03,https://news.tirumala.org/no-pournami-garuda-seva-on-jan-03/
2026-01-18,Brahmotsavams,same_day_report,unspecified,major,ANKURARPANA PERFORMED FOR SRI LAKSHMI VENKATESWARA SWAMY TEMPLE BRAHMOTSAVAM AT DEVUNI KADAPA,https://news.tirumala.org/ankurarpana-performed-for-sri-lakshmi-venkateswara-swamy-temple-brahmotsavam-at-devuni-kadapa-_-%e0%b0%b6%e0%b0%be%e0%b0%b8%e0%b1%8d%e0%b0%a4%e0%b1%8d%e0%b0%b0%e0%b1%8b%e0%b0%95%e0%b1%8d%e0%b0%a4/
2026-01-19,Brahmotsavams,same_day_report,unspecified,major,KOSUVARIPALLE BRAHMOTSAVAMS BEGINS WITH DHWAJAROHANAM,https://news.tirumala.org/%e0%b0%a7%e0%b1%8d%e0%b0%b5%e0%b0%9c%e0%b0%be%e0%b0%b0%e0%b1%8b%e0%b0%b9%e0%b0%a3%e0%b0%82%e0%b0%a4%e0%b1%8b-%e0%b0%aa%e0%b1%8d%e0%b0%b0%e0%b0%be%e0%b0%b0%e0%b0%82%e0%b0%ad%e0%b0%82%e0%b0%ae%e0%b1%88/
2026-01-19,Srivari Annual Brahmotsavams,same_day_report,unspecified,major,DEVUNI KADAPA ANNUAL BRAHMOTSAVAMS COMMENCES,https://news.tirumala.org/%e0%b0%a7%e0%b1%8d%e0%b0%b5%e0%b0%9c%e0%b0%be%e0%b0%b0%e0%b1%8b%e0%b0%b9%e0%b0%a3%e0%b0%82%e0%b0%a4%e0%b1%8b-%e0%b0%b5%e0%b1%88%e0%b0%ad%e0%b0%b5%e0%b0%82%e0%b0%97%e0%b0%be-%e0%b0%a6%e0%b1%87/
2026-01-25,Rathasapthami,announced_dates,tirumala,major,RATHA SAPTAMI TO BE OBSERVED AT TIRUMALA ON JAN 25,https://news.tirumala.org/ratha-saptami-to-be-observed-at-tirumala-on-jan-25-_-%e0%b0%9c%e0%b0%a8%e0%b0%b5%e0%b0%b0%e0%b0%bf-25%e0%b0%a8-%e0%b0%a4%e0%b0%bf%e0%b0%b0%e0%b1%81%e0%b0%ae%e0%b0%b2%e0%b0%b2%e0%b1%8b-%e0%b0%b0/
2026-01-26,Republic Day,fixed_national_holiday,national,major,fixed calendar date,
2026-01-26,Teppotsavam,same_day_report,unspecified,minor,FLOAT FESTIVAL COMMENCES,https://news.tirumala.org/float-festival-commences-_-%e0%b0%b5%e0%b1%88%e0%b0%ad%e0%b0%b5%e0%b0%82%e0%b0%97%e0%b0%be-%e0%b0%b6%e0%b1%8d%e0%b0%b0%e0%b1%80-%e0%b0%97%e0%b1%8b%e0%b0%b5%e0%b0%bf%e0%b0%82%e0%b0%a6%e0%b0%b0%e0%b0%be/
2026-01-27,Teppotsavam,announced_dates,other_temple,minor,SRI GOVINDARAJA SWAMY TEMPLE ANNUAL TEPPOTSAVAMS FROM JANUARY 26 TO FEBRUARY 01,https://news.tirumala.org/sri-govindaraja-swamy-temple-annual-teppotsavams-from-january-26-to-february-01-_-%e0%b0%9c%e0%b0%a8%e0%b0%b5%e0%b0%b0%e0%b0%bf-26-%e0%b0%a8%e0%b1%81%e0%b0%82%e0%b0%a1%e0%b0%bf-%e0%b0%ab%e0%b0%bf/
2026-01-28,Teppotsavam,announced_dates,other_temple,minor,SRI GOVINDARAJA SWAMY TEMPLE ANNUAL TEPPOTSAVAMS FROM JANUARY 26 TO FEBRUARY 01,https://news.tirumala.org/sri-govindaraja-swamy-temple-annual-teppotsavams-from-january-26-to-february-01-_-%e0%b0%9c%e0%b0%a8%e0%b0%b5%e0%b0%b0%e0%b0%bf-26-%e0%b0%a8%e0%b1%81%e0%b0%82%e0%b0%a1%e0%b0%bf-%e0%b0%ab%e0%b0%bf/
2026-01-29,Teppotsavam,announced_dates,other_temple,minor,SRI GOVINDARAJA SWAMY TEMPLE ANNUAL TEPPOTSAVAMS FROM JANUARY 26 TO FEBRUARY 01,https://news.tirumala.org/sri-govindaraja-swamy-temple-annual-teppotsavams-from-january-26-to-february-01-_-%e0%b0%9c%e0%b0%a8%e0%b0%b5%e0%b0%b0%e0%b0%bf-26-%e0%b0%a8%e0%b1%81%e0%b0%82%e0%b0%a1%e0%b0%bf-%e0%b0%ab%e0%b0%bf/
2026-01-30,Teppotsavam,announced_dates,other_temple,minor,SRI GOVINDARAJA SWAMY TEMPLE ANNUAL TEPPOTSAVAMS FROM JANUARY 26 TO FEBRUARY 01,https://news.tirumala.org/sri-govindaraja-swamy-temple-annual-teppotsavams-from-january-26-to-february-01-_-%e0%b0%9c%e0%b0%a8%e0%b0%b5%e0%b0%b0%e0%b0%bf-26-%e0%b0%a8%e0%b1%81%e0%b0%82%e0%b0%a1%e0%b0%bf-%e0%b0%ab%e0%b0%bf/
2026-01-31,Teppotsavam,announced_dates,other_temple,minor,SRI GOVINDARAJA SWAMY TEMPLE ANNUAL TEPPOTSAVAMS FROM JANUARY 26 TO FEBRUARY 01,https://news.tirumala.org/sri-govindaraja-swamy-temple-annual-teppotsavams-from-january-26-to-february-01-_-%e0%b0%9c%e0%b0%a8%e0%b0%b5%e0%b0%b0%e0%b0%bf-26-%e0%b0%a8%e0%b1%81%e0%b0%82%e0%b0%a1%e0%b0%bf-%e0%b0%ab%e0%b0%bf/
2026-02-01,Garuda Seva,same_day_report,unspecified,minor,POURNAMI GARUDA SEVA HELD,https://news.tirumala.org/pournami-garuda-seva-held-_-%e0%b0%a4%e0%b0%bf%e0%b0%b0%e0%b1%81%e0%b0%ae%e0%b0%b2%e0%b0%b2%e0%b1%8b-%e0%b0%b5%e0%b1%88%e0%b0%ad%e0%b0%b5%e0%b0%82%e0%b0%97%e0%b0%be-%e0%b0%aa%e0%b1%8c%e0%b0%b0/
2026-02-01,Teppotsavam,same_day_report,unspecified,minor,SRI GT ANNUAL TEPPOTSAVAMS CONCLUDES,https://news.tirumala.org/sri-gt-annual-teppotsavams-concludes-_-%e0%b0%b5%e0%b1%88%e0%b0%ad%e0%b0%b5%e0%b0%82%e0%b0%97%e0%b0%be-%e0%b0%ae%e0%b1%81%e0%b0%97%e0%b0%bf%e0%b0%b8%e0%b0%bf%e0%b0%a8-%e0%b0%b6%e0%b1%8d/
2026-02-07,Brahmotsavams,announced_dates,unspecified,major,ANKURARPANA FOR SKVST BRAHMOTSAVAMS ON FEBRUARY 07,https://news.tirumala.org/%e0%b0%ab%e0%b0%bf%e0%b0%ac%e0%b1%8d%e0%b0%b0%e0%b0%b5%e0%b0%b0%e0%b0%bf-07%e0%b0%a8-%e0%b0%b6%e0%b1%8d%e0%b0%b0%e0%b1%80-%e0%b0%95%e0%b0%b2%e0%b1%8d%e0%b0%af%e0%b0%be%e0%b0%a3/
2026-02-08,Brahmotsavams,same_day_report,other_temple,major,KALYANA VENKATESWARA SWAMY BRAHMOTSAVAM COMMENCES,https://news.tirumala.org/%e0%b0%a7%e0%b1%8d%e0%b0%b5%e0%b0%9c%e0%b0%be%e0%b0%b0%e0%b1%8b%e0%b0%b9%e0%b0%a3%e0%b0%82%e0%b0%a4%e0%b1%8b-%e0%b0%b5%e0%b1%88%e0%b0%ad%e0%b0%b5%e0%b0%82%e0%b0%97%e0%b0%be-%e0%b0%b6%e0%b1%8d-7/
2026-02-08,Srivari Annual Brahmotsavams,announced_dates,other_temple,major,ANNUAL BRAHMOTSAVAMS OF SRI KAPILESWARA SWAMY TEMPLE FROM FEBRUARY 8 TO 17,https://news.tirumala.org/%e0%b0%ab%e0%b0%bf%e0%b0%ac%e0%b1%8d%e0%b0%b0%e0%b0%b5%e0%b0%b0%e0%b0%bf-8-%e0%b0%a8%e0%b1%81%e0%b0%82%e0%b0%a1%e0%b0%bf-17%e0%b0%b5-%e0%b0%a4%e0%b1%87%e0%b0%a6%e0%b1%80-%e0%b0%b5/
2026-02-09,Brahmotsavams,same_day_report,other_temple,major,SRI PADMAVATHI AMMAVARI BRAHMOTSAVAMS CELEBRATED GRANDLY IN CHENNAI,https://news.tirumala.org/sri-padmavathi-ammavari-brahmotsavams-celebrated-grandly-in-chennai-_-%e0%b0%9a%e0%b1%86%e0%b0%a8%e0%b1%8d%e0%b0%a8%e0%b1%88%e0%b0%b2%e0%b1%8b-%e0%b0%b5%e0%b1%88%e0%b0%ad%e0%b0%b5%e0%b0%82%e0%b0%97/
2026-02-09,Srivari Annual Brahmotsavams,announced_dates,other_temple,major,ANNUAL BRAHMOTSAVAMS OF SRI KAPILESWARA SWAMY TEMPLE FROM FEBRUARY 8 TO 17,https://news.tirumala.org/%e0%b0%ab%e0%b0%bf%e0%b0%ac%e0%b1%8d%e0%b0%b0%e0%b0%b5%e0%b0%b0%e0%b0%bf-8-%e0%b0%a8%e0%b1%81%e0%b0%82%e0%b0%a1%e0%b0%bf-17%e0%b0%b5-%e0%b0%a4%e0%b1%87%e0%b0%a6%e0%b1%80-%e0%b0%b5/
2026-02-10,Srivari Annual Brahmotsavams,announced_dates,other_temple,major,ANNUAL BRAHMOTSAVAMS OF SRI KAPILESWARA SWAMY TEMPLE FROM FEBRUARY 8 TO 17,https://news.tirumala.org/%e0%b0%ab%e0%b0%bf%e0%b0%ac%e0%b1%8d%e0%b0%b0%e0%b0%b5%e0%b0%b0%e0%b0%bf-8-%e0%b0%a8%e0%b1%81%e0%b0%82%e0%b0%a1%e0%b0%bf-17%e0%b0%b5-%e0%b0%a4%e0%b1%87%e0%b0%a6%e0%b1%80-%e0%b0%b5/
2026-02-11,Srivari Annual Brahmotsavams,announced_dates,other_temple,major,ANNUAL BRAHMOTSAVAMS OF SRI KAPILESWARA SWAMY TEMPLE FROM FEBRUARY 8 TO 17,https://news.tirumala.org/%e0%b0%ab%e0%b0%bf%e0%b0%ac%e0%b1%8d%e0%b0%b0%e0%b0%b5%e0%b0%b0%e0%b0%bf-8-%e0%b0%a8%e0%b1%81%e0%b0%82%e0%b0%a1%e0%b0%bf-17%e0%b0%b5-%e0%b0%a4%e0%b1%87%e0%b0%a6%e0%b1%80-%e0%b0%b5/
2026-02-12,Garuda Seva,announced_dates,other_temple,minor,GARUDA SEVA OF SRI KALYANA VENKATESWARA SWAMY ON FEBRUARY 12,https://news.tirumala.org/%e0%b0%ab%e0%b0%bf%e0%b0%ac%e0%b1%8d%e0%b0%b0%e0%b0%b5%e0%b0%b0%e0%b0%bf-12%e0%b0%a8-%e0%b0%b6%e0%b1%8d%e0%b0%b0%e0%b1%80-%e0%b0%95%e0%b0%b2%e0%b1%8d%e0%b0%af%e0%b0%be%e0%b0%a3-%e0%b0%b5%e0%b1%87/
2026-02-12,Srivari Annual Brahmotsavams,announced_dates,other_temple,major,ANNUAL BRAHMOTSAVAMS OF SRI KAPILESWARA SWAMY TEMPLE FROM FEBRUARY 8 TO 17,https://news.tirumala.org/%e0%b0%ab%e0%b0%bf%e0%b0%ac%e0%b1%8d%e0%b0%b0%e0%b0%b5%e0%b0%b0%e0%b0%bf-8-%e0%b0%a8%e0%b1%81%e0%b0%82%e0%b0%a1%e0%b0%bf-17%e0%b0%b5-%e0%b0%a4%e0%b1%87%e0%b0%a6%e0%b1%80-%e0%b0%b5/
2026-02-13,Srivari Annual Brahmotsavams,announced_dates,other_temple,major,ANNUAL BRAHMOTSAVAMS OF SRI KAPILESWARA SWAMY TEMPLE FROM FEBRUARY 8 TO 17,https://news.tirumala.org/%e0%b0%ab%e0%b0%bf%e0%b0%ac%e0%b1%8d%e0%b0%b0%e0%b0%b5%e0%b0%b0%e0%b0%bf-8-%e0%b0%a8%e0%b1%81%e0%b0%82%e0%b0%a1%e0%b0%bf-17%e0%b0%b5-%e0%b0%a4%e0%b1%87%e0%b0%a6%e0%b1%80-%e0%b0%b5/
2026-02-14,Srivari Annual Brahmotsavams,announced_dates,other_temple,major,ANNUAL BRAHMOTSAVAMS OF SRI KAPILESWARA SWAMY TEMPLE FROM FEBRUARY 8 TO 17,https://news.tirumala.org/%e0%b0%ab%e0%b0%bf%e0%b0%ac%e0%b1%8d%e0%b0%b0%e0%b0%b5%e0%b0%b0%e0%b0%bf-8-%e0%b0%a8%e0%b1%81%e0%b0%82%e0%b0%a1%e0%b0%bf-17%e0%b0%b5-%e0%b0%a4%e0%b1%87%e0%b0%a6%e0%b1%80-%e0%b0%b5/
2026-02-15,Srivari Annual Brahmotsavams,announced_dates,other_temple,major,ANNUAL BRAHMOTSAVAMS OF SRI KAPILESWARA SWAMY TEMPLE FROM FEBRUARY 8 TO 17,https://news.tirumala.org/%e0%b0%ab%e0%b0%bf%e0%b0%ac%e0%b1%8d%e0%b0%b0%e0%b0%b5%e0%b0%b0%e0%b0%bf-8-%e0%b0%a8%e0%b1%81%e0%b0%82%e0%b0%a1%e0%b0%bf-17%e0%b0%b5-%e0%b0%a4%e0%b1%87%e0%b0%a6%e0%b1%80-%e0%b0%b5/
2026-02-16,Srivari Annual Brahmotsavams,announced_dates,unspecified,major,ANNUAL BRAHMOTSAVAMS OF SRI VENKATESWARA SWAMY AT TONDAMANPURAM FROM FEBRUARY 16 TO 24,https://news.tirumala.org/%e0%b0%ab%e0%b0%bf%e0%b0%ac%e0%b1%8d%e0%b0%b0%e0%b0%b5%e0%b0%b0%e0%b0%bf-16-%e0%b0%a8%e0%b1%81%e0%b0%82%e0%b0%a1%e0%b0%bf-24%e0%b0%b5-%e0%b0%a4%e0%b1%87%e0%b0%a6%e0%b1%80-%e0%b0%b5/
2026-02-17,Srivari Annual Brahmotsavams,announced_dates,unspecified,major,ANNUAL BRAHMOTSAVAMS OF SRI VENKATESWARA SWAMY AT TONDAMANPURAM FROM FEBRUARY 16 TO 24,https://news.tirumala.org/%e0%b0%ab%e0%b0%bf%e0%b0%ac%e0%b1%8d%e0%b0%b0%e0%b0%b5%e0%b0%b0%e0%b0%bf-16-%e0%b0%a8%e0%b1%81%e0%b0%82%e0%b0%a1%e0%b0%bf-24%e0%b0%b5-%e0%b0%a4%e0%b1%87%e0%b0%a6%e0%b1%80-%e0%b0%b5/
2026-02-18,Srivari Annual Brahmotsavams,announced_dates,unspecified,major,ANNUAL BRAHMOTSAVAMS OF SRI VENKATESWARA SWAMY AT TONDAMANPURAM FROM FEBRUARY 16 TO 24,https://news.tirumala.org/%e0%b0%ab%e0%b0%bf%e0%b0%ac%e0%b1%8d%e0%b0%b0%e0%b0%b5%e0%b0%b0%e0%b0%bf-16-%e0%b0%a8%e0%b1%81%e0%b0%82%e0%b0%a1%e0%b0%bf-24%e0%b0%b5-%e0%b0%a4%e0%b1%87%e0%b0%a6%e0%b1%80-%e0%b0%b5/
2026-02-19,Srivari Annual Brahmotsavams,announced_dates,unspecified,major,ANNUAL BRAHMOTSAVAMS OF SRI VENKATESWARA SWAMY AT TONDAMANPURAM FROM FEBRUARY 16 TO 24,https://news.tirumala.org/%e0%b0%ab%e0%b0%bf%e0%b0%ac%e0%b1%8d%e0%b0%b0%e0%b0%b5%e0%b0%b0%e0%b0%bf-16-%e0%b0%a8%e0%b1%81%e0%b0%82%e0%b0%a1%e0%b0%bf-24%e0%b0%b5-%e0%b0%a4%e0%b1%87%e0%b0%a6%e0%b1%80-%e0%b0%b5/
2026-02-20,Garuda Seva,same_day_report,unspecified,minor,GARUDA VAHANAM HELD AT THONDAMANPURAM,https://news.tirumala.org/garuda-vahanam-held-at-thondamanpuram-_-%e0%b0%a4%e0%b1%8a%e0%b0%82%e0%b0%a1%e0%b0%ae%e0%b0%be%e0%b0%a8%e0%b1%8d-%e0%b0%aa%e0%b1%81%e0%b0%b0%e0%b0%82%e0%b0%b2%e0%b1%8b-%e0%b0%97%e0%b0%b0%e0%b1%81/
2026-02-20,Srivari Annual Brahmotsavams,announced_dates,unspecified,major,ANNUAL BRAHMOTSAVAMS OF SRI VENKATESWARA SWAMY AT TONDAMANPURAM FROM FEBRUARY 16 TO 24,https://news.tirumala.org/%e0%b0%ab%e0%b0%bf%e0%b0%ac%e0%b1%8d%e0%b0%b0%e0%b0%b5%e0%b0%b0%e0%b0%bf-16-%e0%b0%a8%e0%b1%81%e0%b0%82%e0%b0%a1%e0%b0%bf-24%e0%b0%b5-%e0%b0%a4%e0%b1%87%e0%b0%a6%e0%b1%80-%e0%b0%b5/
2026-02-21,Garuda Seva,same_day_report,other_temple,minor,GARUDA VAHANAM HELD AT JUBILEE HILLS SV TEMPLE _ గరుడ వాహనంపై భక్తులను ఆశీర్వదించిన శ్రీవేంకటేశ్వరుడు,https://news.tirumala.org/garuda-vahanam-held-at-jubilee-hills-sv-temple-_-%e0%b0%97%e0%b0%b0%e0%b1%81%e0%b0%a1-%e0%b0%b5%e0%b0%be%e0%b0%b9%e0%b0%a8%e0%b0%82%e0%b0%aa%e0%b1%88-%e0%b0%ad%e0%b0%95%e0%b1%8d%e0%b0%a4%e0%b1%81/
2026-02-21,Srivari Annual Brahmotsavams,same_day_report,unspecified,major,ANNUAL BRAHMOTSAVAMS BEGINS AT MANGALAMPETAANNUAL BRAHMOTSAVAMS BEGINS AT MANGALAMPETA,https://news.tirumala.org/%e0%b0%ae%e0%b0%82%e0%b0%97%e0%b0%b3%e0%b0%82%e0%b0%aa%e0%b1%87%e0%b0%9f%e0%b0%b2%e0%b1%8b-%e0%b0%a7%e0%b1%8d%e0%b0%b5%e0%b0%9c%e0%b0%be%e0%b0%b0%e0%b1%8b%e0%b0%b9%e0%b0%a3%e0%b0%82%e0%b0%a4%e0%b1%8b/
2026-02-22,Srivari Annual Brahmotsavams,announced_dates,unspecified,major,ANNUAL BRAHMOTSAVAMS OF SRI VENKATESWARA SWAMY AT TONDAMANPURAM FROM FEBRUARY 16 TO 24,https://news.tirumala.org/%e0%b0%ab%e0%b0%bf%e0%b0%ac%e0%b1%8d%e0%b0%b0%e0%b0%b5%e0%b0%b0%e0%b0%bf-16-%e0%b0%a8%e0%b1%81%e0%b0%82%e0%b0%a1%e0%b0%bf-24%e0%b0%b5-%e0%b0%a4%e0%b1%87%e0%b0%a6%e0%b1%80-%e0%b0%b5/
2026-02-23,Srivari Annual Brahmotsavams,announced_dates,unspecified,major,ANNUAL BRAHMOTSAVAMS OF SRI VENKATESWARA SWAMY AT TONDAMANPURAM FROM FEBRUARY 16 TO 24,https://news.tirumala.org/%e0%b0%ab%e0%b0%bf%e0%b0%ac%e0%b1%8d%e0%b0%b0%e0%b0%b5%e0%b0%b0%e0%b0%bf-16-%e0%b0%a8%e0%b1%81%e0%b0%82%e0%b0%a1%e0%b0%bf-24%e0%b0%b5-%e0%b0%a4%e0%b1%87%e0%b0%a6%e0%b1%80-%e0%b0%b5/
2026-02-23,Teppotsavam,same_day_report,unspecified,minor,TEPPOTSAVAM TRIAL-RUN HELD AT SWAMY PUSHKARINI,https://news.tirumala.org/%e0%b0%b6%e0%b1%8d%e0%b0%b0%e0%b1%80%e0%b0%b5%e0%b0%be%e0%b0%b0%e0%b0%bf-%e0%b0%aa%e0%b1%81%e0%b0%b7%e0%b1%8d%e0%b0%95%e0%b0%b0%e0%b0%bf%e0%b0%a3%e0%b0%bf%e0%b0%b2%e0%b1%8b-%e0%b0%a4%e0%b1%86%e0%b0%aa/
2026-02-24,Brahmotsavams,same_day_report,unspecified,major,BRAHMOTSAVAMS BEGIN AT PUNGANUR SRI KALYANA VENKATARAMANA SWAMY TEMPLE,https://news.tirumala.org/%e0%b0%a7%e0%b1%8d%e0%b0%b5%e0%b0%9c%e0%b0%be%e0%b0%b0%e0%b1%8b%e0%b0%b9%e0%b0%a3%e0%b0%82%e0%b0%a4%e0%b1%8b-%e0%b0%b5%e0%b1%88%e0%b0%ad%e0%b0%b5%e0%b0%82%e0%b0%97%e0%b0%be-%e0%b0%aa/
2026-02-24,Srivari Annual Brahmotsavams,same_day_report,unspecified,major,ANNUAL BRAHMOTSAVAMS COMMENCE AT TARIGONDA SRI LAKSHMI NARASIMHA SWAMY TEMPLE,https://news.tirumala.org/%e0%b0%a7%e0%b1%8d%e0%b0%b5%e0%b0%9c%e0%b0%be%e0%b0%b0%e0%b1%8b%e0%b0%b9%e0%b0%a3%e0%b0%82%e0%b0%a4%e0%b1%8b-%e0%b0%b5%e0%b1%88%e0%b0%ad%e0%b0%b5%e0%b0%82%e0%b0%97%e0%b0%be-%e0%b0%aa%e0%b1%8d-6/
2026-02-25,Brahmotsavams,announced_dates,unspecified,major,BRAHMOTSAVAMS OF TARIGONDA FROM FEBRUARY 24 TO MARCH 05,https://news.tirumala.org/brahmotsavams-of-tarigonda-from-february-24-to-march-05-_-%e0%b0%ab%e0%b0%bf%e0%b0%ac%e0%b1%8d%e0%b0%b0%e0%b0%b5%e0%b0%b0%e0%b0%bf-23%e0%b0%a8-%e0%b0%a4%e0%b0%b0%e0%b0%bf%e0%b0%97%e0%b1%8a/
2026-02-25,Srivari Annual Brahmotsavams,announced_dates,other_temple,major,ANNUAL BRAHMOTSAVAMS OF SRI VENKATESWARA SWAMY AT JUBILEE HILLS FROM FEBRUARY 17 TO 25,https://news.tirumala.org/annual-brahmotsavams-of-sri-venkateswara-swamy-at-jubilee-hills-from-february-17-to-25-_-%e0%b0%ab%e0%b0%bf%e0%b0%ac%e0%b1%8d%e0%b0%b0%e0%b0%b5%e0%b0%b0%e0%b0%bf-17-%e0%b0%a8%e0%b1%81/
2026-02-26,Brahmotsavams,announced_dates,unspecified,major,BRAHMOTSAVAMS OF TARIGONDA FROM FEBRUARY 24 TO MARCH 05,https://news.tirumala.org/brahmotsavams-of-tarigonda-from-february-24-to-march-05-_-%e0%b0%ab%e0%b0%bf%e0%b0%ac%e0%b1%8d%e0%b0%b0%e0%b0%b5%e0%b0%b0%e0%b0%bf-23%e0%b0%a8-%e0%b0%a4%e0%b0%b0%e0%b0%bf%e0%b0%97%e0%b1%8a/
2026-02-26,Teppotsavam,same_day_report,tirumala,minor,ANNUAL TEPPOTSAVAMS AT TIRUMALA COMMENCES,https://news.tirumala.org/%e0%b0%b6%e0%b1%8d%e0%b0%b0%e0%b1%80%e0%b0%b5%e0%b0%be%e0%b0%b0%e0%b0%bf-%e0%b0%b8%e0%b0%be%e0%b0%b2%e0%b0%95%e0%b0%9f%e0%b1%8d%e0%b0%b2-%e0%b0%a4%e0%b1%86%e0%b0%aa%e0%b1%8d%e0%b0%aa%e0%b1%8b/
2026-02-27,Brahmotsavams,announced_dates,unspecified,major,BRAHMOTSAVAMS OF TARIGONDA FROM FEBRUARY 24 TO MARCH 05,https://news.tirumala.org/brahmotsavams-of-tarigonda-from-february-24-to-march-05-_-%e0%b0%ab%e0%b0%bf%e0%b0%ac%e0%b1%8d%e0%b0%b0%e0%b0%b5%e0%b0%b0%e0%b0%bf-23%e0%b0%a8-%e0%b0%a4%e0%b0%b0%e0%b0%bf%e0%b0%97%e0%b1%8a/
2026-02-27,Teppotsavam,announced_dates,tirumala,minor,ANNUAL TEPPOTSAVAM AT TIRUMALA FROM FEBRUARY 26 TO MARCH 2,https://news.tirumala.org/annual-teppotsavam-at-tirumala-from-february-26-to-march-2-_-%e0%b0%ab%e0%b0%bf%e0%b0%ac%e0%b1%8d%e0%b0%b0%e0%b0%b5%e0%b0%b0%e0%b0%bf-26-%e0%b0%a8%e0%b1%81%e0%b0%82%e0%b0%a1%e0%b0%bf-%e0%b0%ae/
2026-02-28,Brahmotsavams,announced_dates,unspecified,major,BRAHMOTSAVAMS OF TARIGONDA FROM FEBRUARY 24 TO MARCH 05,https://news.tirumala.org/brahmotsavams-of-tarigonda-from-february-24-to-march-05-_-%e0%b0%ab%e0%b0%bf%e0%b0%ac%e0%b1%8d%e0%b0%b0%e0%b0%b5%e0%b0%b0%e0%b0%bf-23%e0%b0%a8-%e0%b0%a4%e0%b0%b0%e0%b0%bf%e0%b0%97%e0%b1%8a/
2026-02-28,Srivari Annual Brahmotsavams,announced_dates,unspecified,major,ANANTAVARAM ANNUAL BRAHMOTSAVAMS FROM FEBRUARY 28 TO MARCH 4,https://news.tirumala.org/%e0%b0%ab%e0%b0%bf%e0%b0%ac%e0%b1%8d%e0%b0%b0%e0%b0%b5%e0%b0%b0%e0%b0%bf-28-%e0%b0%a8%e0%b1%81%e0%b0%82%e0%b0%a1%e0%b0%bf-%e0%b0%ae%e0%b0%be%e0%b0%b0%e0%b1%8d%e0%b0%9a%e0%b0%bf-04-%e0%b0%b5%e0%b0%b0/
2026-02-28,Teppotsavam,announced_dates,tirumala,minor,ANNUAL TEPPOTSAVAM AT TIRUMALA FROM FEBRUARY 26 TO MARCH 2,https://news.tirumala.org/annual-teppotsavam-at-tirumala-from-february-26-to-march-2-_-%e0%b0%ab%e0%b0%bf%e0%b0%ac%e0%b1%8d%e0%b0%b0%e0%b0%b5%e0%b0%b0%e0%b0%bf-26-%e0%b0%a8%e0%b1%81%e0%b0%82%e0%b0%a1%e0%b0%bf-%e0%b0%ae/
2026-03-01,Brahmotsavams,announced_dates,unspecified,major,BRAHMOTSAVAMS OF TARIGONDA FROM FEBRUARY 24 TO MARCH 05,https://news.tirumala.org/brahmotsavams-of-tarigonda-from-february-24-to-march-05-_-%e0%b0%ab%e0%b0%bf%e0%b0%ac%e0%b1%8d%e0%b0%b0%e0%b0%b5%e0%b0%b0%e0%b0%bf-23%e0%b0%a8-%e0%b0%a4%e0%b0%b0%e0%b0%bf%e0%b0%97%e0%b1%8a/
2026-03-01,Srivari Annual Brahmotsavams,announced_dates,unspecified,major,ANANTAVARAM ANNUAL BRAHMOTSAVAMS FROM FEBRUARY 28 TO MARCH 4,https://news.tirumala.org/%e0%b0%ab%e0%b0%bf%e0%b0%ac%e0%b1%8d%e0%b0%b0%e0%b0%b5%e0%b0%b0%e0%b0%bf-28-%e0%b0%a8%e0%b1%81%e0%b0%82%e0%b0%a1%e0%b0%bf-%e0%b0%ae%e0%b0%be%e0%b0%b0%e0%b1%8d%e0%b0%9a%e0%b0%bf-04-%e0%b0%b5%e0%b0%b0/
2026-03-01,Teppotsavam,announced_dates,tirumala,minor,ANNUAL TEPPOTSAVAM AT TIRUMALA FROM FEBRUARY 26 TO MARCH 2,https://news.tirumala.org/annual-teppotsavam-at-tirumala-from-february-26-to-march-2-_-%e0%b0%ab%e0%b0%bf%e0%b0%ac%e0%b1%8d%e0%b0%b0%e0%b0%b5%e0%b0%b0%e0%b0%bf-26-%e0%b0%a8%e0%b1%81%e0%b0%82%e0%b0%a1%e0%b0%bf-%e0%b0%ae/
2026-03-02,Brahmotsavams,announced_dates,unspecified,major,BRAHMOTSAVAMS OF TARIGONDA FROM FEBRUARY 24 TO MARCH 05,https://news.tirumala.org/brahmotsavams-of-tarigonda-from-february-24-to-march-05-_-%e0%b0%ab%e0%b0%bf%e0%b0%ac%e0%b1%8d%e0%b0%b0%e0%b0%b5%e0%b0%b0%e0%b0%bf-23%e0%b0%a8-%e0%b0%a4%e0%b0%b0%e0%b0%bf%e0%b0%97%e0%b1%8a/
2026-03-02,Srivari Annual Brahmotsavams,announced_dates,unspecified,major,ANANTAVARAM ANNUAL BRAHMOTSAVAMS FROM FEBRUARY 28 TO MARCH 4,https://news.tirumala.org/%e0%b0%ab%e0%b0%bf%e0%b0%ac%e0%b1%8d%e0%b0%b0%e0%b0%b5%e0%b0%b0%e0%b0%bf-28-%e0%b0%a8%e0%b1%81%e0%b0%82%e0%b0%a1%e0%b0%bf-%e0%b0%ae%e0%b0%be%e0%b0%b0%e0%b1%8d%e0%b0%9a%e0%b0%bf-04-%e0%b0%b5%e0%b0%b0/
2026-03-02,Teppotsavam,same_day_report,tirumala,minor,SRIVARI ANNUAL TEPPOTSAVAMS CONCLUDES,https://news.tirumala.org/%e0%b0%98%e0%b0%a8%e0%b0%82%e0%b0%97%e0%b0%be-%e0%b0%ae%e0%b1%81%e0%b0%97%e0%b0%bf%e0%b0%b8%e0%b0%bf%e0%b0%a8-%e0%b0%b6%e0%b1%8d%e0%b0%b0%e0%b1%80%e0%b0%b5%e0%b0%be%e0%b0%b0%e0%b0%bf-%e0%b0%a4/
2026-03-03,Brahmotsavams,announced_dates,unspecified,major,BRAHMOTSAVAMS OF TARIGONDA FROM FEBRUARY 24 TO MARCH 05,https://news.tirumala.org/brahmotsavams-of-tarigonda-from-february-24-to-march-05-_-%e0%b0%ab%e0%b0%bf%e0%b0%ac%e0%b1%8d%e0%b0%b0%e0%b0%b5%e0%b0%b0%e0%b0%bf-23%e0%b0%a8-%e0%b0%a4%e0%b0%b0%e0%b0%bf%e0%b0%97%e0%b1%8a/
2026-03-03,Srivari Annual Brahmotsavams,announced_dates,unspecified,major,ANANTAVARAM ANNUAL BRAHMOTSAVAMS FROM FEBRUARY 28 TO MARCH 4,https://news.tirumala.org/%e0%b0%ab%e0%b0%bf%e0%b0%ac%e0%b1%8d%e0%b0%b0%e0%b0%b5%e0%b0%b0%e0%b0%bf-28-%e0%b0%a8%e0%b1%81%e0%b0%82%e0%b0%a1%e0%b0%bf-%e0%b0%ae%e0%b0%be%e0%b0%b0%e0%b1%8d%e0%b0%9a%e0%b0%bf-04-%e0%b0%b5%e0%b0%b0/
2026-03-04,Brahmotsavams,announced_dates,unspecified,major,BRAHMOTSAVAMS OF TARIGONDA FROM FEBRUARY 24 TO MARCH 05,https://news.tirumala.org/brahmotsavams-of-tarigonda-from-february-24-to-march-05-_-%e0%b0%ab%e0%b0%bf%e0%b0%ac%e0%b1%8d%e0%b0%b0%e0%b0%b5%e0%b0%b0%e0%b0%bf-23%e0%b0%a8-%e0%b0%a4%e0%b0%b0%e0%b0%bf%e0%b0%97%e0%b1%8a/
2026-03-04,Srivari Annual Brahmotsavams,announced_dates,unspecified,major,ANANTAVARAM ANNUAL BRAHMOTSAVAMS FROM FEBRUARY 28 TO MARCH 4,https://news.tirumala.org/%e0%b0%ab%e0%b0%bf%e0%b0%ac%e0%b1%8d%e0%b0%b0%e0%b0%b5%e0%b0%b0%e0%b0%bf-28-%e0%b0%a8%e0%b1%81%e0%b0%82%e0%b0%a1%e0%b0%bf-%e0%b0%ae%e0%b0%be%e0%b0%b0%e0%b1%8d%e0%b0%9a%e0%b0%bf-04-%e0%b0%b5%e0%b0%b0/
2026-03-05,Brahmotsavams,announced_dates,unspecified,major,BRAHMOTSAVAMS OF TARIGONDA FROM FEBRUARY 24 TO MARCH 05,https://news.tirumala.org/brahmotsavams-of-tarigonda-from-february-24-to-march-05-_-%e0%b0%ab%e0%b0%bf%e0%b0%ac%e0%b1%8d%e0%b0%b0%e0%b0%b5%e0%b0%b0%e0%b0%bf-23%e0%b0%a8-%e0%b0%a4%e0%b0%b0%e0%b0%bf%e0%b0%97%e0%b1%8a/
2026-03-16,Brahmotsavams,same_day_report,other_temple,major,ANKURARPANAM PERFORMED IN SRI KODANDARAMA SWAMY BRAHMOTSAVAMS,https://news.tirumala.org/ankurarpanam-performed-in-sri-kodandarama-swamy-brahmotsavams-_-%e0%b0%b6%e0%b1%8d%e0%b0%b0%e0%b1%80-%e0%b0%95%e0%b1%8b%e0%b0%a6%e0%b0%82%e0%b0%a1%e0%b0%b0%e0%b0%be%e0%b0%ae%e0%b0%b8%e0%b1%8d%e0%b0%b5/
2026-03-17,Brahmotsavams,same_day_report,other_temple,major,SRI KODANDARAMA SWAMY TEMPLE BRAHMOTSAVAM BEGIN WITH FLAG HOISTING CEREMONY,https://news.tirumala.org/%e0%b0%a7%e0%b1%8d%e0%b0%b5%e0%b0%9c%e0%b0%be%e0%b0%b0%e0%b1%8b%e0%b0%b9%e0%b0%a3%e0%b0%82%e0%b0%a4%e0%b1%8b-%e0%b0%aa%e0%b1%8d%e0%b0%b0%e0%b0%be%e0%b0%b0%e0%b0%82%e0%b0%ad%e0%b0%ae%e0%b1%88-3/
2026-03-17,Srivari Annual Brahmotsavams,announced_dates,other_temple,major,ANNUAL BRAHMOTSAVAMS OF SRI KODANDARAMA SWAMY TEMPLE FROM MARCH 17 TO MARCH 25,https://news.tirumala.org/annual-brahmotsavams-of-sri-kodandarama-swamy-temple-from-march-17-to-march-25-_-%e0%b0%ae%e0%b0%be%e0%b0%b0%e0%b1%8d%e0%b0%9a%e0%b0%bf-17-%e0%b0%a8%e0%b1%81%e0%b0%82%e0%b0%a1%e0%b0%bf-25%e0%b0%b5/
2026-03-18,Srivari Annual Brahmotsavams,announced_dates,other_temple,major,ANNUAL BRAHMOTSAVAMS OF SRI KODANDARAMA SWAMY TEMPLE FROM MARCH 17 TO MARCH 25,https://news.tirumala.org/annual-brahmotsavams-of-sri-kodandarama-swamy-temple-from-march-17-to-march-25-_-%e0%b0%ae%e0%b0%be%e0%b0%b0%e0%b1%8d%e0%b0%9a%e0%b0%bf-17-%e0%b0%a8%e0%b1%81%e0%b0%82%e0%b0%a1%e0%b0%bf-25%e0%b0%b5/
2026-03-19,Srivari Annual Brahmotsavams,announced_dates,other_temple,major,ANNUAL BRAHMOTSAVAMS OF SRI KODANDARAMA SWAMY TEMPLE FROM MARCH 17 TO MARCH 25,https://news.tirumala.org/annual-brahmotsavams-of-sri-kodandarama-swamy-temple-from-march-17-to-march-25-_-%e0%b0%ae%e0%b0%be%e0%b0%b0%e0%b1%8d%e0%b0%9a%e0%b0%bf-17-%e0%b0%a8%e0%b1%81%e0%b0%82%e0%b0%a1%e0%b0%bf-25%e0%b0%b5/
2026-03-19,Ugadi,same_day_report,unspecified,major,GRAND UGADI CELEBRATIONS IN TTD SUB-TEMPLES,https://news.tirumala.org/grand-ugadi-celebrations-in-ttd-sub-temples-_-%e0%b0%9f%e0%b0%bf%e0%b0%9f%e0%b0%bf%e0%b0%a1%e0%b0%bf-%e0%b0%85%e0%b0%a8%e0%b1%81%e0%b0%ac%e0%b0%82%e0%b0%a7-%e0%b0%86%e0%b0%b2%e0%b0%af%e0%b0%be/
2026-03-20,Srivari Annual Brahmotsavams,announced_dates,other_temple,major,ANNUAL BRAHMOTSAVAMS OF SRI KODANDARAMA SWAMY TEMPLE FROM MARCH 17 TO MARCH 25,https://news.tirumala.org/annual-brahmotsavams-of-sri-kodandarama-swamy-temple-from-march-17-to-march-25-_-%e0%b0%ae%e0%b0%be%e0%b0%b0%e0%b1%8d%e0%b0%9a%e0%b0%bf-17-%e0%b0%a8%e0%b1%81%e0%b0%82%e0%b0%a1%e0%b0%bf-25%e0%b0%b5/
2026-03-21,Srivari Annual Brahmotsavams,announced_dates,other_temple,major,ANNUAL BRAHMOTSAVAMS OF SRI KODANDARAMA SWAMY TEMPLE FROM MARCH 17 TO MARCH 25,https://news.tirumala.org/annual-brahmotsavams-of-sri-kodandarama-swamy-temple-from-march-17-to-march-25-_-%e0%b0%ae%e0%b0%be%e0%b0%b0%e0%b1%8d%e0%b0%9a%e0%b0%bf-17-%e0%b0%a8%e0%b1%81%e0%b0%82%e0%b0%a1%e0%b0%bf-25%e0%b0%b5/
2026-03-22,Srivari Annual Brahmotsavams,announced_dates,other_temple,major,ANNUAL BRAHMOTSAVAMS OF SRI KODANDARAMA SWAMY TEMPLE FROM MARCH 17 TO MARCH 25,https://news.tirumala.org/annual-brahmotsavams-of-sri-kodandarama-swamy-temple-from-march-17-to-march-25-_-%e0%b0%ae%e0%b0%be%e0%b0%b0%e0%b1%8d%e0%b0%9a%e0%b0%bf-17-%e0%b0%a8%e0%b1%81%e0%b0%82%e0%b0%a1%e0%b0%bf-25%e0%b0%b5/
2026-03-23,Srivari Annual Brahmotsavams,announced_dates,other_temple,major,ANNUAL BRAHMOTSAVAMS OF SRI PATTABHIRAMA SWAMY AT VALMIKIPURAM FROM MARCH 23 TO APRIL 02,https://news.tirumala.org/annual-brahmotsavams-of-sri-pattabhirama-swamy-at-valmikipuram-from-march-23-to-april-02-_-%e0%b0%ae%e0%b0%be%e0%b0%b0%e0%b1%8d%e0%b0%9a%e0%b0%bf-23-%e0%b0%a8%e0%b1%81%e0%b0%82%e0%b0%a1%e0%b0%bf/
2026-03-24,Srivari Annual Brahmotsavams,same_day_report,unspecified,major,ANNUAL BRAHMOTSAVAMS OF SRI PATTABHIRAMA SWAMY BEGINS WITH DHWAJAROHANAM,https://news.tirumala.org/annual-brahmotsavams-of-sri-pattabhirama-swamy-begins-with-dhwajarohanam-_-%e0%b0%a7%e0%b1%8d%e0%b0%b5%e0%b0%9c%e0%b0%be%e0%b0%b0%e0%b1%8b%e0%b0%b9%e0%b0%a3%e0%b0%82%e0%b0%a4%e0%b1%8b-%e0%b0%aa/
2026-03-24,Teppotsavam,announced_dates,unspecified,minor,SRI VEDANARAYANA SWAMY SURYA PUJA AND TEPPOTSAVAMS FROM MARCH 24 TO 28,https://news.tirumala.org/%e0%b0%ae%e0%b0%be%e0%b0%b0%e0%b1%8d%e0%b0%9a%e0%b0%bf-24-%e0%b0%a8%e0%b1%81%e0%b0%82%e0%b0%a1%e0%b0%bf-28%e0%b0%b5-%e0%b0%a4%e0%b1%87%e0%b0%a6%e0%b1%80-%e0%b0%b5%e0%b0%b0%e0%b0%95%e0%b1%81-%e0%b0%b6/
2026-03-25,Brahmotsavams,same_day_report,other_temple,major,SRI KODANDARAMA SWAMY BRAHMOTSAVAMS CONCLUDE WITH DHWAJAVAROHANAM,https://news.tirumala.org/sri-kodandarama-swamy-brahmotsavams-conclude-with-dhwajavarohanam-_-%e0%b0%a7%e0%b1%8d%e0%b0%b5%e0%b0%9c%e0%b0%be%e0%b0%b5%e0%b0%b0%e0%b1%8b%e0%b0%b9%e0%b0%a3%e0%b0%82%e0%b0%a4%e0%b1%8b-%e0%b0%ae/
2026-03-25,Srivari Annual Brahmotsavams,announced_dates,other_temple,major,ANNUAL BRAHMOTSAVAMS OF SRI PATTABHIRAMA SWAMY AT VALMIKIPURAM FROM MARCH 23 TO APRIL 02,https://news.tirumala.org/annual-brahmotsavams-of-sri-pattabhirama-swamy-at-valmikipuram-from-march-23-to-april-02-_-%e0%b0%ae%e0%b0%be%e0%b0%b0%e0%b1%8d%e0%b0%9a%e0%b0%bf-23-%e0%b0%a8%e0%b1%81%e0%b0%82%e0%b0%a1%e0%b0%bf/
2026-03-25,Teppotsavam,announced_dates,unspecified,minor,SRI VEDANARAYANA SWAMY SURYA PUJA AND TEPPOTSAVAMS FROM MARCH 24 TO 28,https://news.tirumala.org/%e0%b0%ae%e0%b0%be%e0%b0%b0%e0%b1%8d%e0%b0%9a%e0%b0%bf-24-%e0%b0%a8%e0%b1%81%e0%b0%82%e0%b0%a1%e0%b0%bf-28%e0%b0%b5-%e0%b0%a4%e0%b1%87%e0%b0%a6%e0%b1%80-%e0%b0%b5%e0%b0%b0%e0%b0%95%e0%b1%81-%e0%b0%b6/
2026-03-26,Brahmotsavams,same_day_report,other_temple,major,ANKURARPANAM PERFORMED AMID VEDIC CHANTS FOR SRI KODANDARAMA SWAMY BRAHMOTSAVAMS AT VONTIMITTA,https://news.tirumala.org/ankurarpanam-performed-amid-vedic-chants-for-sri-kodandarama-swamy-brahmotsavams-at-vontimitta-_-%e0%b0%b5%e0%b1%87%e0%b0%a6%e0%b0%ae%e0%b0%82%e0%b0%a4%e0%b1%8d%e0%b0%b0%e0%b0%be%e0%b0%b2-%e0%b0%a8/
2026-03-26,Srivari Annual Brahmotsavams,announced_dates,other_temple,major,ANNUAL BRAHMOTSAVAMS OF SRI PATTABHIRAMA SWAMY AT VALMIKIPURAM FROM MARCH 23 TO APRIL 02,https://news.tirumala.org/annual-brahmotsavams-of-sri-pattabhirama-swamy-at-valmikipuram-from-march-23-to-april-02-_-%e0%b0%ae%e0%b0%be%e0%b0%b0%e0%b1%8d%e0%b0%9a%e0%b0%bf-23-%e0%b0%a8%e0%b1%81%e0%b0%82%e0%b0%a1%e0%b0%bf/
2026-03-26,Teppotsavam,announced_dates,unspecified,minor,SRI VEDANARAYANA SWAMY SURYA PUJA AND TEPPOTSAVAMS FROM MARCH 24 TO 28,https://news.tirumala.org/%e0%b0%ae%e0%b0%be%e0%b0%b0%e0%b1%8d%e0%b0%9a%e0%b0%bf-24-%e0%b0%a8%e0%b1%81%e0%b0%82%e0%b0%a1%e0%b0%bf-28%e0%b0%b5-%e0%b0%a4%e0%b1%87%e0%b0%a6%e0%b1%80-%e0%b0%b5%e0%b0%b0%e0%b0%95%e0%b1%81-%e0%b0%b6/
2026-03-27,Brahmotsavams,same_day_report,other_temple,major,SRI KODANDARAMA SWAMY SRI RAMA NAVAMI BRAHMOTSAVAMS BEGIN GRANDLY WITH DHWAJAROHANAM,https://news.tirumala.org/%e0%b0%a7%e0%b1%8d%e0%b0%b5%e0%b0%9c%e0%b0%be%e0%b0%b0%e0%b1%8b%e0%b0%b9%e0%b0%a3%e0%b0%82%e0%b0%a4%e0%b1%8b-%e0%b0%b5%e0%b1%88%e0%b0%ad%e0%b0%b5%e0%b0%82%e0%b0%97%e0%b0%be-%e0%b0%92%e0%b0%82%e0%b0%9f/
2026-03-27,Sri Rama Navami,announced_dates,other_temple,major,SRI RAMANAVAMI UTSAVAMS FROM MARCH 27 TO 29 AT SRI KODANDARAMA SWAMY TEMPLE,https://news.tirumala.org/sri-ramanavami-utsavams-from-march-27-to-29-at-sri-kodandarama-swamy-temple-_-%e0%b0%ae%e0%b0%be%e0%b0%b0%e0%b1%8d%e0%b0%9a%e0%b0%bf-27-%e0%b0%a8%e0%b1%81%e0%b0%82%e0%b0%a1%e0%b0%bf-29%e0%b0%b5/
2026-03-27,Srivari Annual Brahmotsavams,announced_dates,other_temple,major,ANNUAL BRAHMOTSAVAMS OF SRI PATTABHIRAMA SWAMY AT VALMIKIPURAM FROM MARCH 23 TO APRIL 02,https://news.tirumala.org/annual-brahmotsavams-of-sri-pattabhirama-swamy-at-valmikipuram-from-march-23-to-april-02-_-%e0%b0%ae%e0%b0%be%e0%b0%b0%e0%b1%8d%e0%b0%9a%e0%b0%bf-23-%e0%b0%a8%e0%b1%81%e0%b0%82%e0%b0%a1%e0%b0%bf/
2026-03-27,Teppotsavam,announced_dates,unspecified,minor,SRI VEDANARAYANA SWAMY SURYA PUJA AND TEPPOTSAVAMS FROM MARCH 24 TO 28,https://news.tirumala.org/%e0%b0%ae%e0%b0%be%e0%b0%b0%e0%b1%8d%e0%b0%9a%e0%b0%bf-24-%e0%b0%a8%e0%b1%81%e0%b0%82%e0%b0%a1%e0%b0%bf-28%e0%b0%b5-%e0%b0%a4%e0%b1%87%e0%b0%a6%e0%b1%80-%e0%b0%b5%e0%b0%b0%e0%b0%95%e0%b1%81-%e0%b0%b6/
2026-03-28,Brahmotsavams,same_day_report,unspecified,major,CHANDRAGIRI SRI KODANDRAMA SWAMY TEMPLE BRAHMOTSAVAMS BEGINS WITH DWAJAROHANAM,https://news.tirumala.org/%e0%b0%a7%e0%b1%8d%e0%b0%b5%e0%b0%9c%e0%b0%be%e0%b0%b0%e0%b1%8b%e0%b0%b9%e0%b0%a3%e0%b0%82%e0%b0%a4%e0%b1%8b-%e0%b0%b5%e0%b1%88%e0%b0%ad%e0%b0%b5%e0%b0%82%e0%b0%97%e0%b0%be-3/
2026-03-28,Sri Rama Navami,announced_dates,other_temple,major,SRI RAMANAVAMI UTSAVAMS FROM MARCH 27 TO 29 AT SRI KODANDARAMA SWAMY TEMPLE,https://news.tirumala.org/sri-ramanavami-utsavams-from-march-27-to-29-at-sri-kodandarama-swamy-temple-_-%e0%b0%ae%e0%b0%be%e0%b0%b0%e0%b1%8d%e0%b0%9a%e0%b0%bf-27-%e0%b0%a8%e0%b1%81%e0%b0%82%e0%b0%a1%e0%b0%bf-29%e0%b0%b5/
2026-03-28,Srivari Annual Brahmotsavams,announced_dates,other_temple,major,ANNUAL BRAHMOTSAVAMS OF SRI PATTABHIRAMA SWAMY AT VALMIKIPURAM FROM MARCH 23 TO APRIL 02,https://news.tirumala.org/annual-brahmotsavams-of-sri-pattabhirama-swamy-at-valmikipuram-from-march-23-to-april-02-_-%e0%b0%ae%e0%b0%be%e0%b0%b0%e0%b1%8d%e0%b0%9a%e0%b0%bf-23-%e0%b0%a8%e0%b1%81%e0%b0%82%e0%b0%a1%e0%b0%bf/
2026-03-28,Teppotsavam,announced_dates,unspecified,minor,SRI VEDANARAYANA SWAMY SURYA PUJA AND TEPPOTSAVAMS FROM MARCH 24 TO 28,https://news.tirumala.org/%e0%b0%ae%e0%b0%be%e0%b0%b0%e0%b1%8d%e0%b0%9a%e0%b0%bf-24-%e0%b0%a8%e0%b1%81%e0%b0%82%e0%b0%a1%e0%b0%bf-28%e0%b0%b5-%e0%b0%a4%e0%b1%87%e0%b0%a6%e0%b1%80-%e0%b0%b5%e0%b0%b0%e0%b0%95%e0%b1%81-%e0%b0%b6/
2026-03-29,Sri Rama Navami,announced_dates,other_temple,major,SRI RAMANAVAMI UTSAVAMS FROM MARCH 27 TO 29 AT SRI KODANDARAMA SWAMY TEMPLE,https://news.tirumala.org/sri-ramanavami-utsavams-from-march-27-to-29-at-sri-kodandarama-swamy-temple-_-%e0%b0%ae%e0%b0%be%e0%b0%b0%e0%b1%8d%e0%b0%9a%e0%b0%bf-27-%e0%b0%a8%e0%b1%81%e0%b0%82%e0%b0%a1%e0%b0%bf-29%e0%b0%b5/
2026-03-29,Srivari Annual Brahmotsavams,announced_dates,other_temple,major,ANNUAL BRAHMOTSAVAMS OF SRI PATTABHIRAMA SWAMY AT VALMIKIPURAM FROM MARCH 23 TO APRIL 02,https://news.tirumala.org/annual-brahmotsavams-of-sri-pattabhirama-swamy-at-valmikipuram-from-march-23-to-april-02-_-%e0%b0%ae%e0%b0%be%e0%b0%b0%e0%b1%8d%e0%b0%9a%e0%b0%bf-23-%e0%b0%a8%e0%b1%81%e0%b0%82%e0%b0%a1%e0%b0%bf/
2026-03-30,Srivari Annual Brahmotsavams,announced_dates,other_temple,major,ANNUAL BRAHMOTSAVAMS OF SRI PATTABHIRAMA SWAMY AT VALMIKIPURAM FROM MARCH 23 TO APRIL 02,https://news.tirumala.org/annual-brahmotsavams-of-sri-pattabhirama-swamy-at-valmikipuram-from-march-23-to-april-02-_-%e0%b0%ae%e0%b0%be%e0%b0%b0%e0%b1%8d%e0%b0%9a%e0%b0%bf-23-%e0%b0%a8%e0%b1%81%e0%b0%82%e0%b0%a1%e0%b0%bf/
2026-03-30,Vasanthotsavam,same_day_report,tirumala,minor,SRIVARI VASANTHOTSAVAM BEGINS IN A GRAND STYLE,https://news.tirumala.org/srivari-vasanthotsavam-begins-in-a-grand-style-_-%e0%b0%b5%e0%b1%88%e0%b0%ad%e0%b0%b5%e0%b0%82%e0%b0%97%e0%b0%be-%e0%b0%b6%e0%b1%8d%e0%b0%b0%e0%b1%80%e0%b0%b5%e0%b0%be%e0%b0%b0%e0%b0%bf-%e0%b0%b5-2/
2026-03-31,Srivari Annual Brahmotsavams,announced_dates,other_temple,major,ANNUAL BRAHMOTSAVAMS OF SRI PATTABHIRAMA SWAMY AT VALMIKIPURAM FROM MARCH 23 TO APRIL 02,https://news.tirumala.org/annual-brahmotsavams-of-sri-pattabhirama-swamy-at-valmikipuram-from-march-23-to-april-02-_-%e0%b0%ae%e0%b0%be%e0%b0%b0%e0%b1%8d%e0%b0%9a%e0%b0%bf-23-%e0%b0%a8%e0%b1%81%e0%b0%82%e0%b0%a1%e0%b0%bf/
2026-04-01,Srivari Annual Brahmotsavams,announced_dates,other_temple,major,ANNUAL BRAHMOTSAVAMS OF SRI PATTABHIRAMA SWAMY AT VALMIKIPURAM FROM MARCH 23 TO APRIL 02,https://news.tirumala.org/annual-brahmotsavams-of-sri-pattabhirama-swamy-at-valmikipuram-from-march-23-to-april-02-_-%e0%b0%ae%e0%b0%be%e0%b0%b0%e0%b1%8d%e0%b0%9a%e0%b0%bf-23-%e0%b0%a8%e0%b1%81%e0%b0%82%e0%b0%a1%e0%b0%bf/
2026-04-01,Teppotsavam,same_day_report,other_temple,minor,SRI KODANDARAMA TEPPOTSAVAM CONCLUDES GRANDLY,https://news.tirumala.org/%e0%b0%98%e0%b0%a8%e0%b0%82%e0%b0%97%e0%b0%be-%e0%b0%ae%e0%b1%81%e0%b0%97%e0%b0%bf%e0%b0%b8%e0%b0%bf%e0%b0%a8-%e0%b0%b6%e0%b1%8d%e0%b0%b0%e0%b1%80-%e0%b0%95%e0%b1%8b%e0%b0%a6%e0%b0%82/
2026-04-01,Vasanthotsavam,same_day_report,unspecified,minor,VASANTHOTSAVAMS CONCLUDES,https://news.tirumala.org/vasanthotsavams-concludes-_-%e0%b0%b5%e0%b1%88%e0%b0%ad%e0%b0%b5%e0%b0%82%e0%b0%97%e0%b0%be-%e0%b0%ae%e0%b1%81%e0%b0%97%e0%b0%bf%e0%b0%b8%e0%b0%bf%e0%b0%a8-%e0%b0%b6%e0%b1%8d%e0%b0%b0%e0%b1%80-2/
2026-04-02,Srivari Annual Brahmotsavams,announced_dates,other_temple,major,ANNUAL BRAHMOTSAVAMS OF SRI PATTABHIRAMA SWAMY AT VALMIKIPURAM FROM MARCH 23 TO APRIL 02,https://news.tirumala.org/annual-brahmotsavams-of-sri-pattabhirama-swamy-at-valmikipuram-from-march-23-to-april-02-_-%e0%b0%ae%e0%b0%be%e0%b0%b0%e0%b1%8d%e0%b0%9a%e0%b0%bf-23-%e0%b0%a8%e0%b1%81%e0%b0%82%e0%b0%a1%e0%b0%bf/
2026-04-03,Srivari Annual Brahmotsavams,announced_dates,other_temple,major,"ANNUAL BRAHMOTSAVAMS OF SRI KODANDARAMA SWAMY TEMPLE, VONTIMITTA FROM MARCH 26 TO APRIL 05",https://news.tirumala.org/annual-brahmotsavams-of-sri-kodandarama-swamy-temple-vontimitta-from-march-26-to-april-05-_-%e0%b0%ae%e0%b0%be%e0%b0%b0%e0%b1%8d%e0%b0%9a%e0%b0%bf-26-%e0%b0%a8%e0%b1%81%e0%b0%82%e0%b0%a1%e0%b0%bf/
2026-04-04,Brahmotsavams,same_day_report,other_temple,major,SRI KODANDARAMA SWAMY BRAHMOTSAVAMS CONCLUDE WITH DHWAJAVAROHANAM,https://news.tirumala.org/sri-kodandarama-swamy-brahmotsavams-conclude-with-dhwajavarohanam-_-%e0%b0%a7%e0%b1%8d%e0%b0%b5%e0%b0%9c%e0%b0%be%e0%b0%b5%e0%b0%b0%e0%b1%8b%e0%b0%b9%e0%b0%a3%e0%b0%82%e0%b0%a4%e0%b1%8b-%e0%b0%ae-2/
2026-04-04,Srivari Annual Brahmotsavams,announced_dates,other_temple,major,"ANNUAL BRAHMOTSAVAMS OF SRI KODANDARAMA SWAMY TEMPLE, VONTIMITTA FROM MARCH 26 TO APRIL 05",https://news.tirumala.org/annual-brahmotsavams-of-sri-kodandarama-swamy-temple-vontimitta-from-march-26-to-april-05-_-%e0%b0%ae%e0%b0%be%e0%b0%b0%e0%b1%8d%e0%b0%9a%e0%b0%bf-26-%e0%b0%a8%e0%b1%81%e0%b0%82%e0%b0%a1%e0%b0%bf/
2026-04-05,Srivari Annual Brahmotsavams,announced_dates,other_temple,major,"ANNUAL BRAHMOTSAVAMS OF SRI KODANDARAMA SWAMY TEMPLE, VONTIMITTA FROM MARCH 26 TO APRIL 05",https://news.tirumala.org/annual-brahmotsavams-of-sri-kodandarama-swamy-temple-vontimitta-from-march-26-to-april-05-_-%e0%b0%ae%e0%b0%be%e0%b0%b0%e0%b1%8d%e0%b0%9a%e0%b0%bf-26-%e0%b0%a8%e0%b1%81%e0%b0%82%e0%b0%a1%e0%b0%bf/
2026-04-15,Brahmotsavams,same_day_report,unspecified,major,GRAND CELEBRATION OF SRI VEDANARAYANA SWAMY TEMPLE BRAHMOTSAVAMS,https://news.tirumala.org/grand-celebration-of-sri-vedanarayana-swamy-temple-brahmotsavams-_-%e0%b0%85%e0%b0%82%e0%b0%97%e0%b0%b0%e0%b0%82%e0%b0%97-%e0%b0%b5%e0%b1%88%e0%b0%ad%e0%b0%b5%e0%b0%82%e0%b0%97%e0%b0%be-%e0%b0%b6/
2026-04-21,Srivari Annual Brahmotsavams,same_day_report,unspecified,major,ANNUAL BRAHMOTSAVAMS OF RI AGASTHEESWARA SWAMY BEGIN GRANDLY WITH DWAJAROHANAM,https://news.tirumala.org/annual-brahmotsavams-of-ri-agastheeswara-swamy-begin-grandly-with-dwajarohanam-_-%e0%b0%a7%e0%b1%8d%e0%b0%b5%e0%b0%9c%e0%b0%be%e0%b0%b0%e0%b1%8b%e0%b0%b9%e0%b0%a3%e0%b0%82%e0%b0%a4%e0%b1%8b-%e0%b0%b5/
2026-04-22,Srivari Annual Brahmotsavams,announced_dates,unspecified,major,SRI AGASTHEESWARA SWAMY ANNUAL BRAHMOTSAVAMS FROM APRIL 21-30,https://news.tirumala.org/sri-agastheeswara-swamy-annual-brahmotsavams-from-april-21-30-_-%e0%b0%8f%e0%b0%aa%e0%b1%8d%e0%b0%b0%e0%b0%bf%e0%b0%b2%e0%b1%8d-21-30-%e0%b0%b5%e0%b0%b0%e0%b0%95%e0%b1%81-%e0%b0%b6%e0%b1%8d/
2026-04-23,Srivari Annual Brahmotsavams,announced_dates,unspecified,major,SRI AGASTHEESWARA SWAMY ANNUAL BRAHMOTSAVAMS FROM APRIL 21-30,https://news.tirumala.org/sri-agastheeswara-swamy-annual-brahmotsavams-from-april-21-30-_-%e0%b0%8f%e0%b0%aa%e0%b1%8d%e0%b0%b0%e0%b0%bf%e0%b0%b2%e0%b1%8d-21-30-%e0%b0%b5%e0%b0%b0%e0%b0%95%e0%b1%81-%e0%b0%b6%e0%b1%8d/
2026-04-24,Srivari Annual Brahmotsavams,same_day_report,unspecified,major,ANNUAL BRAHMOTSAVAMS OF SRI KONETIRAYA SWAMY BEGIN WITH DWAJAROHANAM AT KEELAPATLA,https://news.tirumala.org/annual-brahmotsavams-of-sri-konetiraya-swamy-begin-with-dwajarohanam-at-keelapatla-_-%e0%b0%a7%e0%b1%8d%e0%b0%b5%e0%b0%9c%e0%b0%be%e0%b0%b0%e0%b1%8b%e0%b0%b9%e0%b0%a3%e0%b0%82%e0%b0%a4%e0%b1%8b/
2026-04-25,Srivari Annual Brahmotsavams,announced_dates,unspecified,major,SRI AGASTHEESWARA SWAMY ANNUAL BRAHMOTSAVAMS FROM APRIL 21-30,https://news.tirumala.org/sri-agastheeswara-swamy-annual-brahmotsavams-from-april-21-30-_-%e0%b0%8f%e0%b0%aa%e0%b1%8d%e0%b0%b0%e0%b0%bf%e0%b0%b2%e0%b1%8d-21-30-%e0%b0%b5%e0%b0%b0%e0%b0%95%e0%b1%81-%e0%b0%b6%e0%b1%8d/
2026-04-26,Srivari Annual Brahmotsavams,announced_dates,unspecified,major,SRI AGASTHEESWARA SWAMY ANNUAL BRAHMOTSAVAMS FROM APRIL 21-30,https://news.tirumala.org/sri-agastheeswara-swamy-annual-brahmotsavams-from-april-21-30-_-%e0%b0%8f%e0%b0%aa%e0%b1%8d%e0%b0%b0%e0%b0%bf%e0%b0%b2%e0%b1%8d-21-30-%e0%b0%b5%e0%b0%b0%e0%b0%95%e0%b1%81-%e0%b0%b6%e0%b1%8d/
2026-04-27,Srivari Annual Brahmotsavams,announced_dates,unspecified,major,SRI AGASTHEESWARA SWAMY ANNUAL BRAHMOTSAVAMS FROM APRIL 21-30,https://news.tirumala.org/sri-agastheeswara-swamy-annual-brahmotsavams-from-april-21-30-_-%e0%b0%8f%e0%b0%aa%e0%b1%8d%e0%b0%b0%e0%b0%bf%e0%b0%b2%e0%b1%8d-21-30-%e0%b0%b5%e0%b0%b0%e0%b0%95%e0%b1%81-%e0%b0%b6%e0%b1%8d/
2026-04-28,Srivari Annual Brahmotsavams,announced_dates,unspecified,major,SRI AGASTHEESWARA SWAMY ANNUAL BRAHMOTSAVAMS FROM APRIL 21-30,https://news.tirumala.org/sri-agastheeswara-swamy-annual-brahmotsavams-from-april-21-30-_-%e0%b0%8f%e0%b0%aa%e0%b1%8d%e0%b0%b0%e0%b0%bf%e0%b0%b2%e0%b1%8d-21-30-%e0%b0%b5%e0%b0%b0%e0%b0%95%e0%b1%81-%e0%b0%b6%e0%b1%8d/
2026-04-29,Srivari Annual Brahmotsavams,announced_dates,unspecified,major,SRI AGASTHEESWARA SWAMY ANNUAL BRAHMOTSAVAMS FROM APRIL 21-30,https://news.tirumala.org/sri-agastheeswara-swamy-annual-brahmotsavams-from-april-21-30-_-%e0%b0%8f%e0%b0%aa%e0%b1%8d%e0%b0%b0%e0%b0%bf%e0%b0%b2%e0%b1%8d-21-30-%e0%b0%b5%e0%b0%b0%e0%b0%95%e0%b1%81-%e0%b0%b6%e0%b1%8d/
2026-04-29,Teppotsavam,announced_dates,unspecified,minor,TEPPOTSAVAMS AT DEVUNI KADAPA FROM APRIL 29 TO MAY 1,https://news.tirumala.org/teppotsavams-at-devuni-kadapa-from-april-29-to-may-1-_-%e0%b0%8f%e0%b0%aa%e0%b1%8d%e0%b0%b0%e0%b0%bf%e0%b0%b2%e0%b1%8d-29-%e0%b0%a8%e0%b1%81%e0%b0%82%e0%b0%a1%e0%b0%bf-%e0%b0%ae%e0%b1%87-1-%e0%b0%b5/
2026-04-30,Brahmotsavams,same_day_report,unspecified,major,ANKURARPANAM PERFORMED FOR SRI VEDANARAYANA SWAMY BRAHMOTSAVAMS,https://news.tirumala.org/ankurarpanam-performed-for-sri-vedanarayana-swamy-brahmotsavams-_-%e0%b0%b6%e0%b0%be%e0%b0%b8%e0%b1%8d%e0%b0%a4%e0%b1%8d%e0%b0%b0%e0%b1%8b%e0%b0%95%e0%b1%8d%e0%b0%a4%e0%b0%82%e0%b0%97%e0%b0%be/
2026-04-30,Srivari Annual Brahmotsavams,announced_dates,unspecified,major,SRI AGASTHEESWARA SWAMY ANNUAL BRAHMOTSAVAMS FROM APRIL 21-30,https://news.tirumala.org/sri-agastheeswara-swamy-annual-brahmotsavams-from-april-21-30-_-%e0%b0%8f%e0%b0%aa%e0%b1%8d%e0%b0%b0%e0%b0%bf%e0%b0%b2%e0%b1%8d-21-30-%e0%b0%b5%e0%b0%b0%e0%b0%95%e0%b1%81-%e0%b0%b6%e0%b1%8d/
2026-04-30,Teppotsavam,same_day_report,unspecified,minor,LAKSHMI VENKATESWARA SWAMY TEPPOTSAVAM HELD GRANDLY,https://news.tirumala.org/lakshmi-venkateswara-swamy-teppotsavam-held-grandly-_-%e0%b0%a4%e0%b1%86%e0%b0%aa%e0%b1%8d%e0%b0%aa%e0%b0%aa%e0%b1%88-%e0%b0%b6%e0%b1%8d%e0%b0%b0%e0%b1%80%e0%b0%a6%e0%b1%87%e0%b0%b5%e0%b0%bf/
2026-04-30,Vasanthotsavam,same_day_report,other_temple,minor,SRI PADMAVATHI AMMAVARI VASANTHOTSAVAMS BEGIN GRANDLY,https://news.tirumala.org/sri-padmavathi-ammavari-vasanthotsavams-begin-grandly-_-%e0%b0%b5%e0%b1%88%e0%b0%ad%e0%b0%b5%e0%b0%82%e0%b0%97%e0%b0%be-%e0%b0%aa%e0%b1%8d%e0%b0%b0%e0%b0%be%e0%b0%b0%e0%b0%82%e0%b0%ad%e0%b0%ae/
2026-05-01,Brahmotsavams,same_day_report,other_temple,major,NEW DELHI SRI VENKATESWARA SWAMY BRAHMOTSAVAMS BEGINS,https://news.tirumala.org/new-delhi-sri-venkateswara-swamy-brahmotsavams-begins-_-%e0%b0%a7%e0%b1%8d%e0%b0%b5%e0%b0%9c%e0%b0%be%e0%b0%b0%e0%b1%8b%e0%b0%b9%e0%b0%a3%e0%b0%82%e0%b0%a4%e0%b1%8b-%e0%b0%a8%e0%b1%8d%e0%b0%af/
2026-05-01,Garuda Seva,same_day_report,unspecified,minor,POURNAMI GARUDA SEVA HELD,https://news.tirumala.org/pournami-garuda-seva-held-_-%e0%b0%a4%e0%b0%bf%e0%b0%b0%e0%b1%81%e0%b0%ae%e0%b0%b2%e0%b0%b2%e0%b1%8b-%e0%b0%b5%e0%b1%88%e0%b0%ad%e0%b0%b5%e0%b0%82%e0%b0%97%e0%b0%be-%e0%b0%aa%e0%b1%8c%e0%b0%b0-2/
2026-05-01,Srivari Annual Brahmotsavams,announced_dates,other_temple,major,ANNUAL BRAHMOTSAVAMS OF SRI VENKATESWARA SWAMY AT NEW DELHI FROM MAY 01 TO 09,https://news.tirumala.org/%e0%b0%ae%e0%b1%87-01-%e0%b0%a8%e0%b1%81%e0%b0%82%e0%b0%a1%e0%b0%bf-09-%e0%b0%b5%e0%b0%b0%e0%b0%95%e0%b1%81-%e0%b0%a8%e0%b1%8d%e0%b0%af%e0%b1%82%e0%b0%a2%e0%b0%bf%e0%b0%b2%e0%b1%8d%e0%b0%b2%e0%b1%80/
2026-05-01,Teppotsavam,announced_dates,unspecified,minor,TEPPOTSAVAMS AT DEVUNI KADAPA FROM APRIL 29 TO MAY 1,https://news.tirumala.org/teppotsavams-at-devuni-kadapa-from-april-29-to-may-1-_-%e0%b0%8f%e0%b0%aa%e0%b1%8d%e0%b0%b0%e0%b0%bf%e0%b0%b2%e0%b1%8d-29-%e0%b0%a8%e0%b1%81%e0%b0%82%e0%b0%a1%e0%b0%bf-%e0%b0%ae%e0%b1%87-1-%e0%b0%b5/
2026-05-02,Srivari Annual Brahmotsavams,announced_dates,other_temple,major,ANNUAL BRAHMOTSAVAMS OF SRI VENKATESWARA SWAMY AT NEW DELHI FROM MAY 01 TO 09,https://news.tirumala.org/%e0%b0%ae%e0%b1%87-01-%e0%b0%a8%e0%b1%81%e0%b0%82%e0%b0%a1%e0%b0%bf-09-%e0%b0%b5%e0%b0%b0%e0%b0%95%e0%b1%81-%e0%b0%a8%e0%b1%8d%e0%b0%af%e0%b1%82%e0%b0%a2%e0%b0%bf%e0%b0%b2%e0%b1%8d%e0%b0%b2%e0%b1%80/
2026-05-02,Vasanthotsavam,same_day_report,other_temple,minor,SRI PADMAVATHI AMMAVARI VASANTHOTSAVAMS CONCLUDE GRANDLY,https://news.tirumala.org/sri-padmavathi-ammavari-vasanthotsavams-conclude-grandly-_-%e0%b0%b5%e0%b1%88%e0%b0%ad%e0%b0%b5%e0%b0%82%e0%b0%97%e0%b0%be-%e0%b0%ae%e0%b1%81%e0%b0%97%e0%b0%bf%e0%b0%b8%e0%b0%bf%e0%b0%a8-%e0%b0%b6/
2026-05-03,Srivari Annual Brahmotsavams,announced_dates,other_temple,major,ANNUAL BRAHMOTSAVAMS OF SRI VENKATESWARA SWAMY AT NEW DELHI FROM MAY 01 TO 09,https://news.tirumala.org/%e0%b0%ae%e0%b1%87-01-%e0%b0%a8%e0%b1%81%e0%b0%82%e0%b0%a1%e0%b0%bf-09-%e0%b0%b5%e0%b0%b0%e0%b0%95%e0%b1%81-%e0%b0%a8%e0%b1%8d%e0%b0%af%e0%b1%82%e0%b0%a2%e0%b0%bf%e0%b0%b2%e0%b1%8d%e0%b0%b2%e0%b1%80/
2026-05-04,Srivari Annual Brahmotsavams,announced_dates,other_temple,major,ANNUAL BRAHMOTSAVAMS OF SRI VENKATESWARA SWAMY AT NEW DELHI FROM MAY 01 TO 09,https://news.tirumala.org/%e0%b0%ae%e0%b1%87-01-%e0%b0%a8%e0%b1%81%e0%b0%82%e0%b0%a1%e0%b0%bf-09-%e0%b0%b5%e0%b0%b0%e0%b0%95%e0%b1%81-%e0%b0%a8%e0%b1%8d%e0%b0%af%e0%b1%82%e0%b0%a2%e0%b0%bf%e0%b0%b2%e0%b1%8d%e0%b0%b2%e0%b1%80/
2026-05-05,Srivari Annual Brahmotsavams,announced_dates,other_temple,major,ANNUAL BRAHMOTSAVAMS OF SRI VENKATESWARA SWAMY AT NEW DELHI FROM MAY 01 TO 09,https://news.tirumala.org/%e0%b0%ae%e0%b1%87-01-%e0%b0%a8%e0%b1%81%e0%b0%82%e0%b0%a1%e0%b0%bf-09-%e0%b0%b5%e0%b0%b0%e0%b0%95%e0%b1%81-%e0%b0%a8%e0%b1%8d%e0%b0%af%e0%b1%82%e0%b0%a2%e0%b0%bf%e0%b0%b2%e0%b1%8d%e0%b0%b2%e0%b1%80/
2026-05-06,Srivari Annual Brahmotsavams,announced_dates,other_temple,major,ANNUAL BRAHMOTSAVAMS OF SRI VENKATESWARA SWAMY AT NEW DELHI FROM MAY 01 TO 09,https://news.tirumala.org/%e0%b0%ae%e0%b1%87-01-%e0%b0%a8%e0%b1%81%e0%b0%82%e0%b0%a1%e0%b0%bf-09-%e0%b0%b5%e0%b0%b0%e0%b0%95%e0%b1%81-%e0%b0%a8%e0%b1%8d%e0%b0%af%e0%b1%82%e0%b0%a2%e0%b0%bf%e0%b0%b2%e0%b1%8d%e0%b0%b2%e0%b1%80/
2026-05-07,Srivari Annual Brahmotsavams,announced_dates,other_temple,major,ANNUAL BRAHMOTSAVAMS OF SRI VENKATESWARA SWAMY AT NEW DELHI FROM MAY 01 TO 09,https://news.tirumala.org/%e0%b0%ae%e0%b1%87-01-%e0%b0%a8%e0%b1%81%e0%b0%82%e0%b0%a1%e0%b0%bf-09-%e0%b0%b5%e0%b0%b0%e0%b0%95%e0%b1%81-%e0%b0%a8%e0%b1%8d%e0%b0%af%e0%b1%82%e0%b0%a2%e0%b0%bf%e0%b0%b2%e0%b1%8d%e0%b0%b2%e0%b1%80/
2026-05-07,Vasanthotsavam,same_day_report,other_temple,minor,SRINIVASA MANGAPURAM VASANTHOTSAVAMS BEGIN AMID GOVINDA CHANTS,https://news.tirumala.org/srinivasa-mangapuram-vasanthotsavams-begin-amid-govinda-chants-_-%e0%b0%97%e0%b1%8b%e0%b0%b5%e0%b0%bf%e0%b0%82%e0%b0%a6-%e0%b0%a8%e0%b0%be%e0%b0%ae%e0%b0%b8%e0%b1%8d%e0%b0%ae%e0%b0%b0%e0%b0%a3/
2026-05-08,Srivari Annual Brahmotsavams,announced_dates,other_temple,major,ANNUAL BRAHMOTSAVAMS OF SRI VENKATESWARA SWAMY AT NEW DELHI FROM MAY 01 TO 09,https://news.tirumala.org/%e0%b0%ae%e0%b1%87-01-%e0%b0%a8%e0%b1%81%e0%b0%82%e0%b0%a1%e0%b0%bf-09-%e0%b0%b5%e0%b0%b0%e0%b0%95%e0%b1%81-%e0%b0%a8%e0%b1%8d%e0%b0%af%e0%b1%82%e0%b0%a2%e0%b0%bf%e0%b0%b2%e0%b1%8d%e0%b0%b2%e0%b1%80/
2026-05-08,Vasanthotsavam,announced_dates,other_temple,minor,VASANTHOTSAVAMS AT SRINIVASA MANGAPURAM FROM MAY 7 TO 9,https://news.tirumala.org/vasanthotsavams-at-srinivasa-mangapuram-from-may-7-to-9-_-%e0%b0%b6%e0%b1%8d%e0%b0%b0%e0%b1%80%e0%b0%a8%e0%b0%bf%e0%b0%b5%e0%b0%be%e0%b0%b8%e0%b0%ae%e0%b0%82%e0%b0%97%e0%b0%be%e0%b0%aa%e0%b1%81/
2026-05-09,Brahmotsavams,same_day_report,unspecified,major,SRI VEDANARAYANA SWAMY BRAHMOTSAVAMS CONCLUDE GRANDLY WITH CHANKRASNANAM_ చక్రస్నాన మహోత్సవంతో వైభవంగా ముగిసిన శ్రీ వేదనారాయణస్వామివారి బ్రహ్మోత్సవాలు,https://news.tirumala.org/%e0%b0%a8%e0%b0%be%e0%b0%97%e0%b0%b2%e0%b0%be%e0%b0%aa%e0%b1%81%e0%b0%b0%e0%b0%82-%e0%b0%b5%e0%b1%87%e0%b0%a6%e0%b0%a8%e0%b0%be%e0%b0%b0%e0%b0%be%e0%b0%af%e0%b0%a3-%e0%b0%b8%e0%b1%8d%e0%b0%b5%e0%b0%be/
2026-05-09,Srivari Annual Brahmotsavams,announced_dates,other_temple,major,ANNUAL BRAHMOTSAVAMS OF SRI VENKATESWARA SWAMY AT NEW DELHI FROM MAY 01 TO 09,https://news.tirumala.org/%e0%b0%ae%e0%b1%87-01-%e0%b0%a8%e0%b1%81%e0%b0%82%e0%b0%a1%e0%b0%bf-09-%e0%b0%b5%e0%b0%b0%e0%b0%95%e0%b1%81-%e0%b0%a8%e0%b1%8d%e0%b0%af%e0%b1%82%e0%b0%a2%e0%b0%bf%e0%b0%b2%e0%b1%8d%e0%b0%b2%e0%b1%80/
2026-05-09,Vasanthotsavam,same_day_report,other_temple,minor,SRI KALYANA VENKATESWARA SWAMY VASANTHOTSAVAMS CONCLUDE GRANDLY,https://news.tirumala.org/sri-kalyana-venkateswara-swamy-vasanthotsavams-conclude-grandly-_-%e0%b0%ad%e0%b0%95%e0%b1%8d%e0%b0%a4%e0%b0%bf-%e0%b0%aa%e0%b0%b0%e0%b0%b5%e0%b0%b6%e0%b0%82%e0%b0%b2%e0%b1%8b-%e0%b0%b5%e0%b1%88/
2026-05-12,Hanuman Jayanti,same_day_report,tirumala,major,HANUMAN JAYANTI CELEBRATIONS IN TIRUMALA,https://news.tirumala.org/hanuman-jayanti-celebrations-in-tirumala-_-%e0%b0%a4%e0%b0%bf%e0%b0%b0%e0%b1%81%e0%b0%ae%e0%b0%b2%e0%b0%b2%e0%b1%8b-%e0%b0%98%e0%b0%a8%e0%b0%82%e0%b0%97%e0%b0%be-%e0%b0%b9/
2026-05-23,Srivari Annual Brahmotsavams,same_day_report,other_temple,major,ANNUAL BRAHMOTSAVAMS OF SRI GOVINDARAJA SWAMY TEMPLE BEGIN GRANDLY WITH DHWAJAORAHANAM,https://news.tirumala.org/annual-brahmotsavams-of-sri-govindaraja-swamy-temple-begin-grandly-with-dhwajaorahanam-_-%e0%b0%ae%e0%b0%bf%e0%b0%a5%e0%b1%81%e0%b0%a8-%e0%b0%b2%e0%b0%97%e0%b1%8d%e0%b0%a8%e0%b0%82%e0%b0%b2%e0%b1%8b/
2026-05-27,Brahmotsavams,announced_dates,other_temple,major,ANKURARPANAM FOR NARAYANAVANAM BRAHMOTSAVAMS ON MAY 27,https://news.tirumala.org/ankurarpanam-for-narayanavanam-brahmotsavams-on-may-27-_-%e0%b0%ae%e0%b1%87-27%e0%b0%a8-%e0%b0%a8%e0%b0%be%e0%b0%b0%e0%b0%be%e0%b0%af%e0%b0%a3%e0%b0%b5%e0%b0%a8%e0%b0%82-%e0%b0%86%e0%b0%b2%e0%b0%af/
2026-05-28,Brahmotsavams,same_day_report,other_temple,major,NARAYANAVANAM BRAHMOTSAVAMS BEGIN WITH DHWAJAROHANAM,https://news.tirumala.org/narayanavanam-btus-off-to-a-religious-start-_-%e0%b0%a7%e0%b1%8d%e0%b0%b5%e0%b0%9c%e0%b0%be%e0%b0%b0%e0%b1%8b%e0%b0%b9%e0%b0%a3%e0%b0%82%e0%b0%a4%e0%b1%8b-%e0%b0%b5%e0%b1%88%e0%b0%ad%e0%b0%b5%e0%b0%82/
2026-05-28,Srivari Annual Brahmotsavams,announced_dates,other_temple,major,GRAND ANNUAL BRAHMOTSAVAMS AT NARAYANAVANAM FROM MAY 28 TO JUNE 5,https://news.tirumala.org/grand-annual-brahmotsavams-at-narayanavanam-from-may-28-to-june-5-_-%e0%b0%ae%e0%b1%87-28-%e0%b0%a8%e0%b1%81%e0%b0%82%e0%b0%a1%e0%b0%bf-%e0%b0%9c%e0%b1%82%e0%b0%a8%e0%b1%8d-5-%e0%b0%b5%e0%b0%b0/
2026-05-29,Srivari Annual Brahmotsavams,announced_dates,other_temple,major,GRAND ANNUAL BRAHMOTSAVAMS AT NARAYANAVANAM FROM MAY 28 TO JUNE 5,https://news.tirumala.org/grand-annual-brahmotsavams-at-narayanavanam-from-may-28-to-june-5-_-%e0%b0%ae%e0%b1%87-28-%e0%b0%a8%e0%b1%81%e0%b0%82%e0%b0%a1%e0%b0%bf-%e0%b0%9c%e0%b1%82%e0%b0%a8%e0%b1%8d-5-%e0%b0%b5%e0%b0%b0/
2026-05-30,Garuda Seva,announced_dates,unspecified,minor,SRI VEDANARAYANA SWAMY KANCHI. GARUDA SEVA ON MAY 30,https://news.tirumala.org/sri-vedanarayana-swamy-kanchi-garuda-seva-on-may-29-_-%e0%b0%ae%e0%b1%87-29%e0%b0%a8-%e0%b0%a8%e0%b0%be%e0%b0%97%e0%b0%b2%e0%b0%be%e0%b0%aa%e0%b1%81%e0%b0%b0%e0%b0%82%e0%b0%b2%e0%b1%8b/
2026-05-30,Srivari Annual Brahmotsavams,announced_dates,other_temple,major,GRAND ANNUAL BRAHMOTSAVAMS AT NARAYANAVANAM FROM MAY 28 TO JUNE 5,https://news.tirumala.org/grand-annual-brahmotsavams-at-narayanavanam-from-may-28-to-june-5-_-%e0%b0%ae%e0%b1%87-28-%e0%b0%a8%e0%b1%81%e0%b0%82%e0%b0%a1%e0%b0%bf-%e0%b0%9c%e0%b1%82%e0%b0%a8%e0%b1%8d-5-%e0%b0%b5%e0%b0%b0/
2026-05-31,Brahmotsavams,same_day_report,other_temple,major,GOVINDARAJA SWAMY BRAHMOTSAVAMS CONCLUDE WITH DWAJAVAROHANAM,https://news.tirumala.org/govindaraja-swamy-brahmotsavams-conclude-with-dwajavarohanam-_-%e0%b0%a7%e0%b1%8d%e0%b0%b5%e0%b0%9c%e0%b0%be%e0%b0%b5%e0%b0%b0%e0%b1%8b%e0%b0%b9%e0%b0%a3%e0%b0%82%e0%b0%a4%e0%b1%8b-%e0%b0%b8%e0%b0%82/
2026-05-31,Garuda Seva,same_day_report,unspecified,minor,POURNAMI GARUDA SEVA HELD,https://news.tirumala.org/pournami-garuda-seva-held-_-%e0%b0%a4%e0%b0%bf%e0%b0%b0%e0%b1%81%e0%b0%ae%e0%b0%b2%e0%b0%b2%e0%b1%8b-%e0%b0%b5%e0%b1%88%e0%b0%ad%e0%b0%b5%e0%b0%82%e0%b0%97%e0%b0%be-2/
2026-05-31,Srivari Annual Brahmotsavams,announced_dates,other_temple,major,GRAND ANNUAL BRAHMOTSAVAMS AT NARAYANAVANAM FROM MAY 28 TO JUNE 5,https://news.tirumala.org/grand-annual-brahmotsavams-at-narayanavanam-from-may-28-to-june-5-_-%e0%b0%ae%e0%b1%87-28-%e0%b0%a8%e0%b1%81%e0%b0%82%e0%b0%a1%e0%b0%bf-%e0%b0%9c%e0%b1%82%e0%b0%a8%e0%b1%8d-5-%e0%b0%b5%e0%b0%b0/
2026-06-01,Srivari Annual Brahmotsavams,announced_dates,other_temple,major,GRAND ANNUAL BRAHMOTSAVAMS AT NARAYANAVANAM FROM MAY 28 TO JUNE 5,https://news.tirumala.org/grand-annual-brahmotsavams-at-narayanavanam-from-may-28-to-june-5-_-%e0%b0%ae%e0%b1%87-28-%e0%b0%a8%e0%b1%81%e0%b0%82%e0%b0%a1%e0%b0%bf-%e0%b0%9c%e0%b1%82%e0%b0%a8%e0%b1%8d-5-%e0%b0%b5%e0%b0%b0/
2026-06-02,Srivari Annual Brahmotsavams,announced_dates,other_temple,major,GRAND ANNUAL BRAHMOTSAVAMS AT NARAYANAVANAM FROM MAY 28 TO JUNE 5,https://news.tirumala.org/grand-annual-brahmotsavams-at-narayanavanam-from-may-28-to-june-5-_-%e0%b0%ae%e0%b1%87-28-%e0%b0%a8%e0%b1%81%e0%b0%82%e0%b0%a1%e0%b0%bf-%e0%b0%9c%e0%b1%82%e0%b0%a8%e0%b1%8d-5-%e0%b0%b5%e0%b0%b0/
2026-06-03,Srivari Annual Brahmotsavams,announced_dates,other_temple,major,GRAND ANNUAL BRAHMOTSAVAMS AT NARAYANAVANAM FROM MAY 28 TO JUNE 5,https://news.tirumala.org/grand-annual-brahmotsavams-at-narayanavanam-from-may-28-to-june-5-_-%e0%b0%ae%e0%b1%87-28-%e0%b0%a8%e0%b1%81%e0%b0%82%e0%b0%a1%e0%b0%bf-%e0%b0%9c%e0%b1%82%e0%b0%a8%e0%b1%8d-5-%e0%b0%b5%e0%b0%b0/
2026-06-04,Srivari Annual Brahmotsavams,announced_dates,other_temple,major,GRAND ANNUAL BRAHMOTSAVAMS AT NARAYANAVANAM FROM MAY 28 TO JUNE 5,https://news.tirumala.org/grand-annual-brahmotsavams-at-narayanavanam-from-may-28-to-june-5-_-%e0%b0%ae%e0%b1%87-28-%e0%b0%a8%e0%b1%81%e0%b0%82%e0%b0%a1%e0%b0%bf-%e0%b0%9c%e0%b1%82%e0%b0%a8%e0%b1%8d-5-%e0%b0%b5%e0%b0%b0/
2026-06-05,Srivari Annual Brahmotsavams,same_day_report,other_temple,major,ANNUAL BRAHMOTSAVAMS OF SRI KALYANA VENKATESWARA SWAMY CONCLUDE WITH DWAJAVAROHANAM,https://news.tirumala.org/annual-brahmotsavams-of-sri-kalyana-venkateswara-swamy-conclude-with-dwajavarohanam-_-%e0%b0%a7%e0%b1%8d%e0%b0%b5%e0%b0%9c%e0%b0%be%e0%b0%b5%e0%b0%b0%e0%b1%8b%e0%b0%b9%e0%b0%a3%e0%b0%82%e0%b0%a4/
2026-06-06,Brahmotsavams,same_day_report,other_temple,major,SRI VENUGOPALA SWAMY BRAHMOTSAVAMS COMMENCE GRANDLY AT KARVETINAGARAM,https://news.tirumala.org/%e0%b0%a7%e0%b1%8d%e0%b0%b5%e0%b0%9c%e0%b0%be%e0%b0%b0%e0%b1%8b%e0%b0%b9%e0%b0%a3%e0%b0%82%e0%b0%a4%e0%b1%8b-%e0%b0%aa%e0%b1%8d%e0%b0%b0%e0%b0%be%e0%b0%b0%e0%b0%82%e0%b0%ad%e0%b0%ae%e0%b1%88-4/
2026-06-06,Srivari Annual Brahmotsavams,announced_dates,unspecified,major,ANNUAL BRAHMOTSAVAMS OF SRI VENUGOPALA SWAMY TEMPLE AT KAARVETINAGARAM FROM JUNE 6 TO 14,https://news.tirumala.org/annual-brahmotsavams-of-sri-venugopala-swamy-temple-at-kaarvetinagaram-from-june-6-to-14-_-%e0%b0%9c%e0%b1%82%e0%b0%a8%e0%b1%8d-05%e0%b0%a8-%e0%b0%85%e0%b0%82%e0%b0%95%e0%b1%81%e0%b0%b0%e0%b0%be/
2026-06-07,Srivari Annual Brahmotsavams,announced_dates,unspecified,major,ANNUAL BRAHMOTSAVAMS OF SRI VENUGOPALA SWAMY TEMPLE AT KAARVETINAGARAM FROM JUNE 6 TO 14,https://news.tirumala.org/annual-brahmotsavams-of-sri-venugopala-swamy-temple-at-kaarvetinagaram-from-june-6-to-14-_-%e0%b0%9c%e0%b1%82%e0%b0%a8%e0%b1%8d-05%e0%b0%a8-%e0%b0%85%e0%b0%82%e0%b0%95%e0%b1%81%e0%b0%b0%e0%b0%be/
2026-06-08,Srivari Annual Brahmotsavams,announced_dates,unspecified,major,ANNUAL BRAHMOTSAVAMS OF SRI VENUGOPALA SWAMY TEMPLE AT KAARVETINAGARAM FROM JUNE 6 TO 14,https://news.tirumala.org/annual-brahmotsavams-of-sri-venugopala-swamy-temple-at-kaarvetinagaram-from-june-6-to-14-_-%e0%b0%9c%e0%b1%82%e0%b0%a8%e0%b1%8d-05%e0%b0%a8-%e0%b0%85%e0%b0%82%e0%b0%95%e0%b1%81%e0%b0%b0%e0%b0%be/
2026-06-09,Srivari Annual Brahmotsavams,announced_dates,unspecified,major,ANNUAL BRAHMOTSAVAMS OF SRI VENUGOPALA SWAMY TEMPLE AT KAARVETINAGARAM FROM JUNE 6 TO 14,https://news.tirumala.org/annual-brahmotsavams-of-sri-venugopala-swamy-temple-at-kaarvetinagaram-from-june-6-to-14-_-%e0%b0%9c%e0%b1%82%e0%b0%a8%e0%b1%8d-05%e0%b0%a8-%e0%b0%85%e0%b0%82%e0%b0%95%e0%b1%81%e0%b0%b0%e0%b0%be/
2026-06-10,Srivari Annual Brahmotsavams,announced_dates,unspecified,major,ANNUAL BRAHMOTSAVAMS OF SRI VENUGOPALA SWAMY TEMPLE AT KAARVETINAGARAM FROM JUNE 6 TO 14,https://news.tirumala.org/annual-brahmotsavams-of-sri-venugopala-swamy-temple-at-kaarvetinagaram-from-june-6-to-14-_-%e0%b0%9c%e0%b1%82%e0%b0%a8%e0%b1%8d-05%e0%b0%a8-%e0%b0%85%e0%b0%82%e0%b0%95%e0%b1%81%e0%b0%b0%e0%b0%be/
2026-06-11,Srivari Annual Brahmotsavams,announced_dates,unspecified,major,ANNUAL BRAHMOTSAVAMS OF SRI VENUGOPALA SWAMY TEMPLE AT KAARVETINAGARAM FROM JUNE 6 TO 14,https://news.tirumala.org/annual-brahmotsavams-of-sri-venugopala-swamy-temple-at-kaarvetinagaram-from-june-6-to-14-_-%e0%b0%9c%e0%b1%82%e0%b0%a8%e0%b1%8d-05%e0%b0%a8-%e0%b0%85%e0%b0%82%e0%b0%95%e0%b1%81%e0%b0%b0%e0%b0%be/
2026-06-12,Srivari Annual Brahmotsavams,announced_dates,unspecified,major,ANNUAL BRAHMOTSAVAMS OF SRI VENUGOPALA SWAMY TEMPLE AT KAARVETINAGARAM FROM JUNE 6 TO 14,https://news.tirumala.org/annual-brahmotsavams-of-sri-venugopala-swamy-temple-at-kaarvetinagaram-from-june-6-to-14-_-%e0%b0%9c%e0%b1%82%e0%b0%a8%e0%b1%8d-05%e0%b0%a8-%e0%b0%85%e0%b0%82%e0%b0%95%e0%b1%81%e0%b0%b0%e0%b0%be/
2026-06-13,Srivari Annual Brahmotsavams,announced_dates,unspecified,major,ANNUAL BRAHMOTSAVAMS OF SRI VENUGOPALA SWAMY TEMPLE AT KAARVETINAGARAM FROM JUNE 6 TO 14,https://news.tirumala.org/annual-brahmotsavams-of-sri-venugopala-swamy-temple-at-kaarvetinagaram-from-june-6-to-14-_-%e0%b0%9c%e0%b1%82%e0%b0%a8%e0%b1%8d-05%e0%b0%a8-%e0%b0%85%e0%b0%82%e0%b0%95%e0%b1%81%e0%b0%b0%e0%b0%be/
2026-06-14,Brahmotsavams,same_day_report,unspecified,major,SRI VENUGOPALA SWAMY BRAHMOTSAVAMS CONCLUDE WITH DHWAJAVAROHANAM,https://news.tirumala.org/sri-venugopala-swamy-brahmotsavams-conclude-with-dhwajavarohanam-_-%e0%b0%a7%e0%b1%8d%e0%b0%b5%e0%b0%9c%e0%b0%be%e0%b0%b5%e0%b0%b0%e0%b1%8b%e0%b0%b9%e0%b0%a3%e0%b0%82%e0%b0%a4%e0%b1%8b-%e0%b0%b5/
2026-06-14,Srivari Annual Brahmotsavams,announced_dates,unspecified,major,ANNUAL BRAHMOTSAVAMS OF SRI VENUGOPALA SWAMY TEMPLE AT KAARVETINAGARAM FROM JUNE 6 TO 14,https://news.tirumala.org/annual-brahmotsavams-of-sri-venugopala-swamy-temple-at-kaarvetinagaram-from-june-6-to-14-_-%e0%b0%9c%e0%b1%82%e0%b0%a8%e0%b1%8d-05%e0%b0%a8-%e0%b0%85%e0%b0%82%e0%b0%95%e0%b1%81%e0%b0%b0%e0%b0%be/
2026-06-24,Srivari Annual Brahmotsavams,same_day_report,other_temple,major,ANKURARPANAM PERFORMED FOR ANNUAL BRAHMOTSAVAMS AT APPALAYAGUNTA,https://news.tirumala.org/ankurarpanam-performed-for-annual-brahmotsavams-at-appalayagunta-_-%e0%b0%85%e0%b0%aa%e0%b1%8d%e0%b0%aa%e0%b0%b2%e0%b0%be%e0%b0%af%e0%b0%97%e0%b1%81%e0%b0%82%e0%b0%9f%e0%b0%b2%e0%b1%8b-%e0%b0%b6/
2026-06-25,Brahmotsavams,same_day_report,other_temple,major,BRAHMOTSAVAMS BEGIN WITH GARUDA DHWAJAROHANAM AT APPALAYAGUNTA,https://news.tirumala.org/%e0%b0%85%e0%b0%aa%e0%b1%8d%e0%b0%aa%e0%b0%b2%e0%b0%be%e0%b0%af%e0%b0%97%e0%b1%81%e0%b0%82%e0%b0%9f%e0%b0%b2%e0%b1%8b-%e0%b0%b6%e0%b1%8d%e0%b0%b0%e0%b1%80-%e0%b0%aa%e0%b1%8d%e0%b0%b0%e0%b0%b8%e0%b0%a8/
2026-06-25,Srivari Annual Brahmotsavams,announced_dates,unspecified,major,ANNUAL BRAHMOTSAVAMS OF LORD VENKATESWARA AT KURUSHETRA FROM JUNE 25 TO JULY 3,https://news.tirumala.org/annual-brahmotsavams-of-lord-venkateswara-at-kurushetra-from-june-25-to-july-3-_-%e0%b0%a7%e0%b0%b0%e0%b1%8d%e0%b0%ae%e0%b0%95%e0%b1%8d%e0%b0%b7%e0%b1%87%e0%b0%a4%e0%b1%8d%e0%b0%b0%e0%b0%82-%e0%b0%95/
2026-06-25,Teppotsavam,same_day_report,other_temple,minor,SRI PADMAVATHI AMMAVARI TEPPOTSAVAMS BEGIN GRANDLY,https://news.tirumala.org/%e0%b0%b5%e0%b1%88%e0%b0%ad%e0%b0%b5%e0%b0%82%e0%b0%97%e0%b0%be-%e0%b0%aa%e0%b1%8d%e0%b0%b0%e0%b0%be%e0%b0%b0%e0%b0%82%e0%b0%ad%e0%b0%ae%e0%b1%88%e0%b0%a8-%e0%b0%b6%e0%b1%8d%e0%b0%b0%e0%b1%80-2/
2026-06-26,Brahmotsavams,announced_dates,other_temple,major,SRI PRASANNA VENKATESWARA SWAMY BRAHMOTSAVAMS FROM JUNE 25 TO JULY 3,https://news.tirumala.org/sri-prasanna-venkateswara-swamy-brahmotsavams-from-june-25-to-july-3-_-%e0%b0%9c%e0%b1%82%e0%b0%a8%e0%b1%8d-25-%e0%b0%a8%e0%b1%81%e0%b0%82%e0%b0%a1%e0%b0%bf-%e0%b0%9c%e0%b1%82%e0%b0%b2%e0%b1%88-3/
2026-06-26,Srivari Annual Brahmotsavams,announced_dates,unspecified,major,ANNUAL BRAHMOTSAVAMS OF LORD VENKATESWARA AT KURUSHETRA FROM JUNE 25 TO JULY 3,https://news.tirumala.org/annual-brahmotsavams-of-lord-venkateswara-at-kurushetra-from-june-25-to-july-3-_-%e0%b0%a7%e0%b0%b0%e0%b1%8d%e0%b0%ae%e0%b0%95%e0%b1%8d%e0%b0%b7%e0%b1%87%e0%b0%a4%e0%b1%8d%e0%b0%b0%e0%b0%82-%e0%b0%95/
2026-06-26,Teppotsavam,announced_dates,other_temple,minor,SRI PADMAVATHI AMMAVARI TEPPOTSAVAMS FROM JUNE 25 TO 29,https://news.tirumala.org/sri-padmavathi-ammavari-teppotsavams-from-june-25-to-29-_-%e0%b0%aa%e0%b0%a6%e0%b1%8d%e0%b0%ae%e0%b0%b8%e0%b0%b0%e0%b1%8b%e0%b0%b5%e0%b0%b0%e0%b0%82%e0%b0%b2%e0%b1%8b-%e0%b0%a6%e0%b0%bf%e0%b0%b5/
2026-06-27,Brahmotsavams,announced_dates,other_temple,major,SRI PRASANNA VENKATESWARA SWAMY BRAHMOTSAVAMS FROM JUNE 25 TO JULY 3,https://news.tirumala.org/sri-prasanna-venkateswara-swamy-brahmotsavams-from-june-25-to-july-3-_-%e0%b0%9c%e0%b1%82%e0%b0%a8%e0%b1%8d-25-%e0%b0%a8%e0%b1%81%e0%b0%82%e0%b0%a1%e0%b0%bf-%e0%b0%9c%e0%b1%82%e0%b0%b2%e0%b1%88-3/
2026-06-27,Srivari Annual Brahmotsavams,announced_dates,unspecified,major,ANNUAL BRAHMOTSAVAMS OF LORD VENKATESWARA AT KURUSHETRA FROM JUNE 25 TO JULY 3,https://news.tirumala.org/annual-brahmotsavams-of-lord-venkateswara-at-kurushetra-from-june-25-to-july-3-_-%e0%b0%a7%e0%b0%b0%e0%b1%8d%e0%b0%ae%e0%b0%95%e0%b1%8d%e0%b0%b7%e0%b1%87%e0%b0%a4%e0%b1%8d%e0%b0%b0%e0%b0%82-%e0%b0%95/
2026-06-27,Teppotsavam,announced_dates,other_temple,minor,SRI PADMAVATHI AMMAVARI TEPPOTSAVAMS FROM JUNE 25 TO 29,https://news.tirumala.org/sri-padmavathi-ammavari-teppotsavams-from-june-25-to-29-_-%e0%b0%aa%e0%b0%a6%e0%b1%8d%e0%b0%ae%e0%b0%b8%e0%b0%b0%e0%b1%8b%e0%b0%b5%e0%b0%b0%e0%b0%82%e0%b0%b2%e0%b1%8b-%e0%b0%a6%e0%b0%bf%e0%b0%b5/
2026-06-28,Brahmotsavams,announced_dates,other_temple,major,SRI PRASANNA VENKATESWARA SWAMY BRAHMOTSAVAMS FROM JUNE 25 TO JULY 3,https://news.tirumala.org/sri-prasanna-venkateswara-swamy-brahmotsavams-from-june-25-to-july-3-_-%e0%b0%9c%e0%b1%82%e0%b0%a8%e0%b1%8d-25-%e0%b0%a8%e0%b1%81%e0%b0%82%e0%b0%a1%e0%b0%bf-%e0%b0%9c%e0%b1%82%e0%b0%b2%e0%b1%88-3/
2026-06-28,Srivari Annual Brahmotsavams,announced_dates,unspecified,major,ANNUAL BRAHMOTSAVAMS OF LORD VENKATESWARA AT KURUSHETRA FROM JUNE 25 TO JULY 3,https://news.tirumala.org/annual-brahmotsavams-of-lord-venkateswara-at-kurushetra-from-june-25-to-july-3-_-%e0%b0%a7%e0%b0%b0%e0%b1%8d%e0%b0%ae%e0%b0%95%e0%b1%8d%e0%b0%b7%e0%b1%87%e0%b0%a4%e0%b1%8d%e0%b0%b0%e0%b0%82-%e0%b0%95/
2026-06-28,Teppotsavam,announced_dates,other_temple,minor,SRI PADMAVATHI AMMAVARI TEPPOTSAVAMS FROM JUNE 25 TO 29,https://news.tirumala.org/sri-padmavathi-ammavari-teppotsavams-from-june-25-to-29-_-%e0%b0%aa%e0%b0%a6%e0%b1%8d%e0%b0%ae%e0%b0%b8%e0%b0%b0%e0%b1%8b%e0%b0%b5%e0%b0%b0%e0%b0%82%e0%b0%b2%e0%b1%8b-%e0%b0%a6%e0%b0%bf%e0%b0%b5/
2026-06-29,Brahmotsavams,announced_dates,other_temple,major,SRI PRASANNA VENKATESWARA SWAMY BRAHMOTSAVAMS FROM JUNE 25 TO JULY 3,https://news.tirumala.org/sri-prasanna-venkateswara-swamy-brahmotsavams-from-june-25-to-july-3-_-%e0%b0%9c%e0%b1%82%e0%b0%a8%e0%b1%8d-25-%e0%b0%a8%e0%b1%81%e0%b0%82%e0%b0%a1%e0%b0%bf-%e0%b0%9c%e0%b1%82%e0%b0%b2%e0%b1%88-3/
2026-06-29,Garuda Seva,same_day_report,tirumala,minor,POURNAMI GARUDA SEVA HELD WITH GRANDEUR AT TIRUMALA,https://news.tirumala.org/pournami-garuda-seva-held-with-grandeur-at-tirumala/
2026-06-29,Srivari Annual Brahmotsavams,announced_dates,unspecified,major,ANNUAL BRAHMOTSAVAMS OF LORD VENKATESWARA AT KURUSHETRA FROM JUNE 25 TO JULY 3,https://news.tirumala.org/annual-brahmotsavams-of-lord-venkateswara-at-kurushetra-from-june-25-to-july-3-_-%e0%b0%a7%e0%b0%b0%e0%b1%8d%e0%b0%ae%e0%b0%95%e0%b1%8d%e0%b0%b7%e0%b1%87%e0%b0%a4%e0%b1%8d%e0%b0%b0%e0%b0%82-%e0%b0%95/
2026-06-29,Teppotsavam,same_day_report,other_temple,minor,SRI PADMAVATHI AMMAVARI TEPPOTSAVAMS CONCLUDE GRANDLY,https://news.tirumala.org/sri-padmavathi-ammavari-teppotsavams-conclude-grandly-_-%e0%b0%aa%e0%b0%a6%e0%b1%8d%e0%b0%ae%e0%b0%b8%e0%b0%b0%e0%b1%8b%e0%b0%b5%e0%b0%b0%e0%b0%82%e0%b0%b2%e0%b1%8b-%e0%b0%a6%e0%b0%bf%e0%b0%b5/
2026-06-30,Brahmotsavams,announced_dates,other_temple,major,SRI PRASANNA VENKATESWARA SWAMY BRAHMOTSAVAMS FROM JUNE 25 TO JULY 3,https://news.tirumala.org/sri-prasanna-venkateswara-swamy-brahmotsavams-from-june-25-to-july-3-_-%e0%b0%9c%e0%b1%82%e0%b0%a8%e0%b1%8d-25-%e0%b0%a8%e0%b1%81%e0%b0%82%e0%b0%a1%e0%b0%bf-%e0%b0%9c%e0%b1%82%e0%b0%b2%e0%b1%88-3/
2026-06-30,Srivari Annual Brahmotsavams,announced_dates,unspecified,major,ANNUAL BRAHMOTSAVAMS OF LORD VENKATESWARA AT KURUSHETRA FROM JUNE 25 TO JULY 3,https://news.tirumala.org/annual-brahmotsavams-of-lord-venkateswara-at-kurushetra-from-june-25-to-july-3-_-%e0%b0%a7%e0%b0%b0%e0%b1%8d%e0%b0%ae%e0%b0%95%e0%b1%8d%e0%b0%b7%e0%b1%87%e0%b0%a4%e0%b1%8d%e0%b0%b0%e0%b0%82-%e0%b0%95/
2026-07-01,Brahmotsavams,announced_dates,other_temple,major,SRI PRASANNA VENKATESWARA SWAMY BRAHMOTSAVAMS FROM JUNE 25 TO JULY 3,https://news.tirumala.org/sri-prasanna-venkateswara-swamy-brahmotsavams-from-june-25-to-july-3-_-%e0%b0%9c%e0%b1%82%e0%b0%a8%e0%b1%8d-25-%e0%b0%a8%e0%b1%81%e0%b0%82%e0%b0%a1%e0%b0%bf-%e0%b0%9c%e0%b1%82%e0%b0%b2%e0%b1%88-3/
2026-07-01,Srivari Annual Brahmotsavams,announced_dates,unspecified,major,ANNUAL BRAHMOTSAVAMS OF LORD VENKATESWARA AT KURUSHETRA FROM JUNE 25 TO JULY 3,https://news.tirumala.org/annual-brahmotsavams-of-lord-venkateswara-at-kurushetra-from-june-25-to-july-3-_-%e0%b0%a7%e0%b0%b0%e0%b1%8d%e0%b0%ae%e0%b0%95%e0%b1%8d%e0%b0%b7%e0%b1%87%e0%b0%a4%e0%b1%8d%e0%b0%b0%e0%b0%82-%e0%b0%95/
2026-07-02,Brahmotsavams,announced_dates,other_temple,major,SRI PRASANNA VENKATESWARA SWAMY BRAHMOTSAVAMS FROM JUNE 25 TO JULY 3,https://news.tirumala.org/sri-prasanna-venkateswara-swamy-brahmotsavams-from-june-25-to-july-3-_-%e0%b0%9c%e0%b1%82%e0%b0%a8%e0%b1%8d-25-%e0%b0%a8%e0%b1%81%e0%b0%82%e0%b0%a1%e0%b0%bf-%e0%b0%9c%e0%b1%82%e0%b0%b2%e0%b1%88-3/
2026-07-02,Srivari Annual Brahmotsavams,announced_dates,unspecified,major,ANNUAL BRAHMOTSAVAMS OF LORD VENKATESWARA AT KURUSHETRA FROM JUNE 25 TO JULY 3,https://news.tirumala.org/annual-brahmotsavams-of-lord-venkateswara-at-kurushetra-from-june-25-to-july-3-_-%e0%b0%a7%e0%b0%b0%e0%b1%8d%e0%b0%ae%e0%b0%95%e0%b1%8d%e0%b0%b7%e0%b1%87%e0%b0%a4%e0%b1%8d%e0%b0%b0%e0%b0%82-%e0%b0%95/
2026-07-03,Brahmotsavams,same_day_report,other_temple,major,SRI PRASANNA VENKATESWARA SWAMY BRAHMOTSAVAMS CONCLUDE WITH DHWAJAVAROHANAM,https://news.tirumala.org/sri-prasanna-venkateswara-swamy-brahmotsavams-conclude-with-dhwajavarohanam-_-%e0%b0%a7%e0%b1%8d%e0%b0%b5%e0%b0%9c%e0%b0%be%e0%b0%b5%e0%b0%b0%e0%b1%8b%e0%b0%b9%e0%b0%a3%e0%b0%82%e0%b0%a4%e0%b1%8b/
2026-07-03,Srivari Annual Brahmotsavams,announced_dates,unspecified,major,ANNUAL BRAHMOTSAVAMS OF LORD VENKATESWARA AT KURUSHETRA FROM JUNE 25 TO JULY 3,https://news.tirumala.org/annual-brahmotsavams-of-lord-venkateswara-at-kurushetra-from-june-25-to-july-3-_-%e0%b0%a7%e0%b0%b0%e0%b1%8d%e0%b0%ae%e0%b0%95%e0%b1%8d%e0%b0%b7%e0%b1%87%e0%b0%a4%e0%b1%8d%e0%b0%b0%e0%b0%82-%e0%b0%95/
2026-07-17,Anivara Asthanam,same_day_report,unspecified,minor,ANIVARA ASTHANAM OBSERVED IN TTD LOCAL TEMPLES,https://news.tirumala.org/%e0%b0%9f%e0%b1%80%e0%b0%9f%e0%b1%80%e0%b0%a1%e0%b1%80-%e0%b0%b8%e0%b1%8d%e0%b0%a5%e0%b0%be%e0%b0%a8%e0%b0%bf%e0%b0%95%e0%b0%be%e0%b0%b2%e0%b0%af%e0%b0%be%e0%b0%b2%e0%b1%8d%e0%b0%b2%e0%b1%8b-4/
2026-07-21,Brahmotsavams,same_day_report,other_temple,major,ANKURARPANAM PERFORMED FOR SRI SOUMYANATHA SWAMY BRAHMOTSAVAMS,https://news.tirumala.org/ankurarpanam-performed-for-sri-soumyanatha-swamy-brahmotsavams-_-%e0%b0%b6%e0%b0%be%e0%b0%b8%e0%b1%8d%e0%b0%a4%e0%b1%8d%e0%b0%b0%e0%b1%8b%e0%b0%95%e0%b1%8d%e0%b0%a4%e0%b0%82%e0%b0%97%e0%b0%be/
2026-07-22,Brahmotsavams,same_day_report,other_temple,major,SRI SOUMYANATHA SWAMY BRAHMOTSAVAMS BEGIN WITH DWAJAROHANAM AT NANDALUR,https://news.tirumala.org/%e0%b0%a7%e0%b1%8d%e0%b0%b5%e0%b0%9c%e0%b0%be%e0%b0%b0%e0%b1%8b%e0%b0%b9%e0%b0%a3%e0%b0%82%e0%b0%a4%e0%b1%8b-%e0%b0%b5%e0%b1%88%e0%b0%ad%e0%b0%b5%e0%b0%82%e0%b0%97%e0%b0%be-%e0%b0%aa%e0%b1%8d-7/
2026-07-24,Brahmotsavams,announced_dates,unspecified,major,ANKURARPANAM FOR THALLAPAKA BRAHMOTSAVAMS ON JULY 24,https://news.tirumala.org/ankurarpanam-for-thallapaka-brahmotsavams-on-july-24-_-%e0%b0%9c%e0%b1%82%e0%b0%b2%e0%b1%88-24%e0%b0%a8-%e0%b0%a4%e0%b0%be%e0%b0%b3%e0%b1%8d%e0%b0%b2%e0%b0%aa%e0%b0%be%e0%b0%95%e0%b0%b2%e0%b1%8b/
2026-07-25,Pavitrotsavam,same_day_report,other_temple,minor,ANKURARPANAM PERFORMED FOR SRI KAPILESWARA SWAMY ANNUAL PAVITROTSAVAMS,https://news.tirumala.org/ankurarpanam-performed-for-sri-kapileswara-swamy-annual-pavitrotsavams-_-%e0%b0%b6%e0%b1%8d%e0%b0%b0%e0%b1%80-%e0%b0%95%e0%b0%aa%e0%b0%bf%e0%b0%b2%e0%b1%87%e0%b0%b6%e0%b1%8d%e0%b0%b5%e0%b0%b0%e0%b0%b8/
2026-07-25,Srivari Annual Brahmotsavams,same_day_report,unspecified,major,ANNUAL BRAHMOTSAVAMS OF SRI CHINNAKESAVA SWAMY AND SRI SIDDHESWARA SWAMY BEGIN WITH DWAJAROHANAM,https://news.tirumala.org/%e0%b0%a7%e0%b1%8d%e0%b0%b5%e0%b0%9c%e0%b0%be%e0%b0%b0%e0%b1%8b%e0%b0%b9%e0%b0%a3%e0%b0%82%e0%b0%a4%e0%b1%8b-%e0%b0%b5%e0%b1%88%e0%b0%ad%e0%b0%b5%e0%b0%82%e0%b0%97%e0%b0%be-%e0%b0%aa%e0%b1%8d-8/
2026-07-26,Pavitrotsavam,same_day_report,other_temple,minor,SRI KAPILESWARA SWAMY PAVITROTSAVAMS COMMENCE WITH RELIGIOUS FERVOUR,https://news.tirumala.org/%e0%b0%b6%e0%b1%8d%e0%b0%b0%e0%b1%80-%e0%b0%95%e0%b0%aa%e0%b0%bf%e0%b0%b2%e0%b1%87%e0%b0%b6%e0%b1%8d%e0%b0%b5%e0%b0%b0%e0%b0%be%e0%b0%b2%e0%b0%af%e0%b0%82%e0%b0%b2%e0%b1%8b-%e0%b0%b5%e0%b1%88-13/
2026-07-27,Pavitrotsavam,announced_dates,other_temple,minor,SRI KAPILESWARA SWAMY TEMPLE TO CELEBRATE PAVITROTSAVAMS FROM JULY 26 TO 28,https://news.tirumala.org/%e0%b0%9c%e0%b1%82%e0%b0%b2%e0%b1%88-26-%e0%b0%a8%e0%b1%81%e0%b0%82%e0%b0%9a%e0%b0%bf-28-%e0%b0%b5%e0%b0%b0%e0%b0%95%e0%b1%81-%e0%b0%b6%e0%b1%8d%e0%b0%b0%e0%b1%80-%e0%b0%95%e0%b0%aa%e0%b0%bf%e0%b0%b2/
2026-07-28,Pavitrotsavam,same_day_report,other_temple,minor,PAVITHROTSAVAMS CONCLUDE WITH MAHA PURNAHUTHI AT SRI KAPILESWARA SWAMY TEMPLE,https://news.tirumala.org/pavithrotsavams-conclude-with-maha-purnahuthi-at-sri-kapileswara-swamy-temple-_-%e0%b0%b6%e0%b1%8d%e0%b0%b0%e0%b1%80-%e0%b0%95%e0%b0%aa%e0%b0%bf%e0%b0%b2%e0%b1%87%e0%b0%b6%e0%b1%8d%e0%b0%b5%e0%b0%b0/
2026-07-29,Garuda Seva,same_day_report,unspecified,minor,POURNAMI GARUDA SEVA HELD,https://news.tirumala.org/%e0%b0%a4%e0%b0%bf%e0%b0%b0%e0%b1%81%e0%b0%ae%e0%b0%b2%e0%b0%b2%e0%b1%8b-%e0%b0%aa%e0%b1%8c%e0%b0%b0%e0%b1%8d%e0%b0%a3%e0%b0%ae%e0%b0%bf-%e0%b0%97%e0%b0%b0%e0%b1%81%e0%b0%a1-%e0%b0%b8%e0%b1%87/
2026-08-07,Pavitrotsavam,same_day_report,other_temple,minor,ANKURARPANAM PERFORMED FOR SRI KODANDARAMA SWAMY PAVITROTSAVAMS,https://news.tirumala.org/ankurarpanam-performed-for-sri-kodandarama-swamy-pavitrotsavams-_-%e0%b0%b6%e0%b1%8d%e0%b0%b0%e0%b1%80-%e0%b0%95%e0%b1%8b%e0%b0%a6%e0%b0%82%e0%b0%a1%e0%b0%b0%e0%b0%be%e0%b0%ae%e0%b0%b8%e0%b1%8d/
2026-08-08,Pavitrotsavam,same_day_report,other_temple,minor,SRI KODANDARAMA SWAMY PAVITROTSAVAMS BEGIN GRANDLY,https://news.tirumala.org/%e0%b0%b5%e0%b1%88%e0%b0%ad%e0%b0%b5%e0%b0%82%e0%b0%97%e0%b0%be-%e0%b0%b6%e0%b1%8d%e0%b0%b0%e0%b1%80-%e0%b0%95%e0%b1%8b%e0%b0%a6%e0%b0%82%e0%b0%a1%e0%b0%b0%e0%b0%be%e0%b0%ae%e0%b0%b8%e0%b1%8d-2/
2026-08-09,Pavitrotsavam,announced_dates,other_temple,minor,TTD TO HOLD SRI KODANDARAMA SWAMY PAVITHROTSAVAM FROM AUGUST 7 TO 10,https://news.tirumala.org/ttd-to-hold-sri-kodandarama-swamy-pavithrotsavam-from-august-7-to-10-_-%e0%b0%86%e0%b0%97%e0%b0%b8%e0%b1%8d%e0%b0%9f%e0%b1%81-7-%e0%b0%a8%e0%b1%81%e0%b0%82%e0%b0%9a%e0%b0%bf-10-%e0%b0%b5%e0%b0%b0/
2026-08-10,Pavitrotsavam,same_day_report,other_temple,minor,SRI KODANDARAMA SWAMY PAVITROTSAVAMS CONCLUDE WITH GRAND PURNAHUTI,https://news.tirumala.org/sri-kodandarama-swamy-pavitrotsavams-conclude-with-grand-purnahuti-_-%e0%b0%aa%e0%b1%82%e0%b0%b0%e0%b1%8d%e0%b0%a3%e0%b0%be%e0%b0%b9%e0%b1%81%e0%b0%a4%e0%b0%bf%e0%b0%a4%e0%b1%8b-%e0%b0%b5%e0%b1%88/
2026-08-15,Independence Day,fixed_national_holiday,national,major,fixed calendar date,
2026-08-23,Pavitrotsavam,announced_dates,tirumala,minor,SRIVARI PAVITROTSAVAMS FROM AUGUST 23 TO 25,https://news.tirumala.org/%e0%b0%86%e0%b0%97%e0%b0%b8%e0%b1%8d%e0%b0%9f%e0%b1%81-23-%e0%b0%a8%e0%b1%81%e0%b0%82%e0%b0%a1%e0%b0%bf-25%e0%b0%b5-%e0%b0%a4%e0%b1%87%e0%b0%a6%e0%b1%80-%e0%b0%b5%e0%b0%b0%e0%b0%95%e0%b1%81-%e0%b0%b6/
2026-08-24,Pavitrotsavam,announced_dates,tirumala,minor,SRIVARI PAVITROTSAVAMS FROM AUGUST 23 TO 25,https://news.tirumala.org/%e0%b0%86%e0%b0%97%e0%b0%b8%e0%b1%8d%e0%b0%9f%e0%b1%81-23-%e0%b0%a8%e0%b1%81%e0%b0%82%e0%b0%a1%e0%b0%bf-25%e0%b0%b5-%e0%b0%a4%e0%b1%87%e0%b0%a6%e0%b1%80-%e0%b0%b5%e0%b0%b0%e0%b0%95%e0%b1%81-%e0%b0%b6/
2026-08-25,Pavitrotsavam,announced_dates,tirumala,minor,SRIVARI PAVITROTSAVAMS FROM AUGUST 23 TO 25,https://news.tirumala.org/%e0%b0%86%e0%b0%97%e0%b0%b8%e0%b1%8d%e0%b0%9f%e0%b1%81-23-%e0%b0%a8%e0%b1%81%e0%b0%82%e0%b0%a1%e0%b0%bf-25%e0%b0%b5-%e0%b0%a4%e0%b1%87%e0%b0%a6%e0%b1%80-%e0%b0%b5%e0%b0%b0%e0%b0%95%e0%b1%81-%e0%b0%b6/
2026-08-25,Teppotsavam,announced_dates,other_temple,minor,SRI VENUGOPALA SWAMY TEPPOTSAVAMS AT KARVETINAGARAM FROM AUGUST 25 TO 27,https://news.tirumala.org/sri-venugopala-swamy-teppotsavams-at-karvetinagaram-from-august-25-to-27-_-%e0%b0%86%e0%b0%97%e0%b0%b8%e0%b1%8d%e0%b0%9f%e0%b1%81-25-%e0%b0%a8%e0%b1%81%e0%b0%82%e0%b0%9a%e0%b0%bf-27-%e0%b0%b5%e0%b0%b0/
2026-08-26,Pavitrotsavam,announced_dates,unspecified,minor,TONDAMAN PURAM SRI VENKATESWARA SWAMY PAVITHROTSAVAMS FROM AUGUST 26 TO 28,https://news.tirumala.org/tondaman-puram-sri-venkateswara-swamy-pavithrotsavams-from-august-26-to-28-_-%e0%b0%86%e0%b0%97%e0%b0%b8%e0%b1%8d%e0%b0%9f%e0%b1%81-26-%e0%b0%a8%e0%b1%81%e0%b0%82%e0%b0%a1%e0%b0%bf-28%e0%b0%b5/
2026-08-26,Teppotsavam,announced_dates,other_temple,minor,SRI VENUGOPALA SWAMY TEPPOTSAVAMS AT KARVETINAGARAM FROM AUGUST 25 TO 27,https://news.tirumala.org/sri-venugopala-swamy-teppotsavams-at-karvetinagaram-from-august-25-to-27-_-%e0%b0%86%e0%b0%97%e0%b0%b8%e0%b1%8d%e0%b0%9f%e0%b1%81-25-%e0%b0%a8%e0%b1%81%e0%b0%82%e0%b0%9a%e0%b0%bf-27-%e0%b0%b5%e0%b0%b0/
2026-08-27,Pavitrotsavam,announced_dates,unspecified,minor,TONDAMAN PURAM SRI VENKATESWARA SWAMY PAVITHROTSAVAMS FROM AUGUST 26 TO 28,https://news.tirumala.org/tondaman-puram-sri-venkateswara-swamy-pavithrotsavams-from-august-26-to-28-_-%e0%b0%86%e0%b0%97%e0%b0%b8%e0%b1%8d%e0%b0%9f%e0%b1%81-26-%e0%b0%a8%e0%b1%81%e0%b0%82%e0%b0%a1%e0%b0%bf-28%e0%b0%b5/
2026-08-27,Teppotsavam,announced_dates,other_temple,minor,SRI VENUGOPALA SWAMY TEPPOTSAVAMS AT KARVETINAGARAM FROM AUGUST 25 TO 27,https://news.tirumala.org/sri-venugopala-swamy-teppotsavams-at-karvetinagaram-from-august-25-to-27-_-%e0%b0%86%e0%b0%97%e0%b0%b8%e0%b1%8d%e0%b0%9f%e0%b1%81-25-%e0%b0%a8%e0%b1%81%e0%b0%82%e0%b0%9a%e0%b0%bf-27-%e0%b0%b5%e0%b0%b0/
2026-08-28,Pavitrotsavam,announced_dates,unspecified,minor,TONDAMAN PURAM SRI VENKATESWARA SWAMY PAVITHROTSAVAMS FROM AUGUST 26 TO 28,https://news.tirumala.org/tondaman-puram-sri-venkateswara-swamy-pavithrotsavams-from-august-26-to-28-_-%e0%b0%86%e0%b0%97%e0%b0%b8%e0%b1%8d%e0%b0%9f%e0%b1%81-26-%e0%b0%a8%e0%b1%81%e0%b0%82%e0%b0%a1%e0%b0%bf-28%e0%b0%b5/
2026-09-15,Srivari Annual Brahmotsavams,announced_dates,tirumala,major,SRIVARI ANNUAL BRAHMOTSAVAMS FROM SEPTEMBER 15 TO 23,https://news.tirumala.org/srivari-annual-brahmotsavams-from-september-15-to-23-_-%e0%b0%b8%e0%b1%86%e0%b0%aa%e0%b1%8d%e0%b0%9f%e0%b1%86%e0%b0%82%e0%b0%ac%e0%b0%b0%e0%b1%8d-15-%e0%b0%a8%e0%b1%81%e0%b0%82%e0%b0%a1%e0%b0%bf-23/
2026-09-16,Srivari Annual Brahmotsavams,announced_dates,tirumala,major,SRIVARI ANNUAL BRAHMOTSAVAMS FROM SEPTEMBER 15 TO 23,https://news.tirumala.org/srivari-annual-brahmotsavams-from-september-15-to-23-_-%e0%b0%b8%e0%b1%86%e0%b0%aa%e0%b1%8d%e0%b0%9f%e0%b1%86%e0%b0%82%e0%b0%ac%e0%b0%b0%e0%b1%8d-15-%e0%b0%a8%e0%b1%81%e0%b0%82%e0%b0%a1%e0%b0%bf-23/
2026-09-17,Srivari Annual Brahmotsavams,announced_dates,tirumala,major,SRIVARI ANNUAL BRAHMOTSAVAMS FROM SEPTEMBER 15 TO 23,https://news.tirumala.org/srivari-annual-brahmotsavams-from-september-15-to-23-_-%e0%b0%b8%e0%b1%86%e0%b0%aa%e0%b1%8d%e0%b0%9f%e0%b1%86%e0%b0%82%e0%b0%ac%e0%b0%b0%e0%b1%8d-15-%e0%b0%a8%e0%b1%81%e0%b0%82%e0%b0%a1%e0%b0%bf-23/
2026-09-18,Srivari Annual Brahmotsavams,announced_dates,tirumala,major,SRIVARI ANNUAL BRAHMOTSAVAMS FROM SEPTEMBER 15 TO 23,https://news.tirumala.org/srivari-annual-brahmotsavams-from-september-15-to-23-_-%e0%b0%b8%e0%b1%86%e0%b0%aa%e0%b1%8d%e0%b0%9f%e0%b1%86%e0%b0%82%e0%b0%ac%e0%b0%b0%e0%b1%8d-15-%e0%b0%a8%e0%b1%81%e0%b0%82%e0%b0%a1%e0%b0%bf-23/
2026-09-19,Srivari Annual Brahmotsavams,announced_dates,tirumala,major,SRIVARI ANNUAL BRAHMOTSAVAMS FROM SEPTEMBER 15 TO 23,https://news.tirumala.org/srivari-annual-brahmotsavams-from-september-15-to-23-_-%e0%b0%b8%e0%b1%86%e0%b0%aa%e0%b1%8d%e0%b0%9f%e0%b1%86%e0%b0%82%e0%b0%ac%e0%b0%b0%e0%b1%8d-15-%e0%b0%a8%e0%b1%81%e0%b0%82%e0%b0%a1%e0%b0%bf-23/
2026-09-20,Srivari Annual Brahmotsavams,announced_dates,tirumala,major,SRIVARI ANNUAL BRAHMOTSAVAMS FROM SEPTEMBER 15 TO 23,https://news.tirumala.org/srivari-annual-brahmotsavams-from-september-15-to-23-_-%e0%b0%b8%e0%b1%86%e0%b0%aa%e0%b1%8d%e0%b0%9f%e0%b1%86%e0%b0%82%e0%b0%ac%e0%b0%b0%e0%b1%8d-15-%e0%b0%a8%e0%b1%81%e0%b0%82%e0%b0%a1%e0%b0%bf-23/
2026-09-21,Srivari Annual Brahmotsavams,announced_dates,tirumala,major,SRIVARI ANNUAL BRAHMOTSAVAMS FROM SEPTEMBER 15 TO 23,https://news.tirumala.org/srivari-annual-brahmotsavams-from-september-15-to-23-_-%e0%b0%b8%e0%b1%86%e0%b0%aa%e0%b1%8d%e0%b0%9f%e0%b1%86%e0%b0%82%e0%b0%ac%e0%b0%b0%e0%b1%8d-15-%e0%b0%a8%e0%b1%81%e0%b0%82%e0%b0%a1%e0%b0%bf-23/
2026-09-22,Srivari Annual Brahmotsavams,announced_dates,tirumala,major,SRIVARI ANNUAL BRAHMOTSAVAMS FROM SEPTEMBER 15 TO 23,https://news.tirumala.org/srivari-annual-brahmotsavams-from-september-15-to-23-_-%e0%b0%b8%e0%b1%86%e0%b0%aa%e0%b1%8d%e0%b0%9f%e0%b1%86%e0%b0%82%e0%b0%ac%e0%b0%b0%e0%b1%8d-15-%e0%b0%a8%e0%b1%81%e0%b0%82%e0%b0%a1%e0%b0%bf-23/
2026-09-23,Srivari Annual Brahmotsavams,announced_dates,tirumala,major,SRIVARI ANNUAL BRAHMOTSAVAMS FROM SEPTEMBER 15 TO 23,https://news.tirumala.org/srivari-annual-brahmotsavams-from-september-15-to-23-_-%e0%b0%b8%e0%b1%86%e0%b0%aa%e0%b1%8d%e0%b0%9f%e0%b1%86%e0%b0%82%e0%b0%ac%e0%b0%b0%e0%b1%8d-15-%e0%b0%a8%e0%b1%81%e0%b0%82%e0%b0%a1%e0%b0%bf-23/
2026-10-02,Gandhi Jayanti,fixed_national_holiday,national,major,fixed calendar date,
2026-12-25,Christmas,fixed_national_holiday,national,major,fixed calendar date,
2027-01-01,New Year's Day,fixed_national_holiday,national,major,fixed calendar date,
2027-01-26,Republic Day,fixed_national_holiday,national,major,fixed calendar date,
2027-08-15,Independence Day,fixed_national_holiday,national,major,fixed calendar date,
2027-10-02,Gandhi Jayanti,fixed_national_holiday,national,major,fixed calendar date,
2027-12-25,Christmas,fixed_national_holiday,national,major,fixed calendar date,
